kind,arm,clock,n_target,shape,quantised,censoring_target,rho,b,check,calibration,variant,alpha,n_replicates,n_used,n_failed,n_failed_tau_only,rejection_rate,mc_se,mean_n_events,mean_n_segments,censoring_realised,mean_n_distinct_durations,mean_induced_lag1,fail_reason
power,D_trp_power_law,in_spec,20,0.75,False,0.0,,0.7,c1_lewis_robinson,asymptotic,,0.05,1000,1000,0,0,0.209,0.012857643641040918,20.578,1.0,0.04634349800722959,20.578,0.02162582345710531,
power,D_trp_power_law,in_spec,20,0.75,False,0.0,,0.7,c1_lewis_robinson,permutation,,0.05,1000,1000,0,0,0.188,0.012355403676124872,20.578,1.0,0.04634349800722959,20.578,0.02162582345710531,
power,D_trp_power_law,in_spec,20,0.75,False,0.0,,0.7,c2_anderson_darling,asymptotic,,0.05,1000,1000,0,0,0.248,0.01365635383255721,20.578,1.0,0.04634349800722959,20.578,0.02162582345710531,
power,D_trp_power_law,in_spec,20,0.75,False,0.0,,0.7,c2_anderson_darling,permutation,,0.05,1000,1000,0,0,0.248,0.01365635383255721,20.578,1.0,0.04634349800722959,20.578,0.02162582345710531,
power,D_trp_power_law,in_spec,20,0.75,False,0.0,,0.7,c5_rank_autocorr,permutation,studentized,0.05,1000,1000,0,0,0.065,0.007795832219846705,20.578,1.0,0.04634349800722959,20.578,0.02162582345710531,
power,D_trp_power_law,in_spec,20,0.75,False,0.0,,0.7,c5_rank_autocorr,permutation,unstudentized,0.05,1000,1000,0,0,0.054,0.007147307185227175,20.578,1.0,0.04634349800722959,20.578,0.02162582345710531,
power,D_trp_power_law,in_spec,20,0.75,False,0.0,,0.7,c6_exchangeability,permutation,,0.05,1000,1000,0,0,0.051,0.00695693898205238,20.578,1.0,0.04634349800722959,20.578,0.02162582345710531,
power,D_trp_power_law,in_spec,20,0.75,False,0.0,,0.7,cvm_cramer_von_mises,asymptotic,,0.05,1000,1000,0,0,0.188,0.012355403676124872,20.578,1.0,0.04634349800722959,20.578,0.02162582345710531,
power,D_trp_power_law,in_spec,20,0.75,False,0.0,,0.7,cvm_cramer_von_mises,permutation,,0.05,1000,1000,0,0,0.177,0.012069424178476784,20.578,1.0,0.04634349800722959,20.578,0.02162582345710531,
power,D_trp_power_law,in_spec,20,0.75,False,0.0,,0.85,c1_lewis_robinson,asymptotic,,0.05,1000,1000,0,0,0.093,0.009184280047995052,20.304,1.0,0.04693954187007135,20.304,-0.03319603277093932,
power,D_trp_power_law,in_spec,20,0.75,False,0.0,,0.85,c1_lewis_robinson,permutation,,0.05,1000,1000,0,0,0.071,0.008121514637061242,20.304,1.0,0.04693954187007135,20.304,-0.03319603277093932,
power,D_trp_power_law,in_spec,20,0.75,False,0.0,,0.85,c2_anderson_darling,asymptotic,,0.05,1000,1000,0,0,0.099,0.009444522221901964,20.304,1.0,0.04693954187007135,20.304,-0.03319603277093932,
power,D_trp_power_law,in_spec,20,0.75,False,0.0,,0.85,c2_anderson_darling,permutation,,0.05,1000,1000,0,0,0.08,0.008579044235810887,20.304,1.0,0.04693954187007135,20.304,-0.03319603277093932,
power,D_trp_power_law,in_spec,20,0.75,False,0.0,,0.85,c5_rank_autocorr,permutation,studentized,0.05,1000,1000,0,0,0.045,0.0065555320150236475,20.304,1.0,0.04693954187007135,20.304,-0.03319603277093932,
power,D_trp_power_law,in_spec,20,0.75,False,0.0,,0.85,c5_rank_autocorr,permutation,unstudentized,0.05,1000,1000,0,0,0.044,0.006485676526007136,20.304,1.0,0.04693954187007135,20.304,-0.03319603277093932,
power,D_trp_power_law,in_spec,20,0.75,False,0.0,,0.85,c6_exchangeability,permutation,,0.05,1000,1000,0,0,0.053,0.00708456067798138,20.304,1.0,0.04693954187007135,20.304,-0.03319603277093932,
power,D_trp_power_law,in_spec,20,0.75,False,0.0,,0.85,cvm_cramer_von_mises,asymptotic,,0.05,1000,1000,0,0,0.081,0.008627803892068943,20.304,1.0,0.04693954187007135,20.304,-0.03319603277093932,
power,D_trp_power_law,in_spec,20,0.75,False,0.0,,0.85,cvm_cramer_von_mises,permutation,,0.05,1000,1000,0,0,0.063,0.007683163410991596,20.304,1.0,0.04693954187007135,20.304,-0.03319603277093932,
power,D_trp_power_law,in_spec,20,0.75,False,0.0,,1.2,c1_lewis_robinson,asymptotic,,0.05,1000,1000,0,0,0.069,0.008014923580421713,20.531,1.0,0.04644466118619665,20.531,-0.05848642822374843,
power,D_trp_power_law,in_spec,20,0.75,False,0.0,,1.2,c1_lewis_robinson,permutation,,0.05,1000,1000,0,0,0.077,0.00843036179532053,20.531,1.0,0.04644466118619665,20.531,-0.05848642822374843,
power,D_trp_power_law,in_spec,20,0.75,False,0.0,,1.2,c2_anderson_darling,asymptotic,,0.05,1000,1000,0,0,0.059,0.007451107300260815,20.531,1.0,0.04644466118619665,20.531,-0.05848642822374843,
power,D_trp_power_law,in_spec,20,0.75,False,0.0,,1.2,c2_anderson_darling,permutation,,0.05,1000,1000,0,0,0.071,0.008121514637061242,20.531,1.0,0.04644466118619665,20.531,-0.05848642822374843,
power,D_trp_power_law,in_spec,20,0.75,False,0.0,,1.2,c5_rank_autocorr,permutation,studentized,0.05,1000,1000,0,0,0.042,0.0063431853196954605,20.531,1.0,0.04644466118619665,20.531,-0.05848642822374843,
power,D_trp_power_law,in_spec,20,0.75,False,0.0,,1.2,c5_rank_autocorr,permutation,unstudentized,0.05,1000,1000,0,0,0.044,0.006485676526007136,20.531,1.0,0.04644466118619665,20.531,-0.05848642822374843,
power,D_trp_power_law,in_spec,20,0.75,False,0.0,,1.2,c6_exchangeability,permutation,,0.05,1000,1000,0,0,0.049,0.006826346021115542,20.531,1.0,0.04644466118619665,20.531,-0.05848642822374843,
power,D_trp_power_law,in_spec,20,0.75,False,0.0,,1.2,cvm_cramer_von_mises,asymptotic,,0.05,1000,1000,0,0,0.065,0.007795832219846705,20.531,1.0,0.04644466118619665,20.531,-0.05848642822374843,
power,D_trp_power_law,in_spec,20,0.75,False,0.0,,1.2,cvm_cramer_von_mises,permutation,,0.05,1000,1000,0,0,0.082,0.008676174272108648,20.531,1.0,0.04644466118619665,20.531,-0.05848642822374843,
power,D_trp_power_law,in_spec,20,0.75,False,0.0,,1.5,c1_lewis_robinson,asymptotic,,0.05,1000,998,2,0,0.17935871743486975,0.012144304681098997,20.334669338677354,1.0,0.046872064625211346,20.334669338677354,-0.009592072282330484,ValueError: no usable lag: segment sizes [2] give fewer than 2 within-segment pairs even at lag 1. A record of very short segments carries no ordering informati
power,D_trp_power_law,in_spec,20,0.75,False,0.0,,1.5,c1_lewis_robinson,permutation,,0.05,1000,998,2,0,0.18937875751503006,0.012402503291387559,20.334669338677354,1.0,0.046872064625211346,20.334669338677354,-0.009592072282330484,ValueError: no usable lag: segment sizes [2] give fewer than 2 within-segment pairs even at lag 1. A record of very short segments carries no ordering informati
power,D_trp_power_law,in_spec,20,0.75,False,0.0,,1.5,c2_anderson_darling,asymptotic,,0.05,1000,998,2,0,0.14428857715430862,0.011122806178823628,20.334669338677354,1.0,0.046872064625211346,20.334669338677354,-0.009592072282330484,ValueError: no usable lag: segment sizes [2] give fewer than 2 within-segment pairs even at lag 1. A record of very short segments carries no ordering informati
power,D_trp_power_law,in_spec,20,0.75,False,0.0,,1.5,c2_anderson_darling,permutation,,0.05,1000,998,2,0,0.16733466933867736,0.011815794674229914,20.334669338677354,1.0,0.046872064625211346,20.334669338677354,-0.009592072282330484,ValueError: no usable lag: segment sizes [2] give fewer than 2 within-segment pairs even at lag 1. A record of very short segments carries no ordering informati
power,D_trp_power_law,in_spec,20,0.75,False,0.0,,1.5,c5_rank_autocorr,permutation,studentized,0.05,1000,998,2,0,0.04408817635270541,0.006498374165295696,20.334669338677354,1.0,0.046872064625211346,20.334669338677354,-0.009592072282330484,ValueError: no usable lag: segment sizes [2] give fewer than 2 within-segment pairs even at lag 1. A record of very short segments carries no ordering informati
power,D_trp_power_law,in_spec,20,0.75,False,0.0,,1.5,c5_rank_autocorr,permutation,unstudentized,0.05,1000,998,2,0,0.03907815631262525,0.006134028580393267,20.334669338677354,1.0,0.046872064625211346,20.334669338677354,-0.009592072282330484,ValueError: no usable lag: segment sizes [2] give fewer than 2 within-segment pairs even at lag 1. A record of very short segments carries no ordering informati
power,D_trp_power_law,in_spec,20,0.75,False,0.0,,1.5,c6_exchangeability,permutation,,0.05,1000,998,2,0,0.04008016032064128,0.00620893249720293,20.334669338677354,1.0,0.046872064625211346,20.334669338677354,-0.009592072282330484,ValueError: no usable lag: segment sizes [2] give fewer than 2 within-segment pairs even at lag 1. A record of very short segments carries no ordering informati
power,D_trp_power_law,in_spec,20,0.75,False,0.0,,1.5,cvm_cramer_von_mises,asymptotic,,0.05,1000,998,2,0,0.1492985971943888,0.011281092685308702,20.334669338677354,1.0,0.046872064625211346,20.334669338677354,-0.009592072282330484,ValueError: no usable lag: segment sizes [2] give fewer than 2 within-segment pairs even at lag 1. A record of very short segments carries no ordering informati
power,D_trp_power_law,in_spec,20,0.75,False,0.0,,1.5,cvm_cramer_von_mises,permutation,,0.05,1000,998,2,0,0.19138276553106212,0.01245253121481961,20.334669338677354,1.0,0.046872064625211346,20.334669338677354,-0.009592072282330484,ValueError: no usable lag: segment sizes [2] give fewer than 2 within-segment pairs even at lag 1. A record of very short segments carries no ordering informati
power,E_copula_ar1_durations,in_spec,20,0.75,False,0.0,0.05,,c1_lewis_robinson,asymptotic,,0.05,1000,1000,0,0,0.06,0.007509993342207435,20.517,1.0,0.04647488032718316,20.517,-0.00829756647080283,
power,E_copula_ar1_durations,in_spec,20,0.75,False,0.0,0.05,,c1_lewis_robinson,permutation,,0.05,1000,1000,0,0,0.056,0.007270763371201128,20.517,1.0,0.04647488032718316,20.517,-0.00829756647080283,
power,E_copula_ar1_durations,in_spec,20,0.75,False,0.0,0.05,,c2_anderson_darling,asymptotic,,0.05,1000,1000,0,0,0.066,0.007851369307324678,20.517,1.0,0.04647488032718316,20.517,-0.00829756647080283,
power,E_copula_ar1_durations,in_spec,20,0.75,False,0.0,0.05,,c2_anderson_darling,permutation,,0.05,1000,1000,0,0,0.056,0.007270763371201128,20.517,1.0,0.04647488032718316,20.517,-0.00829756647080283,
power,E_copula_ar1_durations,in_spec,20,0.75,False,0.0,0.05,,c5_rank_autocorr,permutation,studentized,0.05,1000,1000,0,0,0.047,0.006692607862410586,20.517,1.0,0.04647488032718316,20.517,-0.00829756647080283,
power,E_copula_ar1_durations,in_spec,20,0.75,False,0.0,0.05,,c5_rank_autocorr,permutation,unstudentized,0.05,1000,1000,0,0,0.044,0.006485676526007136,20.517,1.0,0.04647488032718316,20.517,-0.00829756647080283,
power,E_copula_ar1_durations,in_spec,20,0.75,False,0.0,0.05,,c6_exchangeability,permutation,,0.05,1000,1000,0,0,0.048,0.006759881655768835,20.517,1.0,0.04647488032718316,20.517,-0.00829756647080283,
power,E_copula_ar1_durations,in_spec,20,0.75,False,0.0,0.05,,cvm_cramer_von_mises,asymptotic,,0.05,1000,1000,0,0,0.06,0.007509993342207435,20.517,1.0,0.04647488032718316,20.517,-0.00829756647080283,
power,E_copula_ar1_durations,in_spec,20,0.75,False,0.0,0.05,,cvm_cramer_von_mises,permutation,,0.05,1000,1000,0,0,0.058,0.007391616873188166,20.517,1.0,0.04647488032718316,20.517,-0.00829756647080283,
power,E_copula_ar1_durations,in_spec,20,0.75,False,0.0,0.1,,c1_lewis_robinson,asymptotic,,0.05,1000,999,1,0,0.08108108108108109,0.008636059338187582,20.85185185185185,1.0,0.04576271186440678,20.85185185185185,0.027951487552414323,ValueError: no usable lag: segment sizes [2] give fewer than 2 within-segment pairs even at lag 1. A record of very short segments carries no ordering informati
power,E_copula_ar1_durations,in_spec,20,0.75,False,0.0,0.1,,c1_lewis_robinson,permutation,,0.05,1000,999,1,0,0.06606606606606606,0.007858950571463404,20.85185185185185,1.0,0.04576271186440678,20.85185185185185,0.027951487552414323,ValueError: no usable lag: segment sizes [2] give fewer than 2 within-segment pairs even at lag 1. A record of very short segments carries no ordering informati
power,E_copula_ar1_durations,in_spec,20,0.75,False,0.0,0.1,,c2_anderson_darling,asymptotic,,0.05,1000,999,1,0,0.08108108108108109,0.008636059338187582,20.85185185185185,1.0,0.04576271186440678,20.85185185185185,0.027951487552414323,ValueError: no usable lag: segment sizes [2] give fewer than 2 within-segment pairs even at lag 1. A record of very short segments carries no ordering informati
power,E_copula_ar1_durations,in_spec,20,0.75,False,0.0,0.1,,c2_anderson_darling,permutation,,0.05,1000,999,1,0,0.06606606606606606,0.007858950571463404,20.85185185185185,1.0,0.04576271186440678,20.85185185185185,0.027951487552414323,ValueError: no usable lag: segment sizes [2] give fewer than 2 within-segment pairs even at lag 1. A record of very short segments carries no ordering informati
power,E_copula_ar1_durations,in_spec,20,0.75,False,0.0,0.1,,c5_rank_autocorr,permutation,studentized,0.05,1000,999,1,0,0.05005005005005005,0.006898741564605297,20.85185185185185,1.0,0.04576271186440678,20.85185185185185,0.027951487552414323,ValueError: no usable lag: segment sizes [2] give fewer than 2 within-segment pairs even at lag 1. A record of very short segments carries no ordering informati
power,E_copula_ar1_durations,in_spec,20,0.75,False,0.0,0.1,,c5_rank_autocorr,permutation,unstudentized,0.05,1000,999,1,0,0.04104104104104104,0.006276628877141773,20.85185185185185,1.0,0.04576271186440678,20.85185185185185,0.027951487552414323,ValueError: no usable lag: segment sizes [2] give fewer than 2 within-segment pairs even at lag 1. A record of very short segments carries no ordering informati
power,E_copula_ar1_durations,in_spec,20,0.75,False,0.0,0.1,,c6_exchangeability,permutation,,0.05,1000,999,1,0,0.042042042042042045,0.006349395527650153,20.85185185185185,1.0,0.04576271186440678,20.85185185185185,0.027951487552414323,ValueError: no usable lag: segment sizes [2] give fewer than 2 within-segment pairs even at lag 1. A record of very short segments carries no ordering informati
power,E_copula_ar1_durations,in_spec,20,0.75,False,0.0,0.1,,cvm_cramer_von_mises,asymptotic,,0.05,1000,999,1,0,0.07507507507507508,0.008337164775512173,20.85185185185185,1.0,0.04576271186440678,20.85185185185185,0.027951487552414323,ValueError: no usable lag: segment sizes [2] give fewer than 2 within-segment pairs even at lag 1. A record of very short segments carries no ordering informati
power,E_copula_ar1_durations,in_spec,20,0.75,False,0.0,0.1,,cvm_cramer_von_mises,permutation,,0.05,1000,999,1,0,0.07207207207207207,0.008181970003149764,20.85185185185185,1.0,0.04576271186440678,20.85185185185185,0.027951487552414323,ValueError: no usable lag: segment sizes [2] give fewer than 2 within-segment pairs even at lag 1. A record of very short segments carries no ordering informati
power,E_copula_ar1_durations,in_spec,20,0.75,False,0.0,0.15,,c1_lewis_robinson,asymptotic,,0.05,1000,1000,0,0,0.09,0.009049861877399014,20.912,1.0,0.045637093829864916,20.912,0.050919653418944576,
power,E_copula_ar1_durations,in_spec,20,0.75,False,0.0,0.15,,c1_lewis_robinson,permutation,,0.05,1000,1000,0,0,0.076,0.008379976133617566,20.912,1.0,0.045637093829864916,20.912,0.050919653418944576,
power,E_copula_ar1_durations,in_spec,20,0.75,False,0.0,0.15,,c2_anderson_darling,asymptotic,,0.05,1000,1000,0,0,0.093,0.009184280047995052,20.912,1.0,0.045637093829864916,20.912,0.050919653418944576,
power,E_copula_ar1_durations,in_spec,20,0.75,False,0.0,0.15,,c2_anderson_darling,permutation,,0.05,1000,1000,0,0,0.086,0.008865889690267977,20.912,1.0,0.045637093829864916,20.912,0.050919653418944576,
power,E_copula_ar1_durations,in_spec,20,0.75,False,0.0,0.15,,c5_rank_autocorr,permutation,studentized,0.05,1000,1000,0,0,0.06,0.007509993342207435,20.912,1.0,0.045637093829864916,20.912,0.050919653418944576,
power,E_copula_ar1_durations,in_spec,20,0.75,False,0.0,0.15,,c5_rank_autocorr,permutation,unstudentized,0.05,1000,1000,0,0,0.053,0.00708456067798138,20.912,1.0,0.045637093829864916,20.912,0.050919653418944576,
power,E_copula_ar1_durations,in_spec,20,0.75,False,0.0,0.15,,c6_exchangeability,permutation,,0.05,1000,1000,0,0,0.057,0.007331507348424334,20.912,1.0,0.045637093829864916,20.912,0.050919653418944576,
power,E_copula_ar1_durations,in_spec,20,0.75,False,0.0,0.15,,cvm_cramer_von_mises,asymptotic,,0.05,1000,1000,0,0,0.088,0.008958571314668427,20.912,1.0,0.045637093829864916,20.912,0.050919653418944576,
power,E_copula_ar1_durations,in_spec,20,0.75,False,0.0,0.15,,cvm_cramer_von_mises,permutation,,0.05,1000,1000,0,0,0.087,0.00891240708226459,20.912,1.0,0.045637093829864916,20.912,0.050919653418944576,
power,E_copula_ar1_durations,in_spec,20,0.75,False,0.0,0.2,,c1_lewis_robinson,asymptotic,,0.05,1000,999,1,0,0.1031031031031031,0.009621092383522063,20.65865865865866,1.0,0.04617091093959421,20.65865865865866,0.09480440954006189,ValueError: no usable lag: segment sizes [2] give fewer than 2 within-segment pairs even at lag 1. A record of very short segments carries no ordering informati
power,E_copula_ar1_durations,in_spec,20,0.75,False,0.0,0.2,,c1_lewis_robinson,permutation,,0.05,1000,999,1,0,0.0920920920920921,0.0091484880444636,20.65865865865866,1.0,0.04617091093959421,20.65865865865866,0.09480440954006189,ValueError: no usable lag: segment sizes [2] give fewer than 2 within-segment pairs even at lag 1. A record of very short segments carries no ordering informati
power,E_copula_ar1_durations,in_spec,20,0.75,False,0.0,0.2,,c2_anderson_darling,asymptotic,,0.05,1000,999,1,0,0.11011011011011011,0.009903734533970957,20.65865865865866,1.0,0.04617091093959421,20.65865865865866,0.09480440954006189,ValueError: no usable lag: segment sizes [2] give fewer than 2 within-segment pairs even at lag 1. A record of very short segments carries no ordering informati
power,E_copula_ar1_durations,in_spec,20,0.75,False,0.0,0.2,,c2_anderson_darling,permutation,,0.05,1000,999,1,0,0.1061061061061061,0.009743846411761726,20.65865865865866,1.0,0.04617091093959421,20.65865865865866,0.09480440954006189,ValueError: no usable lag: segment sizes [2] give fewer than 2 within-segment pairs even at lag 1. A record of very short segments carries no ordering informati
power,E_copula_ar1_durations,in_spec,20,0.75,False,0.0,0.2,,c5_rank_autocorr,permutation,studentized,0.05,1000,999,1,0,0.08108108108108109,0.008636059338187582,20.65865865865866,1.0,0.04617091093959421,20.65865865865866,0.09480440954006189,ValueError: no usable lag: segment sizes [2] give fewer than 2 within-segment pairs even at lag 1. A record of very short segments carries no ordering informati
power,E_copula_ar1_durations,in_spec,20,0.75,False,0.0,0.2,,c5_rank_autocorr,permutation,unstudentized,0.05,1000,999,1,0,0.06106106106106106,0.007575618646753509,20.65865865865866,1.0,0.04617091093959421,20.65865865865866,0.09480440954006189,ValueError: no usable lag: segment sizes [2] give fewer than 2 within-segment pairs even at lag 1. A record of very short segments carries no ordering informati
power,E_copula_ar1_durations,in_spec,20,0.75,False,0.0,0.2,,c6_exchangeability,permutation,,0.05,1000,999,1,0,0.06406406406406406,0.007747249811339432,20.65865865865866,1.0,0.04617091093959421,20.65865865865866,0.09480440954006189,ValueError: no usable lag: segment sizes [2] give fewer than 2 within-segment pairs even at lag 1. A record of very short segments carries no ordering informati
power,E_copula_ar1_durations,in_spec,20,0.75,False,0.0,0.2,,cvm_cramer_von_mises,asymptotic,,0.05,1000,999,1,0,0.09109109109109109,0.009103646554843896,20.65865865865866,1.0,0.04617091093959421,20.65865865865866,0.09480440954006189,ValueError: no usable lag: segment sizes [2] give fewer than 2 within-segment pairs even at lag 1. A record of very short segments carries no ordering informati
power,E_copula_ar1_durations,in_spec,20,0.75,False,0.0,0.2,,cvm_cramer_von_mises,permutation,,0.05,1000,999,1,0,0.1021021021021021,0.00957961543488643,20.65865865865866,1.0,0.04617091093959421,20.65865865865866,0.09480440954006189,ValueError: no usable lag: segment sizes [2] give fewer than 2 within-segment pairs even at lag 1. A record of very short segments carries no ordering informati
power,E_copula_ar1_durations,in_spec,20,0.75,False,0.0,0.3,,c1_lewis_robinson,asymptotic,,0.05,1000,997,3,0,0.12236710130391174,0.010378658075721938,20.81444332998997,1.0,0.04584118810060232,20.81444332998997,0.16925851262093852,"ValueError: no segment reached 2 events at n=20, censoring=0.0"
power,E_copula_ar1_durations,in_spec,20,0.75,False,0.0,0.3,,c1_lewis_robinson,permutation,,0.05,1000,997,3,0,0.12738214643931794,0.010558901762357268,20.81444332998997,1.0,0.04584118810060232,20.81444332998997,0.16925851262093852,"ValueError: no segment reached 2 events at n=20, censoring=0.0"
power,E_copula_ar1_durations,in_spec,20,0.75,False,0.0,0.3,,c2_anderson_darling,asymptotic,,0.05,1000,997,3,0,0.14543630892678033,0.011165059993861836,20.81444332998997,1.0,0.04584118810060232,20.81444332998997,0.16925851262093852,"ValueError: no segment reached 2 events at n=20, censoring=0.0"
power,E_copula_ar1_durations,in_spec,20,0.75,False,0.0,0.3,,c2_anderson_darling,permutation,,0.05,1000,997,3,0,0.1464393179538616,0.011196917298168076,20.81444332998997,1.0,0.04584118810060232,20.81444332998997,0.16925851262093852,"ValueError: no segment reached 2 events at n=20, censoring=0.0"
power,E_copula_ar1_durations,in_spec,20,0.75,False,0.0,0.3,,c5_rank_autocorr,permutation,studentized,0.05,1000,997,3,0,0.10330992978936811,0.009639280855047819,20.81444332998997,1.0,0.04584118810060232,20.81444332998997,0.16925851262093852,"ValueError: no segment reached 2 events at n=20, censoring=0.0"
power,E_copula_ar1_durations,in_spec,20,0.75,False,0.0,0.3,,c5_rank_autocorr,permutation,unstudentized,0.05,1000,997,3,0,0.07723169508525576,0.008454667620506057,20.81444332998997,1.0,0.04584118810060232,20.81444332998997,0.16925851262093852,"ValueError: no segment reached 2 events at n=20, censoring=0.0"
power,E_copula_ar1_durations,in_spec,20,0.75,False,0.0,0.3,,c6_exchangeability,permutation,,0.05,1000,997,3,0,0.09027081243731194,0.009075742402674213,20.81444332998997,1.0,0.04584118810060232,20.81444332998997,0.16925851262093852,"ValueError: no segment reached 2 events at n=20, censoring=0.0"
power,E_copula_ar1_durations,in_spec,20,0.75,False,0.0,0.3,,cvm_cramer_von_mises,asymptotic,,0.05,1000,997,3,0,0.1283851554663992,0.010594296800465653,20.81444332998997,1.0,0.04584118810060232,20.81444332998997,0.16925851262093852,"ValueError: no segment reached 2 events at n=20, censoring=0.0"
power,E_copula_ar1_durations,in_spec,20,0.75,False,0.0,0.3,,cvm_cramer_von_mises,permutation,,0.05,1000,997,3,0,0.13941825476429287,0.010970042410777378,20.81444332998997,1.0,0.04584118810060232,20.81444332998997,0.16925851262093852,"ValueError: no segment reached 2 events at n=20, censoring=0.0"
power,E_copula_ar1_durations,in_spec,20,0.75,False,0.0,0.5,,c1_lewis_robinson,asymptotic,,0.05,1000,998,2,0,0.17635270541082165,0.012064141732281613,21.839679358717436,1.0,0.0437834517855576,21.839679358717436,0.3136590338113527,ValueError: no usable lag: segment sizes [2] give fewer than 2 within-segment pairs even at lag 1. A record of very short segments carries no ordering informati
power,E_copula_ar1_durations,in_spec,20,0.75,False,0.0,0.5,,c1_lewis_robinson,permutation,,0.05,1000,998,2,0,0.1743486973947896,0.0120099837022615,21.839679358717436,1.0,0.0437834517855576,21.839679358717436,0.3136590338113527,ValueError: no usable lag: segment sizes [2] give fewer than 2 within-segment pairs even at lag 1. A record of very short segments carries no ordering informati
power,E_copula_ar1_durations,in_spec,20,0.75,False,0.0,0.5,,c2_anderson_darling,asymptotic,,0.05,1000,998,2,0,0.22244488977955912,0.013164717252991853,21.839679358717436,1.0,0.0437834517855576,21.839679358717436,0.3136590338113527,ValueError: no usable lag: segment sizes [2] give fewer than 2 within-segment pairs even at lag 1. A record of very short segments carries no ordering informati
power,E_copula_ar1_durations,in_spec,20,0.75,False,0.0,0.5,,c2_anderson_darling,permutation,,0.05,1000,998,2,0,0.22244488977955912,0.013164717252991853,21.839679358717436,1.0,0.0437834517855576,21.839679358717436,0.3136590338113527,ValueError: no usable lag: segment sizes [2] give fewer than 2 within-segment pairs even at lag 1. A record of very short segments carries no ordering informati
power,E_copula_ar1_durations,in_spec,20,0.75,False,0.0,0.5,,c5_rank_autocorr,permutation,studentized,0.05,1000,998,2,0,0.3166332665330661,0.0147244783126883,21.839679358717436,1.0,0.0437834517855576,21.839679358717436,0.3136590338113527,ValueError: no usable lag: segment sizes [2] give fewer than 2 within-segment pairs even at lag 1. A record of very short segments carries no ordering informati
power,E_copula_ar1_durations,in_spec,20,0.75,False,0.0,0.5,,c5_rank_autocorr,permutation,unstudentized,0.05,1000,998,2,0,0.24048096192384769,0.013528336951650169,21.839679358717436,1.0,0.0437834517855576,21.839679358717436,0.3136590338113527,ValueError: no usable lag: segment sizes [2] give fewer than 2 within-segment pairs even at lag 1. A record of very short segments carries no ordering informati
power,E_copula_ar1_durations,in_spec,20,0.75,False,0.0,0.5,,c6_exchangeability,permutation,,0.05,1000,998,2,0,0.2605210420841683,0.013893736017233827,21.839679358717436,1.0,0.0437834517855576,21.839679358717436,0.3136590338113527,ValueError: no usable lag: segment sizes [2] give fewer than 2 within-segment pairs even at lag 1. A record of very short segments carries no ordering informati
power,E_copula_ar1_durations,in_spec,20,0.75,False,0.0,0.5,,cvm_cramer_von_mises,asymptotic,,0.05,1000,998,2,0,0.19939879759519039,0.01264748333789562,21.839679358717436,1.0,0.0437834517855576,21.839679358717436,0.3136590338113527,ValueError: no usable lag: segment sizes [2] give fewer than 2 within-segment pairs even at lag 1. A record of very short segments carries no ordering informati
power,E_copula_ar1_durations,in_spec,20,0.75,False,0.0,0.5,,cvm_cramer_von_mises,permutation,,0.05,1000,998,2,0,0.21442885771543085,0.012991793413014974,21.839679358717436,1.0,0.0437834517855576,21.839679358717436,0.3136590338113527,ValueError: no usable lag: segment sizes [2] give fewer than 2 within-segment pairs even at lag 1. A record of very short segments carries no ordering informati
power,D_trp_power_law,in_spec,20,1.5,False,0.0,,0.7,c1_lewis_robinson,asymptotic,,0.05,1000,1000,0,0,0.385,0.015387494922826133,19.595,1.0,0.048555474629764506,19.595,0.10587720772695912,
power,D_trp_power_law,in_spec,20,1.5,False,0.0,,0.7,c1_lewis_robinson,permutation,,0.05,1000,1000,0,0,0.38,0.015349267083479915,19.595,1.0,0.048555474629764506,19.595,0.10587720772695912,
power,D_trp_power_law,in_spec,20,1.5,False,0.0,,0.7,c2_anderson_darling,asymptotic,,0.05,1000,1000,0,0,0.431,0.015660108556456432,19.595,1.0,0.048555474629764506,19.595,0.10587720772695912,
power,D_trp_power_law,in_spec,20,1.5,False,0.0,,0.7,c2_anderson_darling,permutation,,0.05,1000,1000,0,0,0.413,0.0155701958882989,19.595,1.0,0.048555474629764506,19.595,0.10587720772695912,
power,D_trp_power_law,in_spec,20,1.5,False,0.0,,0.7,c5_rank_autocorr,permutation,studentized,0.05,1000,1000,0,0,0.088,0.008958571314668427,19.595,1.0,0.048555474629764506,19.595,0.10587720772695912,
power,D_trp_power_law,in_spec,20,1.5,False,0.0,,0.7,c5_rank_autocorr,permutation,unstudentized,0.05,1000,1000,0,0,0.052,0.007021111023192838,19.595,1.0,0.048555474629764506,19.595,0.10587720772695912,
power,D_trp_power_law,in_spec,20,1.5,False,0.0,,0.7,c6_exchangeability,permutation,,0.05,1000,1000,0,0,0.067,0.007906389820898032,19.595,1.0,0.048555474629764506,19.595,0.10587720772695912,
power,D_trp_power_law,in_spec,20,1.5,False,0.0,,0.7,cvm_cramer_von_mises,asymptotic,,0.05,1000,1000,0,0,0.348,0.015063067416698366,19.595,1.0,0.048555474629764506,19.595,0.10587720772695912,
power,D_trp_power_law,in_spec,20,1.5,False,0.0,,0.7,cvm_cramer_von_mises,permutation,,0.05,1000,1000,0,0,0.351,0.015093011627902497,19.595,1.0,0.048555474629764506,19.595,0.10587720772695912,
power,D_trp_power_law,in_spec,20,1.5,False,0.0,,0.85,c1_lewis_robinson,asymptotic,,0.05,1000,1000,0,0,0.139,0.010939789760319894,19.77,1.0,0.04814636494944632,19.77,-0.006678278763529952,
power,D_trp_power_law,in_spec,20,1.5,False,0.0,,0.85,c1_lewis_robinson,permutation,,0.05,1000,1000,0,0,0.127,0.010529529904036551,19.77,1.0,0.04814636494944632,19.77,-0.006678278763529952,
power,D_trp_power_law,in_spec,20,1.5,False,0.0,,0.85,c2_anderson_darling,asymptotic,,0.05,1000,1000,0,0,0.148,0.011229247525992114,19.77,1.0,0.04814636494944632,19.77,-0.006678278763529952,
power,D_trp_power_law,in_spec,20,1.5,False,0.0,,0.85,c2_anderson_darling,permutation,,0.05,1000,1000,0,0,0.131,0.010669536072388528,19.77,1.0,0.04814636494944632,19.77,-0.006678278763529952,
power,D_trp_power_law,in_spec,20,1.5,False,0.0,,0.85,c5_rank_autocorr,permutation,studentized,0.05,1000,1000,0,0,0.061,0.0075682891065286355,19.77,1.0,0.04814636494944632,19.77,-0.006678278763529952,
power,D_trp_power_law,in_spec,20,1.5,False,0.0,,0.85,c5_rank_autocorr,permutation,unstudentized,0.05,1000,1000,0,0,0.038,0.006046155803483731,19.77,1.0,0.04814636494944632,19.77,-0.006678278763529952,
power,D_trp_power_law,in_spec,20,1.5,False,0.0,,0.85,c6_exchangeability,permutation,,0.05,1000,1000,0,0,0.045,0.0065555320150236475,19.77,1.0,0.04814636494944632,19.77,-0.006678278763529952,
power,D_trp_power_law,in_spec,20,1.5,False,0.0,,0.85,cvm_cramer_von_mises,asymptotic,,0.05,1000,1000,0,0,0.134,0.010772372069326236,19.77,1.0,0.04814636494944632,19.77,-0.006678278763529952,
power,D_trp_power_law,in_spec,20,1.5,False,0.0,,0.85,cvm_cramer_von_mises,permutation,,0.05,1000,1000,0,0,0.124,0.010422283818818216,19.77,1.0,0.04814636494944632,19.77,-0.006678278763529952,
power,D_trp_power_law,in_spec,20,1.5,False,0.0,,1.2,c1_lewis_robinson,asymptotic,,0.05,1000,1000,0,0,0.211,0.012902674141432851,19.896,1.0,0.04785604900459418,19.896,-0.017384413889264597,
power,D_trp_power_law,in_spec,20,1.5,False,0.0,,1.2,c1_lewis_robinson,permutation,,0.05,1000,1000,0,0,0.188,0.012355403676124872,19.896,1.0,0.04785604900459418,19.896,-0.017384413889264597,
power,D_trp_power_law,in_spec,20,1.5,False,0.0,,1.2,c2_anderson_darling,asymptotic,,0.05,1000,1000,0,0,0.205,0.0127661662216971,19.896,1.0,0.04785604900459418,19.896,-0.017384413889264597,
power,D_trp_power_law,in_spec,20,1.5,False,0.0,,1.2,c2_anderson_darling,permutation,,0.05,1000,1000,0,0,0.183,0.012227469075814503,19.896,1.0,0.04785604900459418,19.896,-0.017384413889264597,
power,D_trp_power_law,in_spec,20,1.5,False,0.0,,1.2,c5_rank_autocorr,permutation,studentized,0.05,1000,1000,0,0,0.051,0.00695693898205238,19.896,1.0,0.04785604900459418,19.896,-0.017384413889264597,
power,D_trp_power_law,in_spec,20,1.5,False,0.0,,1.2,c5_rank_autocorr,permutation,unstudentized,0.05,1000,1000,0,0,0.051,0.00695693898205238,19.896,1.0,0.04785604900459418,19.896,-0.017384413889264597,
power,D_trp_power_law,in_spec,20,1.5,False,0.0,,1.2,c6_exchangeability,permutation,,0.05,1000,1000,0,0,0.049,0.006826346021115542,19.896,1.0,0.04785604900459418,19.896,-0.017384413889264597,
power,D_trp_power_law,in_spec,20,1.5,False,0.0,,1.2,cvm_cramer_von_mises,asymptotic,,0.05,1000,1000,0,0,0.192,0.012455360291858283,19.896,1.0,0.04785604900459418,19.896,-0.017384413889264597,
power,D_trp_power_law,in_spec,20,1.5,False,0.0,,1.2,cvm_cramer_von_mises,permutation,,0.05,1000,1000,0,0,0.181,0.0121753439376471,19.896,1.0,0.04785604900459418,19.896,-0.017384413889264597,
power,D_trp_power_law,in_spec,20,1.5,False,0.0,,1.5,c1_lewis_robinson,asymptotic,,0.05,1000,1000,0,0,0.6,0.015491933384829668,19.717,1.0,0.04826953709513926,19.717,0.05552696775625978,
power,D_trp_power_law,in_spec,20,1.5,False,0.0,,1.5,c1_lewis_robinson,permutation,,0.05,1000,1000,0,0,0.595,0.015523369479594306,19.717,1.0,0.04826953709513926,19.717,0.05552696775625978,
power,D_trp_power_law,in_spec,20,1.5,False,0.0,,1.5,c2_anderson_darling,asymptotic,,0.05,1000,1000,0,0,0.575,0.015632498200863484,19.717,1.0,0.04826953709513926,19.717,0.05552696775625978,
power,D_trp_power_law,in_spec,20,1.5,False,0.0,,1.5,c2_anderson_darling,permutation,,0.05,1000,1000,0,0,0.588,0.01556457516284977,19.717,1.0,0.04826953709513926,19.717,0.05552696775625978,
power,D_trp_power_law,in_spec,20,1.5,False,0.0,,1.5,c5_rank_autocorr,permutation,studentized,0.05,1000,1000,0,0,0.07,0.008068457101577725,19.717,1.0,0.04826953709513926,19.717,0.05552696775625978,
power,D_trp_power_law,in_spec,20,1.5,False,0.0,,1.5,c5_rank_autocorr,permutation,unstudentized,0.05,1000,1000,0,0,0.046,0.006624499981130651,19.717,1.0,0.04826953709513926,19.717,0.05552696775625978,
power,D_trp_power_law,in_spec,20,1.5,False,0.0,,1.5,c6_exchangeability,permutation,,0.05,1000,1000,0,0,0.041,0.006270486424512854,19.717,1.0,0.04826953709513926,19.717,0.05552696775625978,
power,D_trp_power_law,in_spec,20,1.5,False,0.0,,1.5,cvm_cramer_von_mises,asymptotic,,0.05,1000,1000,0,0,0.561,0.015693278816104682,19.717,1.0,0.04826953709513926,19.717,0.05552696775625978,
power,D_trp_power_law,in_spec,20,1.5,False,0.0,,1.5,cvm_cramer_von_mises,permutation,,0.05,1000,1000,0,0,0.571,0.015651166090742248,19.717,1.0,0.04826953709513926,19.717,0.05552696775625978,
power,E_copula_ar1_durations,in_spec,20,1.5,False,0.0,0.05,,c1_lewis_robinson,asymptotic,,0.05,1000,1000,0,0,0.065,0.007795832219846705,19.744,1.0,0.048206710374084076,19.744,-0.010833967113283258,
power,E_copula_ar1_durations,in_spec,20,1.5,False,0.0,0.05,,c1_lewis_robinson,permutation,,0.05,1000,1000,0,0,0.06,0.007509993342207435,19.744,1.0,0.048206710374084076,19.744,-0.010833967113283258,
power,E_copula_ar1_durations,in_spec,20,1.5,False,0.0,0.05,,c2_anderson_darling,asymptotic,,0.05,1000,1000,0,0,0.073,0.008226238508577295,19.744,1.0,0.048206710374084076,19.744,-0.010833967113283258,
power,E_copula_ar1_durations,in_spec,20,1.5,False,0.0,0.05,,c2_anderson_darling,permutation,,0.05,1000,1000,0,0,0.061,0.0075682891065286355,19.744,1.0,0.048206710374084076,19.744,-0.010833967113283258,
power,E_copula_ar1_durations,in_spec,20,1.5,False,0.0,0.05,,c5_rank_autocorr,permutation,studentized,0.05,1000,1000,0,0,0.049,0.006826346021115542,19.744,1.0,0.048206710374084076,19.744,-0.010833967113283258,
power,E_copula_ar1_durations,in_spec,20,1.5,False,0.0,0.05,,c5_rank_autocorr,permutation,unstudentized,0.05,1000,1000,0,0,0.043,0.006414904519944158,19.744,1.0,0.048206710374084076,19.744,-0.010833967113283258,
power,E_copula_ar1_durations,in_spec,20,1.5,False,0.0,0.05,,c6_exchangeability,permutation,,0.05,1000,1000,0,0,0.045,0.0065555320150236475,19.744,1.0,0.048206710374084076,19.744,-0.010833967113283258,
power,E_copula_ar1_durations,in_spec,20,1.5,False,0.0,0.05,,cvm_cramer_von_mises,asymptotic,,0.05,1000,1000,0,0,0.062,0.007626008130076967,19.744,1.0,0.048206710374084076,19.744,-0.010833967113283258,
power,E_copula_ar1_durations,in_spec,20,1.5,False,0.0,0.05,,cvm_cramer_von_mises,permutation,,0.05,1000,1000,0,0,0.064,0.007739767438366608,19.744,1.0,0.048206710374084076,19.744,-0.010833967113283258,
power,E_copula_ar1_durations,in_spec,20,1.5,False,0.0,0.1,,c1_lewis_robinson,asymptotic,,0.05,1000,1000,0,0,0.085,0.008819013550278738,19.677,1.0,0.048362915316535283,19.677,0.01924543119841954,
power,E_copula_ar1_durations,in_spec,20,1.5,False,0.0,0.1,,c1_lewis_robinson,permutation,,0.05,1000,1000,0,0,0.073,0.008226238508577295,19.677,1.0,0.048362915316535283,19.677,0.01924543119841954,
power,E_copula_ar1_durations,in_spec,20,1.5,False,0.0,0.1,,c2_anderson_darling,asymptotic,,0.05,1000,1000,0,0,0.098,0.009401914698613257,19.677,1.0,0.048362915316535283,19.677,0.01924543119841954,
power,E_copula_ar1_durations,in_spec,20,1.5,False,0.0,0.1,,c2_anderson_darling,permutation,,0.05,1000,1000,0,0,0.075,0.008329165624478841,19.677,1.0,0.048362915316535283,19.677,0.01924543119841954,
power,E_copula_ar1_durations,in_spec,20,1.5,False,0.0,0.1,,c5_rank_autocorr,permutation,studentized,0.05,1000,1000,0,0,0.054,0.007147307185227175,19.677,1.0,0.048362915316535283,19.677,0.01924543119841954,
power,E_copula_ar1_durations,in_spec,20,1.5,False,0.0,0.1,,c5_rank_autocorr,permutation,unstudentized,0.05,1000,1000,0,0,0.047,0.006692607862410586,19.677,1.0,0.048362915316535283,19.677,0.01924543119841954,
power,E_copula_ar1_durations,in_spec,20,1.5,False,0.0,0.1,,c6_exchangeability,permutation,,0.05,1000,1000,0,0,0.044,0.006485676526007136,19.677,1.0,0.048362915316535283,19.677,0.01924543119841954,
power,E_copula_ar1_durations,in_spec,20,1.5,False,0.0,0.1,,cvm_cramer_von_mises,asymptotic,,0.05,1000,1000,0,0,0.08,0.008579044235810887,19.677,1.0,0.048362915316535283,19.677,0.01924543119841954,
power,E_copula_ar1_durations,in_spec,20,1.5,False,0.0,0.1,,cvm_cramer_von_mises,permutation,,0.05,1000,1000,0,0,0.072,0.008174105455644672,19.677,1.0,0.048362915316535283,19.677,0.01924543119841954,
power,E_copula_ar1_durations,in_spec,20,1.5,False,0.0,0.15,,c1_lewis_robinson,asymptotic,,0.05,1000,1000,0,0,0.094,0.009228434320078352,19.766,1.0,0.04815563902532987,19.766,0.05909796373726689,
power,E_copula_ar1_durations,in_spec,20,1.5,False,0.0,0.15,,c1_lewis_robinson,permutation,,0.05,1000,1000,0,0,0.089,0.00900438781928011,19.766,1.0,0.04815563902532987,19.766,0.05909796373726689,
power,E_copula_ar1_durations,in_spec,20,1.5,False,0.0,0.15,,c2_anderson_darling,asymptotic,,0.05,1000,1000,0,0,0.115,0.010088359628799918,19.766,1.0,0.04815563902532987,19.766,0.05909796373726689,
power,E_copula_ar1_durations,in_spec,20,1.5,False,0.0,0.15,,c2_anderson_darling,permutation,,0.05,1000,1000,0,0,0.09,0.009049861877399014,19.766,1.0,0.04815563902532987,19.766,0.05909796373726689,
power,E_copula_ar1_durations,in_spec,20,1.5,False,0.0,0.15,,c5_rank_autocorr,permutation,studentized,0.05,1000,1000,0,0,0.058,0.007391616873188166,19.766,1.0,0.04815563902532987,19.766,0.05909796373726689,
power,E_copula_ar1_durations,in_spec,20,1.5,False,0.0,0.15,,c5_rank_autocorr,permutation,unstudentized,0.05,1000,1000,0,0,0.045,0.0065555320150236475,19.766,1.0,0.04815563902532987,19.766,0.05909796373726689,
power,E_copula_ar1_durations,in_spec,20,1.5,False,0.0,0.15,,c6_exchangeability,permutation,,0.05,1000,1000,0,0,0.043,0.006414904519944158,19.766,1.0,0.04815563902532987,19.766,0.05909796373726689,
power,E_copula_ar1_durations,in_spec,20,1.5,False,0.0,0.15,,cvm_cramer_von_mises,asymptotic,,0.05,1000,1000,0,0,0.1,0.009486832980505138,19.766,1.0,0.04815563902532987,19.766,0.05909796373726689,
power,E_copula_ar1_durations,in_spec,20,1.5,False,0.0,0.15,,cvm_cramer_von_mises,permutation,,0.05,1000,1000,0,0,0.102,0.009570579919733181,19.766,1.0,0.04815563902532987,19.766,0.05909796373726689,
power,E_copula_ar1_durations,in_spec,20,1.5,False,0.0,0.2,,c1_lewis_robinson,asymptotic,,0.05,1000,1000,0,0,0.1,0.009486832980505138,19.9,1.0,0.04784688995215311,19.9,0.10638585227446988,
power,E_copula_ar1_durations,in_spec,20,1.5,False,0.0,0.2,,c1_lewis_robinson,permutation,,0.05,1000,1000,0,0,0.092,0.00913980306133562,19.9,1.0,0.04784688995215311,19.9,0.10638585227446988,
power,E_copula_ar1_durations,in_spec,20,1.5,False,0.0,0.2,,c2_anderson_darling,asymptotic,,0.05,1000,1000,0,0,0.116,0.010126401137620413,19.9,1.0,0.04784688995215311,19.9,0.10638585227446988,
power,E_copula_ar1_durations,in_spec,20,1.5,False,0.0,0.2,,c2_anderson_darling,permutation,,0.05,1000,1000,0,0,0.099,0.009444522221901964,19.9,1.0,0.04784688995215311,19.9,0.10638585227446988,
power,E_copula_ar1_durations,in_spec,20,1.5,False,0.0,0.2,,c5_rank_autocorr,permutation,studentized,0.05,1000,1000,0,0,0.064,0.007739767438366608,19.9,1.0,0.04784688995215311,19.9,0.10638585227446988,
power,E_copula_ar1_durations,in_spec,20,1.5,False,0.0,0.2,,c5_rank_autocorr,permutation,unstudentized,0.05,1000,1000,0,0,0.054,0.007147307185227175,19.9,1.0,0.04784688995215311,19.9,0.10638585227446988,
power,E_copula_ar1_durations,in_spec,20,1.5,False,0.0,0.2,,c6_exchangeability,permutation,,0.05,1000,1000,0,0,0.057,0.007331507348424334,19.9,1.0,0.04784688995215311,19.9,0.10638585227446988,
power,E_copula_ar1_durations,in_spec,20,1.5,False,0.0,0.2,,cvm_cramer_von_mises,asymptotic,,0.05,1000,1000,0,0,0.108,0.009815090422405696,19.9,1.0,0.04784688995215311,19.9,0.10638585227446988,
power,E_copula_ar1_durations,in_spec,20,1.5,False,0.0,0.2,,cvm_cramer_von_mises,permutation,,0.05,1000,1000,0,0,0.103,0.009612023720320296,19.9,1.0,0.04784688995215311,19.9,0.10638585227446988,
power,E_copula_ar1_durations,in_spec,20,1.5,False,0.0,0.3,,c1_lewis_robinson,asymptotic,,0.05,1000,1000,0,0,0.124,0.010422283818818216,20.251,1.0,0.0470566091007482,20.251,0.17482820217180836,
power,E_copula_ar1_durations,in_spec,20,1.5,False,0.0,0.3,,c1_lewis_robinson,permutation,,0.05,1000,1000,0,0,0.107,0.009775019181566858,20.251,1.0,0.0470566091007482,20.251,0.17482820217180836,
power,E_copula_ar1_durations,in_spec,20,1.5,False,0.0,0.3,,c2_anderson_darling,asymptotic,,0.05,1000,1000,0,0,0.157,0.01150439046625244,20.251,1.0,0.0470566091007482,20.251,0.17482820217180836,
power,E_copula_ar1_durations,in_spec,20,1.5,False,0.0,0.3,,c2_anderson_darling,permutation,,0.05,1000,1000,0,0,0.13,0.010634848376916336,20.251,1.0,0.0470566091007482,20.251,0.17482820217180836,
power,E_copula_ar1_durations,in_spec,20,1.5,False,0.0,0.3,,c5_rank_autocorr,permutation,studentized,0.05,1000,1000,0,0,0.107,0.009775019181566858,20.251,1.0,0.0470566091007482,20.251,0.17482820217180836,
power,E_copula_ar1_durations,in_spec,20,1.5,False,0.0,0.3,,c5_rank_autocorr,permutation,unstudentized,0.05,1000,1000,0,0,0.071,0.008121514637061242,20.251,1.0,0.0470566091007482,20.251,0.17482820217180836,
power,E_copula_ar1_durations,in_spec,20,1.5,False,0.0,0.3,,c6_exchangeability,permutation,,0.05,1000,1000,0,0,0.084,0.008771772910877254,20.251,1.0,0.0470566091007482,20.251,0.17482820217180836,
power,E_copula_ar1_durations,in_spec,20,1.5,False,0.0,0.3,,cvm_cramer_von_mises,asymptotic,,0.05,1000,1000,0,0,0.14,0.010972693379476163,20.251,1.0,0.0470566091007482,20.251,0.17482820217180836,
power,E_copula_ar1_durations,in_spec,20,1.5,False,0.0,0.3,,cvm_cramer_von_mises,permutation,,0.05,1000,1000,0,0,0.131,0.010669536072388528,20.251,1.0,0.0470566091007482,20.251,0.17482820217180836,
power,E_copula_ar1_durations,in_spec,20,1.5,False,0.0,0.5,,c1_lewis_robinson,asymptotic,,0.05,1000,1000,0,0,0.241,0.013524755080961725,20.476,1.0,0.046563605885639785,20.476,0.31718068716494213,
power,E_copula_ar1_durations,in_spec,20,1.5,False,0.0,0.5,,c1_lewis_robinson,permutation,,0.05,1000,1000,0,0,0.219,0.013078187947877183,20.476,1.0,0.046563605885639785,20.476,0.31718068716494213,
power,E_copula_ar1_durations,in_spec,20,1.5,False,0.0,0.5,,c2_anderson_darling,asymptotic,,0.05,1000,1000,0,0,0.318,0.014726710426975875,20.476,1.0,0.046563605885639785,20.476,0.31718068716494213,
power,E_copula_ar1_durations,in_spec,20,1.5,False,0.0,0.5,,c2_anderson_darling,permutation,,0.05,1000,1000,0,0,0.273,0.014087973594523805,20.476,1.0,0.046563605885639785,20.476,0.31718068716494213,
power,E_copula_ar1_durations,in_spec,20,1.5,False,0.0,0.5,,c5_rank_autocorr,permutation,studentized,0.05,1000,1000,0,0,0.286,0.014289996501049255,20.476,1.0,0.046563605885639785,20.476,0.31718068716494213,
power,E_copula_ar1_durations,in_spec,20,1.5,False,0.0,0.5,,c5_rank_autocorr,permutation,unstudentized,0.05,1000,1000,0,0,0.229,0.013287550564344055,20.476,1.0,0.046563605885639785,20.476,0.31718068716494213,
power,E_copula_ar1_durations,in_spec,20,1.5,False,0.0,0.5,,c6_exchangeability,permutation,,0.05,1000,1000,0,0,0.211,0.012902674141432851,20.476,1.0,0.046563605885639785,20.476,0.31718068716494213,
power,E_copula_ar1_durations,in_spec,20,1.5,False,0.0,0.5,,cvm_cramer_von_mises,asymptotic,,0.05,1000,1000,0,0,0.29,0.01434921600645833,20.476,1.0,0.046563605885639785,20.476,0.31718068716494213,
power,E_copula_ar1_durations,in_spec,20,1.5,False,0.0,0.5,,cvm_cramer_von_mises,permutation,,0.05,1000,1000,0,0,0.268,0.014006284303840188,20.476,1.0,0.046563605885639785,20.476,0.31718068716494213,
power,C_ar1_reads_carved,calendar,20,,False,0.0,0.05,,c1_lewis_robinson,asymptotic,,0.05,1000,1000,0,0,0.063,0.007683163410991596,20.652,1.0,0.04618510992056161,6.59,-0.05021594034342141,
power,C_ar1_reads_carved,calendar,20,,False,0.0,0.05,,c1_lewis_robinson,permutation,,0.05,1000,1000,0,0,0.052,0.007021111023192838,20.652,1.0,0.04618510992056161,6.59,-0.05021594034342141,
power,C_ar1_reads_carved,calendar,20,,False,0.0,0.05,,c2_anderson_darling,asymptotic,,0.05,1000,1000,0,0,0.084,0.008771772910877254,20.652,1.0,0.04618510992056161,6.59,-0.05021594034342141,
power,C_ar1_reads_carved,calendar,20,,False,0.0,0.05,,c2_anderson_darling,permutation,,0.05,1000,1000,0,0,0.044,0.006485676526007136,20.652,1.0,0.04618510992056161,6.59,-0.05021594034342141,
power,C_ar1_reads_carved,calendar,20,,False,0.0,0.05,,c5_rank_autocorr,permutation,studentized,0.05,1000,1000,0,0,0.039,0.006122009474020765,20.652,1.0,0.04618510992056161,6.59,-0.05021594034342141,
power,C_ar1_reads_carved,calendar,20,,False,0.0,0.05,,c5_rank_autocorr,permutation,unstudentized,0.05,1000,1000,0,0,0.045,0.0065555320150236475,20.652,1.0,0.04618510992056161,6.59,-0.05021594034342141,
power,C_ar1_reads_carved,calendar,20,,False,0.0,0.05,,c6_exchangeability,permutation,,0.05,1000,1000,0,0,0.049,0.006826346021115542,20.652,1.0,0.04618510992056161,6.59,-0.05021594034342141,
power,C_ar1_reads_carved,calendar,20,,False,0.0,0.05,,cvm_cramer_von_mises,asymptotic,,0.05,1000,1000,0,0,0.07,0.008068457101577725,20.652,1.0,0.04618510992056161,6.59,-0.05021594034342141,
power,C_ar1_reads_carved,calendar,20,,False,0.0,0.05,,cvm_cramer_von_mises,permutation,,0.05,1000,1000,0,0,0.052,0.007021111023192838,20.652,1.0,0.04618510992056161,6.59,-0.05021594034342141,
power,C_ar1_reads_carved,in_spec,20,,False,0.0,0.05,,c5_rank_autocorr,permutation,studentized,0.05,1000,1000,0,0,0.055,0.00720936890441875,21.414,1.0,0.0446149727848666,4.861,-0.0472997817095511,
power,C_ar1_reads_carved,in_spec,20,,False,0.0,0.05,,c5_rank_autocorr,permutation,unstudentized,0.05,1000,1000,0,0,0.051,0.00695693898205238,21.414,1.0,0.0446149727848666,4.861,-0.0472997817095511,
power,C_ar1_reads_carved,in_spec,20,,False,0.0,0.05,,c6_exchangeability,permutation,,0.05,1000,1000,0,0,0.059,0.007451107300260815,21.414,1.0,0.0446149727848666,4.861,-0.0472997817095511,
power,C_ar1_reads_carved,in_spec,20,,False,0.0,0.05,,cvm_cramer_von_mises,permutation,,0.05,1000,1000,0,0,0.059,0.007451107300260815,21.414,1.0,0.0446149727848666,4.861,-0.0472997817095511,
power,C_ar1_reads_carved,calendar,20,,False,0.0,0.1,,c1_lewis_robinson,asymptotic,,0.05,1000,1000,0,0,0.066,0.007851369307324678,20.108,1.0,0.04737540269092287,6.728,-0.05257270028634059,
power,C_ar1_reads_carved,calendar,20,,False,0.0,0.1,,c1_lewis_robinson,permutation,,0.05,1000,1000,0,0,0.052,0.007021111023192838,20.108,1.0,0.04737540269092287,6.728,-0.05257270028634059,
power,C_ar1_reads_carved,calendar,20,,False,0.0,0.1,,c2_anderson_darling,asymptotic,,0.05,1000,1000,0,0,0.089,0.00900438781928011,20.108,1.0,0.04737540269092287,6.728,-0.05257270028634059,
power,C_ar1_reads_carved,calendar,20,,False,0.0,0.1,,c2_anderson_darling,permutation,,0.05,1000,1000,0,0,0.049,0.006826346021115542,20.108,1.0,0.04737540269092287,6.728,-0.05257270028634059,
power,C_ar1_reads_carved,calendar,20,,False,0.0,0.1,,c5_rank_autocorr,permutation,studentized,0.05,1000,1000,0,0,0.051,0.00695693898205238,20.108,1.0,0.04737540269092287,6.728,-0.05257270028634059,
power,C_ar1_reads_carved,calendar,20,,False,0.0,0.1,,c5_rank_autocorr,permutation,unstudentized,0.05,1000,1000,0,0,0.056,0.007270763371201128,20.108,1.0,0.04737540269092287,6.728,-0.05257270028634059,
power,C_ar1_reads_carved,calendar,20,,False,0.0,0.1,,c6_exchangeability,permutation,,0.05,1000,1000,0,0,0.054,0.007147307185227175,20.108,1.0,0.04737540269092287,6.728,-0.05257270028634059,
power,C_ar1_reads_carved,calendar,20,,False,0.0,0.1,,cvm_cramer_von_mises,asymptotic,,0.05,1000,1000,0,0,0.062,0.007626008130076967,20.108,1.0,0.04737540269092287,6.728,-0.05257270028634059,
power,C_ar1_reads_carved,calendar,20,,False,0.0,0.1,,cvm_cramer_von_mises,permutation,,0.05,1000,1000,0,0,0.049,0.006826346021115542,20.108,1.0,0.04737540269092287,6.728,-0.05257270028634059,
power,C_ar1_reads_carved,in_spec,20,,False,0.0,0.1,,c5_rank_autocorr,permutation,studentized,0.05,1000,1000,0,0,0.051,0.00695693898205238,20.61,1.0,0.04627487274409996,4.964,-0.04871303355114648,
power,C_ar1_reads_carved,in_spec,20,,False,0.0,0.1,,c5_rank_autocorr,permutation,unstudentized,0.05,1000,1000,0,0,0.045,0.0065555320150236475,20.61,1.0,0.04627487274409996,4.964,-0.04871303355114648,
power,C_ar1_reads_carved,in_spec,20,,False,0.0,0.1,,c6_exchangeability,permutation,,0.05,1000,1000,0,0,0.053,0.00708456067798138,20.61,1.0,0.04627487274409996,4.964,-0.04871303355114648,
power,C_ar1_reads_carved,in_spec,20,,False,0.0,0.1,,cvm_cramer_von_mises,permutation,,0.05,1000,1000,0,0,0.05,0.006892024376045111,20.61,1.0,0.04627487274409996,4.964,-0.04871303355114648,
power,C_ar1_reads_carved,calendar,20,,False,0.0,0.15,,c1_lewis_robinson,asymptotic,,0.05,1000,1000,0,0,0.051,0.00695693898205238,19.399,1.0,0.049022010882886415,6.832,-0.048914765467004816,
power,C_ar1_reads_carved,calendar,20,,False,0.0,0.15,,c1_lewis_robinson,permutation,,0.05,1000,1000,0,0,0.043,0.006414904519944158,19.399,1.0,0.049022010882886415,6.832,-0.048914765467004816,
power,C_ar1_reads_carved,calendar,20,,False,0.0,0.15,,c2_anderson_darling,asymptotic,,0.05,1000,1000,0,0,0.074,0.00827792244467173,19.399,1.0,0.049022010882886415,6.832,-0.048914765467004816,
power,C_ar1_reads_carved,calendar,20,,False,0.0,0.15,,c2_anderson_darling,permutation,,0.05,1000,1000,0,0,0.042,0.0063431853196954605,19.399,1.0,0.049022010882886415,6.832,-0.048914765467004816,
power,C_ar1_reads_carved,calendar,20,,False,0.0,0.15,,c5_rank_autocorr,permutation,studentized,0.05,1000,1000,0,0,0.051,0.00695693898205238,19.399,1.0,0.049022010882886415,6.832,-0.048914765467004816,
power,C_ar1_reads_carved,calendar,20,,False,0.0,0.15,,c5_rank_autocorr,permutation,unstudentized,0.05,1000,1000,0,0,0.051,0.00695693898205238,19.399,1.0,0.049022010882886415,6.832,-0.048914765467004816,
power,C_ar1_reads_carved,calendar,20,,False,0.0,0.15,,c6_exchangeability,permutation,,0.05,1000,1000,0,0,0.047,0.006692607862410586,19.399,1.0,0.049022010882886415,6.832,-0.048914765467004816,
power,C_ar1_reads_carved,calendar,20,,False,0.0,0.15,,cvm_cramer_von_mises,asymptotic,,0.05,1000,1000,0,0,0.059,0.007451107300260815,19.399,1.0,0.049022010882886415,6.832,-0.048914765467004816,
power,C_ar1_reads_carved,calendar,20,,False,0.0,0.15,,cvm_cramer_von_mises,permutation,,0.05,1000,1000,0,0,0.046,0.006624499981130651,19.399,1.0,0.049022010882886415,6.832,-0.048914765467004816,
power,C_ar1_reads_carved,in_spec,20,,False,0.0,0.15,,c5_rank_autocorr,permutation,studentized,0.05,1000,1000,0,0,0.039,0.006122009474020765,19.849,1.0,0.047963931123794906,5.121,-0.06309665494969695,
power,C_ar1_reads_carved,in_spec,20,,False,0.0,0.15,,c5_rank_autocorr,permutation,unstudentized,0.05,1000,1000,0,0,0.042,0.0063431853196954605,19.849,1.0,0.047963931123794906,5.121,-0.06309665494969695,
power,C_ar1_reads_carved,in_spec,20,,False,0.0,0.15,,c6_exchangeability,permutation,,0.05,1000,1000,0,0,0.041,0.006270486424512854,19.849,1.0,0.047963931123794906,5.121,-0.06309665494969695,
power,C_ar1_reads_carved,in_spec,20,,False,0.0,0.15,,cvm_cramer_von_mises,permutation,,0.05,1000,1000,0,0,0.041,0.006270486424512854,19.849,1.0,0.047963931123794906,5.121,-0.06309665494969695,
power,C_ar1_reads_carved,calendar,20,,False,0.0,0.2,,c1_lewis_robinson,asymptotic,,0.05,1000,1000,0,0,0.069,0.008014923580421713,18.819,1.0,0.050456632524345325,7.029,-0.05804440467779119,
power,C_ar1_reads_carved,calendar,20,,False,0.0,0.2,,c1_lewis_robinson,permutation,,0.05,1000,1000,0,0,0.055,0.00720936890441875,18.819,1.0,0.050456632524345325,7.029,-0.05804440467779119,
power,C_ar1_reads_carved,calendar,20,,False,0.0,0.2,,c2_anderson_darling,asymptotic,,0.05,1000,1000,0,0,0.088,0.008958571314668427,18.819,1.0,0.050456632524345325,7.029,-0.05804440467779119,
power,C_ar1_reads_carved,calendar,20,,False,0.0,0.2,,c2_anderson_darling,permutation,,0.05,1000,1000,0,0,0.055,0.00720936890441875,18.819,1.0,0.050456632524345325,7.029,-0.05804440467779119,
power,C_ar1_reads_carved,calendar,20,,False,0.0,0.2,,c5_rank_autocorr,permutation,studentized,0.05,1000,1000,0,0,0.044,0.006485676526007136,18.819,1.0,0.050456632524345325,7.029,-0.05804440467779119,
power,C_ar1_reads_carved,calendar,20,,False,0.0,0.2,,c5_rank_autocorr,permutation,unstudentized,0.05,1000,1000,0,0,0.044,0.006485676526007136,18.819,1.0,0.050456632524345325,7.029,-0.05804440467779119,
power,C_ar1_reads_carved,calendar,20,,False,0.0,0.2,,c6_exchangeability,permutation,,0.05,1000,1000,0,0,0.04,0.0061967733539318665,18.819,1.0,0.050456632524345325,7.029,-0.05804440467779119,
power,C_ar1_reads_carved,calendar,20,,False,0.0,0.2,,cvm_cramer_von_mises,asymptotic,,0.05,1000,1000,0,0,0.078,0.008480330182251162,18.819,1.0,0.050456632524345325,7.029,-0.05804440467779119,
power,C_ar1_reads_carved,calendar,20,,False,0.0,0.2,,cvm_cramer_von_mises,permutation,,0.05,1000,1000,0,0,0.05,0.006892024376045111,18.819,1.0,0.050456632524345325,7.029,-0.05804440467779119,
power,C_ar1_reads_carved,in_spec,20,,False,0.0,0.2,,c5_rank_autocorr,permutation,studentized,0.05,1000,1000,0,0,0.047,0.006692607862410586,19.296,1.0,0.049270792274339774,5.185,-0.04611905519422541,
power,C_ar1_reads_carved,in_spec,20,,False,0.0,0.2,,c5_rank_autocorr,permutation,unstudentized,0.05,1000,1000,0,0,0.047,0.006692607862410586,19.296,1.0,0.049270792274339774,5.185,-0.04611905519422541,
power,C_ar1_reads_carved,in_spec,20,,False,0.0,0.2,,c6_exchangeability,permutation,,0.05,1000,1000,0,0,0.047,0.006692607862410586,19.296,1.0,0.049270792274339774,5.185,-0.04611905519422541,
power,C_ar1_reads_carved,in_spec,20,,False,0.0,0.2,,cvm_cramer_von_mises,permutation,,0.05,1000,1000,0,0,0.048,0.006759881655768835,19.296,1.0,0.049270792274339774,5.185,-0.04611905519422541,
power,C_ar1_reads_carved,calendar,20,,False,0.0,0.3,,c1_lewis_robinson,asymptotic,,0.05,1000,1000,0,0,0.079,0.008529888627643388,17.309,1.0,0.054617947457534545,7.328,-0.06788764651515805,
power,C_ar1_reads_carved,calendar,20,,False,0.0,0.3,,c1_lewis_robinson,permutation,,0.05,1000,1000,0,0,0.051,0.00695693898205238,17.309,1.0,0.054617947457534545,7.328,-0.06788764651515805,
power,C_ar1_reads_carved,calendar,20,,False,0.0,0.3,,c2_anderson_darling,asymptotic,,0.05,1000,1000,0,0,0.1,0.009486832980505138,17.309,1.0,0.054617947457534545,7.328,-0.06788764651515805,
power,C_ar1_reads_carved,calendar,20,,False,0.0,0.3,,c2_anderson_darling,permutation,,0.05,1000,1000,0,0,0.053,0.00708456067798138,17.309,1.0,0.054617947457534545,7.328,-0.06788764651515805,
power,C_ar1_reads_carved,calendar,20,,False,0.0,0.3,,c5_rank_autocorr,permutation,studentized,0.05,1000,1000,0,0,0.05,0.006892024376045111,17.309,1.0,0.054617947457534545,7.328,-0.06788764651515805,
power,C_ar1_reads_carved,calendar,20,,False,0.0,0.3,,c5_rank_autocorr,permutation,unstudentized,0.05,1000,1000,0,0,0.057,0.007331507348424334,17.309,1.0,0.054617947457534545,7.328,-0.06788764651515805,
power,C_ar1_reads_carved,calendar,20,,False,0.0,0.3,,c6_exchangeability,permutation,,0.05,1000,1000,0,0,0.049,0.006826346021115542,17.309,1.0,0.054617947457534545,7.328,-0.06788764651515805,
power,C_ar1_reads_carved,calendar,20,,False,0.0,0.3,,cvm_cramer_von_mises,asymptotic,,0.05,1000,1000,0,0,0.083,0.008724161850859944,17.309,1.0,0.054617947457534545,7.328,-0.06788764651515805,
power,C_ar1_reads_carved,calendar,20,,False,0.0,0.3,,cvm_cramer_von_mises,permutation,,0.05,1000,1000,0,0,0.053,0.00708456067798138,17.309,1.0,0.054617947457534545,7.328,-0.06788764651515805,
power,C_ar1_reads_carved,in_spec,20,,False,0.0,0.3,,c5_rank_autocorr,permutation,studentized,0.05,1000,1000,0,0,0.042,0.0063431853196954605,17.794,1.0,0.05320847078854954,5.429,-0.05802996886517846,
power,C_ar1_reads_carved,in_spec,20,,False,0.0,0.3,,c5_rank_autocorr,permutation,unstudentized,0.05,1000,1000,0,0,0.06,0.007509993342207435,17.794,1.0,0.05320847078854954,5.429,-0.05802996886517846,
power,C_ar1_reads_carved,in_spec,20,,False,0.0,0.3,,c6_exchangeability,permutation,,0.05,1000,1000,0,0,0.042,0.0063431853196954605,17.794,1.0,0.05320847078854954,5.429,-0.05802996886517846,
power,C_ar1_reads_carved,in_spec,20,,False,0.0,0.3,,cvm_cramer_von_mises,permutation,,0.05,1000,1000,0,0,0.042,0.0063431853196954605,17.794,1.0,0.05320847078854954,5.429,-0.05802996886517846,
power,C_ar1_reads_carved,calendar,20,,False,0.0,0.5,,c1_lewis_robinson,asymptotic,,0.05,1000,1000,0,0,0.064,0.007739767438366608,14.428,1.0,0.06481721545242417,7.687,-0.08910790282660952,
power,C_ar1_reads_carved,calendar,20,,False,0.0,0.5,,c1_lewis_robinson,permutation,,0.05,1000,1000,0,0,0.041,0.006270486424512854,14.428,1.0,0.06481721545242417,7.687,-0.08910790282660952,
power,C_ar1_reads_carved,calendar,20,,False,0.0,0.5,,c2_anderson_darling,asymptotic,,0.05,1000,1000,0,0,0.079,0.008529888627643388,14.428,1.0,0.06481721545242417,7.687,-0.08910790282660952,
power,C_ar1_reads_carved,calendar,20,,False,0.0,0.5,,c2_anderson_darling,permutation,,0.05,1000,1000,0,0,0.044,0.006485676526007136,14.428,1.0,0.06481721545242417,7.687,-0.08910790282660952,
power,C_ar1_reads_carved,calendar,20,,False,0.0,0.5,,c5_rank_autocorr,permutation,studentized,0.05,1000,1000,0,0,0.05,0.006892024376045111,14.428,1.0,0.06481721545242417,7.687,-0.08910790282660952,
power,C_ar1_reads_carved,calendar,20,,False,0.0,0.5,,c5_rank_autocorr,permutation,unstudentized,0.05,1000,1000,0,0,0.05,0.006892024376045111,14.428,1.0,0.06481721545242417,7.687,-0.08910790282660952,
power,C_ar1_reads_carved,calendar,20,,False,0.0,0.5,,c6_exchangeability,permutation,,0.05,1000,1000,0,0,0.057,0.007331507348424334,14.428,1.0,0.06481721545242417,7.687,-0.08910790282660952,
power,C_ar1_reads_carved,calendar,20,,False,0.0,0.5,,cvm_cramer_von_mises,asymptotic,,0.05,1000,1000,0,0,0.068,0.007960904471226871,14.428,1.0,0.06481721545242417,7.687,-0.08910790282660952,
power,C_ar1_reads_carved,calendar,20,,False,0.0,0.5,,cvm_cramer_von_mises,permutation,,0.05,1000,1000,0,0,0.043,0.006414904519944158,14.428,1.0,0.06481721545242417,7.687,-0.08910790282660952,
power,C_ar1_reads_carved,in_spec,20,,False,0.0,0.5,,c5_rank_autocorr,permutation,studentized,0.05,1000,1000,0,0,0.052,0.007021111023192838,14.978,1.0,0.0625860558267618,5.809,-0.06777202488632415,
power,C_ar1_reads_carved,in_spec,20,,False,0.0,0.5,,c5_rank_autocorr,permutation,unstudentized,0.05,1000,1000,0,0,0.05,0.006892024376045111,14.978,1.0,0.0625860558267618,5.809,-0.06777202488632415,
power,C_ar1_reads_carved,in_spec,20,,False,0.0,0.5,,c6_exchangeability,permutation,,0.05,1000,1000,0,0,0.051,0.00695693898205238,14.978,1.0,0.0625860558267618,5.809,-0.06777202488632415,
power,C_ar1_reads_carved,in_spec,20,,False,0.0,0.5,,cvm_cramer_von_mises,permutation,,0.05,1000,1000,0,0,0.045,0.0065555320150236475,14.978,1.0,0.0625860558267618,5.809,-0.06777202488632415,
power,D_trp_power_law,in_spec,35,0.75,False,0.0,,0.7,c1_lewis_robinson,asymptotic,,0.05,1000,1000,0,0,0.306,0.0145727142289966,35.281,1.0,0.027562636090515697,35.281,0.046254723133536686,
power,D_trp_power_law,in_spec,35,0.75,False,0.0,,0.7,c1_lewis_robinson,permutation,,0.05,1000,1000,0,0,0.288,0.014319776534569246,35.281,1.0,0.027562636090515697,35.281,0.046254723133536686,
power,D_trp_power_law,in_spec,35,0.75,False,0.0,,0.7,c2_anderson_darling,asymptotic,,0.05,1000,1000,0,0,0.362,0.015197236590906913,35.281,1.0,0.027562636090515697,35.281,0.046254723133536686,
power,D_trp_power_law,in_spec,35,0.75,False,0.0,,0.7,c2_anderson_darling,permutation,,0.05,1000,1000,0,0,0.348,0.015063067416698366,35.281,1.0,0.027562636090515697,35.281,0.046254723133536686,
power,D_trp_power_law,in_spec,35,0.75,False,0.0,,0.7,c5_rank_autocorr,permutation,studentized,0.05,1000,1000,0,0,0.096,0.009315793041926168,35.281,1.0,0.027562636090515697,35.281,0.046254723133536686,
power,D_trp_power_law,in_spec,35,0.75,False,0.0,,0.7,c5_rank_autocorr,permutation,unstudentized,0.05,1000,1000,0,0,0.072,0.008174105455644672,35.281,1.0,0.027562636090515697,35.281,0.046254723133536686,
power,D_trp_power_law,in_spec,35,0.75,False,0.0,,0.7,c6_exchangeability,permutation,,0.05,1000,1000,0,0,0.077,0.00843036179532053,35.281,1.0,0.027562636090515697,35.281,0.046254723133536686,
power,D_trp_power_law,in_spec,35,0.75,False,0.0,,0.7,cvm_cramer_von_mises,asymptotic,,0.05,1000,1000,0,0,0.28,0.014198591479439079,35.281,1.0,0.027562636090515697,35.281,0.046254723133536686,
power,D_trp_power_law,in_spec,35,0.75,False,0.0,,0.7,cvm_cramer_von_mises,permutation,,0.05,1000,1000,0,0,0.264,0.013939296969359681,35.281,1.0,0.027562636090515697,35.281,0.046254723133536686,
power,D_trp_power_law,in_spec,35,0.75,False,0.0,,0.85,c1_lewis_robinson,asymptotic,,0.05,1000,1000,0,0,0.11,0.009894442884771228,35.551,1.0,0.02735903258460781,35.551,-0.008920305376518061,
power,D_trp_power_law,in_spec,35,0.75,False,0.0,,0.85,c1_lewis_robinson,permutation,,0.05,1000,1000,0,0,0.097,0.00935900635751467,35.551,1.0,0.02735903258460781,35.551,-0.008920305376518061,
power,D_trp_power_law,in_spec,35,0.75,False,0.0,,0.85,c2_anderson_darling,asymptotic,,0.05,1000,1000,0,0,0.112,0.00997276290703835,35.551,1.0,0.02735903258460781,35.551,-0.008920305376518061,
power,D_trp_power_law,in_spec,35,0.75,False,0.0,,0.85,c2_anderson_darling,permutation,,0.05,1000,1000,0,0,0.108,0.009815090422405696,35.551,1.0,0.02735903258460781,35.551,-0.008920305376518061,
power,D_trp_power_law,in_spec,35,0.75,False,0.0,,0.85,c5_rank_autocorr,permutation,studentized,0.05,1000,1000,0,0,0.057,0.007331507348424334,35.551,1.0,0.02735903258460781,35.551,-0.008920305376518061,
power,D_trp_power_law,in_spec,35,0.75,False,0.0,,0.85,c5_rank_autocorr,permutation,unstudentized,0.05,1000,1000,0,0,0.05,0.006892024376045111,35.551,1.0,0.02735903258460781,35.551,-0.008920305376518061,
power,D_trp_power_law,in_spec,35,0.75,False,0.0,,0.85,c6_exchangeability,permutation,,0.05,1000,1000,0,0,0.055,0.00720936890441875,35.551,1.0,0.02735903258460781,35.551,-0.008920305376518061,
power,D_trp_power_law,in_spec,35,0.75,False,0.0,,0.85,cvm_cramer_von_mises,asymptotic,,0.05,1000,1000,0,0,0.095,0.00927227048785787,35.551,1.0,0.02735903258460781,35.551,-0.008920305376518061,
power,D_trp_power_law,in_spec,35,0.75,False,0.0,,0.85,cvm_cramer_von_mises,permutation,,0.05,1000,1000,0,0,0.088,0.008958571314668427,35.551,1.0,0.02735903258460781,35.551,-0.008920305376518061,
power,D_trp_power_law,in_spec,35,0.75,False,0.0,,1.2,c1_lewis_robinson,asymptotic,,0.05,1000,1000,0,0,0.08,0.008579044235810887,35.158,1.0,0.02765639692460866,35.158,-0.02247613537190484,
power,D_trp_power_law,in_spec,35,0.75,False,0.0,,1.2,c1_lewis_robinson,permutation,,0.05,1000,1000,0,0,0.088,0.008958571314668427,35.158,1.0,0.02765639692460866,35.158,-0.02247613537190484,
power,D_trp_power_law,in_spec,35,0.75,False,0.0,,1.2,c2_anderson_darling,asymptotic,,0.05,1000,1000,0,0,0.068,0.007960904471226871,35.158,1.0,0.02765639692460866,35.158,-0.02247613537190484,
power,D_trp_power_law,in_spec,35,0.75,False,0.0,,1.2,c2_anderson_darling,permutation,,0.05,1000,1000,0,0,0.079,0.008529888627643388,35.158,1.0,0.02765639692460866,35.158,-0.02247613537190484,
power,D_trp_power_law,in_spec,35,0.75,False,0.0,,1.2,c5_rank_autocorr,permutation,studentized,0.05,1000,1000,0,0,0.055,0.00720936890441875,35.158,1.0,0.02765639692460866,35.158,-0.02247613537190484,
power,D_trp_power_law,in_spec,35,0.75,False,0.0,,1.2,c5_rank_autocorr,permutation,unstudentized,0.05,1000,1000,0,0,0.053,0.00708456067798138,35.158,1.0,0.02765639692460866,35.158,-0.02247613537190484,
power,D_trp_power_law,in_spec,35,0.75,False,0.0,,1.2,c6_exchangeability,permutation,,0.05,1000,1000,0,0,0.062,0.007626008130076967,35.158,1.0,0.02765639692460866,35.158,-0.02247613537190484,
power,D_trp_power_law,in_spec,35,0.75,False,0.0,,1.2,cvm_cramer_von_mises,asymptotic,,0.05,1000,1000,0,0,0.072,0.008174105455644672,35.158,1.0,0.02765639692460866,35.158,-0.02247613537190484,
power,D_trp_power_law,in_spec,35,0.75,False,0.0,,1.2,cvm_cramer_von_mises,permutation,,0.05,1000,1000,0,0,0.089,0.00900438781928011,35.158,1.0,0.02765639692460866,35.158,-0.02247613537190484,
power,D_trp_power_law,in_spec,35,0.75,False,0.0,,1.5,c1_lewis_robinson,asymptotic,,0.05,1000,1000,0,0,0.264,0.013939296969359681,35.439,1.0,0.027443124125250417,35.439,0.006274099637254819,
power,D_trp_power_law,in_spec,35,0.75,False,0.0,,1.5,c1_lewis_robinson,permutation,,0.05,1000,1000,0,0,0.292,0.014378317008607092,35.439,1.0,0.027443124125250417,35.439,0.006274099637254819,
power,D_trp_power_law,in_spec,35,0.75,False,0.0,,1.5,c2_anderson_darling,asymptotic,,0.05,1000,1000,0,0,0.231,0.013328128150644412,35.439,1.0,0.027443124125250417,35.439,0.006274099637254819,
power,D_trp_power_law,in_spec,35,0.75,False,0.0,,1.5,c2_anderson_darling,permutation,,0.05,1000,1000,0,0,0.27,0.014039230748157109,35.439,1.0,0.027443124125250417,35.439,0.006274099637254819,
power,D_trp_power_law,in_spec,35,0.75,False,0.0,,1.5,c5_rank_autocorr,permutation,studentized,0.05,1000,1000,0,0,0.06,0.007509993342207435,35.439,1.0,0.027443124125250417,35.439,0.006274099637254819,
power,D_trp_power_law,in_spec,35,0.75,False,0.0,,1.5,c5_rank_autocorr,permutation,unstudentized,0.05,1000,1000,0,0,0.049,0.006826346021115542,35.439,1.0,0.027443124125250417,35.439,0.006274099637254819,
power,D_trp_power_law,in_spec,35,0.75,False,0.0,,1.5,c6_exchangeability,permutation,,0.05,1000,1000,0,0,0.044,0.006485676526007136,35.439,1.0,0.027443124125250417,35.439,0.006274099637254819,
power,D_trp_power_law,in_spec,35,0.75,False,0.0,,1.5,cvm_cramer_von_mises,asymptotic,,0.05,1000,1000,0,0,0.245,0.013600551459407815,35.439,1.0,0.027443124125250417,35.439,0.006274099637254819,
power,D_trp_power_law,in_spec,35,0.75,False,0.0,,1.5,cvm_cramer_von_mises,permutation,,0.05,1000,1000,0,0,0.283,0.014244683218660919,35.439,1.0,0.027443124125250417,35.439,0.006274099637254819,
power,E_copula_ar1_durations,in_spec,35,0.75,False,0.0,0.05,,c1_lewis_robinson,asymptotic,,0.05,1000,1000,0,0,0.074,0.00827792244467173,35.351,1.0,0.027509559571951253,35.351,0.016318009209662136,
power,E_copula_ar1_durations,in_spec,35,0.75,False,0.0,0.05,,c1_lewis_robinson,permutation,,0.05,1000,1000,0,0,0.069,0.008014923580421713,35.351,1.0,0.027509559571951253,35.351,0.016318009209662136,
power,E_copula_ar1_durations,in_spec,35,0.75,False,0.0,0.05,,c2_anderson_darling,asymptotic,,0.05,1000,1000,0,0,0.073,0.008226238508577295,35.351,1.0,0.027509559571951253,35.351,0.016318009209662136,
power,E_copula_ar1_durations,in_spec,35,0.75,False,0.0,0.05,,c2_anderson_darling,permutation,,0.05,1000,1000,0,0,0.08,0.008579044235810887,35.351,1.0,0.027509559571951253,35.351,0.016318009209662136,
power,E_copula_ar1_durations,in_spec,35,0.75,False,0.0,0.05,,c5_rank_autocorr,permutation,studentized,0.05,1000,1000,0,0,0.053,0.00708456067798138,35.351,1.0,0.027509559571951253,35.351,0.016318009209662136,
power,E_copula_ar1_durations,in_spec,35,0.75,False,0.0,0.05,,c5_rank_autocorr,permutation,unstudentized,0.05,1000,1000,0,0,0.049,0.006826346021115542,35.351,1.0,0.027509559571951253,35.351,0.016318009209662136,
power,E_copula_ar1_durations,in_spec,35,0.75,False,0.0,0.05,,c6_exchangeability,permutation,,0.05,1000,1000,0,0,0.053,0.00708456067798138,35.351,1.0,0.027509559571951253,35.351,0.016318009209662136,
power,E_copula_ar1_durations,in_spec,35,0.75,False,0.0,0.05,,cvm_cramer_von_mises,asymptotic,,0.05,1000,1000,0,0,0.073,0.008226238508577295,35.351,1.0,0.027509559571951253,35.351,0.016318009209662136,
power,E_copula_ar1_durations,in_spec,35,0.75,False,0.0,0.05,,cvm_cramer_von_mises,permutation,,0.05,1000,1000,0,0,0.072,0.008174105455644672,35.351,1.0,0.027509559571951253,35.351,0.016318009209662136,
power,E_copula_ar1_durations,in_spec,35,0.75,False,0.0,0.1,,c1_lewis_robinson,asymptotic,,0.05,1000,1000,0,0,0.078,0.008480330182251162,35.814,1.0,0.027163579073178682,35.814,0.04922782635027007,
power,E_copula_ar1_durations,in_spec,35,0.75,False,0.0,0.1,,c1_lewis_robinson,permutation,,0.05,1000,1000,0,0,0.071,0.008121514637061242,35.814,1.0,0.027163579073178682,35.814,0.04922782635027007,
power,E_copula_ar1_durations,in_spec,35,0.75,False,0.0,0.1,,c2_anderson_darling,asymptotic,,0.05,1000,1000,0,0,0.084,0.008771772910877254,35.814,1.0,0.027163579073178682,35.814,0.04922782635027007,
power,E_copula_ar1_durations,in_spec,35,0.75,False,0.0,0.1,,c2_anderson_darling,permutation,,0.05,1000,1000,0,0,0.082,0.008676174272108648,35.814,1.0,0.027163579073178682,35.814,0.04922782635027007,
power,E_copula_ar1_durations,in_spec,35,0.75,False,0.0,0.1,,c5_rank_autocorr,permutation,studentized,0.05,1000,1000,0,0,0.069,0.008014923580421713,35.814,1.0,0.027163579073178682,35.814,0.04922782635027007,
power,E_copula_ar1_durations,in_spec,35,0.75,False,0.0,0.1,,c5_rank_autocorr,permutation,unstudentized,0.05,1000,1000,0,0,0.061,0.0075682891065286355,35.814,1.0,0.027163579073178682,35.814,0.04922782635027007,
power,E_copula_ar1_durations,in_spec,35,0.75,False,0.0,0.1,,c6_exchangeability,permutation,,0.05,1000,1000,0,0,0.061,0.0075682891065286355,35.814,1.0,0.027163579073178682,35.814,0.04922782635027007,
power,E_copula_ar1_durations,in_spec,35,0.75,False,0.0,0.1,,cvm_cramer_von_mises,asymptotic,,0.05,1000,1000,0,0,0.074,0.00827792244467173,35.814,1.0,0.027163579073178682,35.814,0.04922782635027007,
power,E_copula_ar1_durations,in_spec,35,0.75,False,0.0,0.1,,cvm_cramer_von_mises,permutation,,0.05,1000,1000,0,0,0.071,0.008121514637061242,35.814,1.0,0.027163579073178682,35.814,0.04922782635027007,
power,E_copula_ar1_durations,in_spec,35,0.75,False,0.0,0.15,,c1_lewis_robinson,asymptotic,,0.05,1000,1000,0,0,0.082,0.008676174272108648,35.331,1.0,0.027524703421320632,35.331,0.09838212016460988,
power,E_copula_ar1_durations,in_spec,35,0.75,False,0.0,0.15,,c1_lewis_robinson,permutation,,0.05,1000,1000,0,0,0.075,0.008329165624478841,35.331,1.0,0.027524703421320632,35.331,0.09838212016460988,
power,E_copula_ar1_durations,in_spec,35,0.75,False,0.0,0.15,,c2_anderson_darling,asymptotic,,0.05,1000,1000,0,0,0.088,0.008958571314668427,35.331,1.0,0.027524703421320632,35.331,0.09838212016460988,
power,E_copula_ar1_durations,in_spec,35,0.75,False,0.0,0.15,,c2_anderson_darling,permutation,,0.05,1000,1000,0,0,0.091,0.009094998625618368,35.331,1.0,0.027524703421320632,35.331,0.09838212016460988,
power,E_copula_ar1_durations,in_spec,35,0.75,False,0.0,0.15,,c5_rank_autocorr,permutation,studentized,0.05,1000,1000,0,0,0.073,0.008226238508577295,35.331,1.0,0.027524703421320632,35.331,0.09838212016460988,
power,E_copula_ar1_durations,in_spec,35,0.75,False,0.0,0.15,,c5_rank_autocorr,permutation,unstudentized,0.05,1000,1000,0,0,0.061,0.0075682891065286355,35.331,1.0,0.027524703421320632,35.331,0.09838212016460988,
power,E_copula_ar1_durations,in_spec,35,0.75,False,0.0,0.15,,c6_exchangeability,permutation,,0.05,1000,1000,0,0,0.071,0.008121514637061242,35.331,1.0,0.027524703421320632,35.331,0.09838212016460988,
power,E_copula_ar1_durations,in_spec,35,0.75,False,0.0,0.15,,cvm_cramer_von_mises,asymptotic,,0.05,1000,1000,0,0,0.082,0.008676174272108648,35.331,1.0,0.027524703421320632,35.331,0.09838212016460988,
power,E_copula_ar1_durations,in_spec,35,0.75,False,0.0,0.15,,cvm_cramer_von_mises,permutation,,0.05,1000,1000,0,0,0.081,0.008627803892068943,35.331,1.0,0.027524703421320632,35.331,0.09838212016460988,
power,E_copula_ar1_durations,in_spec,35,0.75,False,0.0,0.2,,c1_lewis_robinson,asymptotic,,0.05,1000,1000,0,0,0.106,0.009734680272099337,35.813,1.0,0.02716431695325021,35.813,0.12827099416135815,
power,E_copula_ar1_durations,in_spec,35,0.75,False,0.0,0.2,,c1_lewis_robinson,permutation,,0.05,1000,1000,0,0,0.098,0.009401914698613257,35.813,1.0,0.02716431695325021,35.813,0.12827099416135815,
power,E_copula_ar1_durations,in_spec,35,0.75,False,0.0,0.2,,c2_anderson_darling,asymptotic,,0.05,1000,1000,0,0,0.123,0.010386096475577337,35.813,1.0,0.02716431695325021,35.813,0.12827099416135815,
power,E_copula_ar1_durations,in_spec,35,0.75,False,0.0,0.2,,c2_anderson_darling,permutation,,0.05,1000,1000,0,0,0.117,0.010164201887015036,35.813,1.0,0.02716431695325021,35.813,0.12827099416135815,
power,E_copula_ar1_durations,in_spec,35,0.75,False,0.0,0.2,,c5_rank_autocorr,permutation,studentized,0.05,1000,1000,0,0,0.087,0.00891240708226459,35.813,1.0,0.02716431695325021,35.813,0.12827099416135815,
power,E_copula_ar1_durations,in_spec,35,0.75,False,0.0,0.2,,c5_rank_autocorr,permutation,unstudentized,0.05,1000,1000,0,0,0.066,0.007851369307324678,35.813,1.0,0.02716431695325021,35.813,0.12827099416135815,
power,E_copula_ar1_durations,in_spec,35,0.75,False,0.0,0.2,,c6_exchangeability,permutation,,0.05,1000,1000,0,0,0.078,0.008480330182251162,35.813,1.0,0.02716431695325021,35.813,0.12827099416135815,
power,E_copula_ar1_durations,in_spec,35,0.75,False,0.0,0.2,,cvm_cramer_von_mises,asymptotic,,0.05,1000,1000,0,0,0.112,0.00997276290703835,35.813,1.0,0.02716431695325021,35.813,0.12827099416135815,
power,E_copula_ar1_durations,in_spec,35,0.75,False,0.0,0.2,,cvm_cramer_von_mises,permutation,,0.05,1000,1000,0,0,0.114,0.010050074626588601,35.813,1.0,0.02716431695325021,35.813,0.12827099416135815,
power,E_copula_ar1_durations,in_spec,35,0.75,False,0.0,0.3,,c1_lewis_robinson,asymptotic,,0.05,1000,1000,0,0,0.129,0.010599952830083727,35.762,1.0,0.027202002067352158,35.762,0.22129342025381907,
power,E_copula_ar1_durations,in_spec,35,0.75,False,0.0,0.3,,c1_lewis_robinson,permutation,,0.05,1000,1000,0,0,0.134,0.010772372069326236,35.762,1.0,0.027202002067352158,35.762,0.22129342025381907,
power,E_copula_ar1_durations,in_spec,35,0.75,False,0.0,0.3,,c2_anderson_darling,asymptotic,,0.05,1000,1000,0,0,0.152,0.011353237423748346,35.762,1.0,0.027202002067352158,35.762,0.22129342025381907,
power,E_copula_ar1_durations,in_spec,35,0.75,False,0.0,0.3,,c2_anderson_darling,permutation,,0.05,1000,1000,0,0,0.16,0.01159310139695155,35.762,1.0,0.027202002067352158,35.762,0.22129342025381907,
power,E_copula_ar1_durations,in_spec,35,0.75,False,0.0,0.3,,c5_rank_autocorr,permutation,studentized,0.05,1000,1000,0,0,0.177,0.012069424178476784,35.762,1.0,0.027202002067352158,35.762,0.22129342025381907,
power,E_copula_ar1_durations,in_spec,35,0.75,False,0.0,0.3,,c5_rank_autocorr,permutation,unstudentized,0.05,1000,1000,0,0,0.15,0.011291589790636216,35.762,1.0,0.027202002067352158,35.762,0.22129342025381907,
power,E_copula_ar1_durations,in_spec,35,0.75,False,0.0,0.3,,c6_exchangeability,permutation,,0.05,1000,1000,0,0,0.154,0.011414201680362931,35.762,1.0,0.027202002067352158,35.762,0.22129342025381907,
power,E_copula_ar1_durations,in_spec,35,0.75,False,0.0,0.3,,cvm_cramer_von_mises,asymptotic,,0.05,1000,1000,0,0,0.142,0.011037934589405754,35.762,1.0,0.027202002067352158,35.762,0.22129342025381907,
power,E_copula_ar1_durations,in_spec,35,0.75,False,0.0,0.3,,cvm_cramer_von_mises,permutation,,0.05,1000,1000,0,0,0.149,0.01126050620531777,35.762,1.0,0.027202002067352158,35.762,0.22129342025381907,
power,E_copula_ar1_durations,in_spec,35,0.75,False,0.0,0.5,,c1_lewis_robinson,asymptotic,,0.05,1000,999,1,0,0.22722722722722724,0.013257857489770824,36.82282282282282,1.0,0.02643906312028583,36.82282282282282,0.384029207313315,ValueError: no usable lag: segment sizes [2] give fewer than 2 within-segment pairs even at lag 1. A record of very short segments carries no ordering informati
power,E_copula_ar1_durations,in_spec,35,0.75,False,0.0,0.5,,c1_lewis_robinson,permutation,,0.05,1000,999,1,0,0.22122122122122123,0.013132206492054667,36.82282282282282,1.0,0.02643906312028583,36.82282282282282,0.384029207313315,ValueError: no usable lag: segment sizes [2] give fewer than 2 within-segment pairs even at lag 1. A record of very short segments carries no ordering informati
power,E_copula_ar1_durations,in_spec,35,0.75,False,0.0,0.5,,c2_anderson_darling,asymptotic,,0.05,1000,999,1,0,0.30430430430430433,0.014557304345103652,36.82282282282282,1.0,0.02643906312028583,36.82282282282282,0.384029207313315,ValueError: no usable lag: segment sizes [2] give fewer than 2 within-segment pairs even at lag 1. A record of very short segments carries no ordering informati
power,E_copula_ar1_durations,in_spec,35,0.75,False,0.0,0.5,,c2_anderson_darling,permutation,,0.05,1000,999,1,0,0.3033033033033033,0.014543793571143939,36.82282282282282,1.0,0.02643906312028583,36.82282282282282,0.384029207313315,ValueError: no usable lag: segment sizes [2] give fewer than 2 within-segment pairs even at lag 1. A record of very short segments carries no ordering informati
power,E_copula_ar1_durations,in_spec,35,0.75,False,0.0,0.5,,c5_rank_autocorr,permutation,studentized,0.05,1000,999,1,0,0.5635635635635635,0.015690948960033205,36.82282282282282,1.0,0.02643906312028583,36.82282282282282,0.384029207313315,ValueError: no usable lag: segment sizes [2] give fewer than 2 within-segment pairs even at lag 1. A record of very short segments carries no ordering informati
power,E_copula_ar1_durations,in_spec,35,0.75,False,0.0,0.5,,c5_rank_autocorr,permutation,unstudentized,0.05,1000,999,1,0,0.5035035035035035,0.015818911575283163,36.82282282282282,1.0,0.02643906312028583,36.82282282282282,0.384029207313315,ValueError: no usable lag: segment sizes [2] give fewer than 2 within-segment pairs even at lag 1. A record of very short segments carries no ordering informati
power,E_copula_ar1_durations,in_spec,35,0.75,False,0.0,0.5,,c6_exchangeability,permutation,,0.05,1000,999,1,0,0.4854854854854855,0.015812633184787553,36.82282282282282,1.0,0.02643906312028583,36.82282282282282,0.384029207313315,ValueError: no usable lag: segment sizes [2] give fewer than 2 within-segment pairs even at lag 1. A record of very short segments carries no ordering informati
power,E_copula_ar1_durations,in_spec,35,0.75,False,0.0,0.5,,cvm_cramer_von_mises,asymptotic,,0.05,1000,999,1,0,0.26426426426426425,0.01395074500459795,36.82282282282282,1.0,0.02643906312028583,36.82282282282282,0.384029207313315,ValueError: no usable lag: segment sizes [2] give fewer than 2 within-segment pairs even at lag 1. A record of very short segments carries no ordering informati
power,E_copula_ar1_durations,in_spec,35,0.75,False,0.0,0.5,,cvm_cramer_von_mises,permutation,,0.05,1000,999,1,0,0.2722722722722723,0.014083267392349346,36.82282282282282,1.0,0.02643906312028583,36.82282282282282,0.384029207313315,ValueError: no usable lag: segment sizes [2] give fewer than 2 within-segment pairs even at lag 1. A record of very short segments carries no ordering informati
power,D_trp_power_law,in_spec,35,1.5,False,0.0,,0.7,c1_lewis_robinson,asymptotic,,0.05,1000,1000,0,0,0.634,0.01523299051401267,34.656,1.0,0.028045770697778777,34.656,0.15230672753588095,
power,D_trp_power_law,in_spec,35,1.5,False,0.0,,0.7,c1_lewis_robinson,permutation,,0.05,1000,1000,0,0,0.621,0.015341414537127925,34.656,1.0,0.028045770697778777,34.656,0.15230672753588095,
power,D_trp_power_law,in_spec,35,1.5,False,0.0,,0.7,c2_anderson_darling,asymptotic,,0.05,1000,1000,0,0,0.699,0.014505137021069467,34.656,1.0,0.028045770697778777,34.656,0.15230672753588095,
power,D_trp_power_law,in_spec,35,1.5,False,0.0,,0.7,c2_anderson_darling,permutation,,0.05,1000,1000,0,0,0.688,0.014651143300097778,34.656,1.0,0.028045770697778777,34.656,0.15230672753588095,
power,D_trp_power_law,in_spec,35,1.5,False,0.0,,0.7,c5_rank_autocorr,permutation,studentized,0.05,1000,1000,0,0,0.181,0.0121753439376471,34.656,1.0,0.028045770697778777,34.656,0.15230672753588095,
power,D_trp_power_law,in_spec,35,1.5,False,0.0,,0.7,c5_rank_autocorr,permutation,unstudentized,0.05,1000,1000,0,0,0.124,0.010422283818818216,34.656,1.0,0.028045770697778777,34.656,0.15230672753588095,
power,D_trp_power_law,in_spec,35,1.5,False,0.0,,0.7,c6_exchangeability,permutation,,0.05,1000,1000,0,0,0.193,0.012480024038438387,34.656,1.0,0.028045770697778777,34.656,0.15230672753588095,
power,D_trp_power_law,in_spec,35,1.5,False,0.0,,0.7,cvm_cramer_von_mises,asymptotic,,0.05,1000,1000,0,0,0.616,0.015379986996093333,34.656,1.0,0.028045770697778777,34.656,0.15230672753588095,
power,D_trp_power_law,in_spec,35,1.5,False,0.0,,0.7,cvm_cramer_von_mises,permutation,,0.05,1000,1000,0,0,0.618,0.01536476488593301,34.656,1.0,0.028045770697778777,34.656,0.15230672753588095,
power,D_trp_power_law,in_spec,35,1.5,False,0.0,,0.85,c1_lewis_robinson,asymptotic,,0.05,1000,1000,0,0,0.184,0.012253326079069307,34.833,1.0,0.027907236346384617,34.833,0.01996013653602297,
power,D_trp_power_law,in_spec,35,1.5,False,0.0,,0.85,c1_lewis_robinson,permutation,,0.05,1000,1000,0,0,0.172,0.011933817494833746,34.833,1.0,0.027907236346384617,34.833,0.01996013653602297,
power,D_trp_power_law,in_spec,35,1.5,False,0.0,,0.85,c2_anderson_darling,asymptotic,,0.05,1000,1000,0,0,0.19,0.012405643876881199,34.833,1.0,0.027907236346384617,34.833,0.01996013653602297,
power,D_trp_power_law,in_spec,35,1.5,False,0.0,,0.85,c2_anderson_darling,permutation,,0.05,1000,1000,0,0,0.18,0.012149074038789953,34.833,1.0,0.027907236346384617,34.833,0.01996013653602297,
power,D_trp_power_law,in_spec,35,1.5,False,0.0,,0.85,c5_rank_autocorr,permutation,studentized,0.05,1000,1000,0,0,0.05,0.006892024376045111,34.833,1.0,0.027907236346384617,34.833,0.01996013653602297,
power,D_trp_power_law,in_spec,35,1.5,False,0.0,,0.85,c5_rank_autocorr,permutation,unstudentized,0.05,1000,1000,0,0,0.04,0.0061967733539318665,34.833,1.0,0.027907236346384617,34.833,0.01996013653602297,
power,D_trp_power_law,in_spec,35,1.5,False,0.0,,0.85,c6_exchangeability,permutation,,0.05,1000,1000,0,0,0.045,0.0065555320150236475,34.833,1.0,0.027907236346384617,34.833,0.01996013653602297,
power,D_trp_power_law,in_spec,35,1.5,False,0.0,,0.85,cvm_cramer_von_mises,asymptotic,,0.05,1000,1000,0,0,0.174,0.011988494484296182,34.833,1.0,0.027907236346384617,34.833,0.01996013653602297,
power,D_trp_power_law,in_spec,35,1.5,False,0.0,,0.85,cvm_cramer_von_mises,permutation,,0.05,1000,1000,0,0,0.156,0.011474493452871897,34.833,1.0,0.027907236346384617,34.833,0.01996013653602297,
power,D_trp_power_law,in_spec,35,1.5,False,0.0,,1.2,c1_lewis_robinson,asymptotic,,0.05,1000,1000,0,0,0.28,0.014198591479439079,34.505,1.0,0.02816504717645402,34.505,0.0042169636884198565,
power,D_trp_power_law,in_spec,35,1.5,False,0.0,,1.2,c1_lewis_robinson,permutation,,0.05,1000,1000,0,0,0.265,0.013956181426163821,34.505,1.0,0.02816504717645402,34.505,0.0042169636884198565,
power,D_trp_power_law,in_spec,35,1.5,False,0.0,,1.2,c2_anderson_darling,asymptotic,,0.05,1000,1000,0,0,0.283,0.014244683218660919,34.505,1.0,0.02816504717645402,34.505,0.0042169636884198565,
power,D_trp_power_law,in_spec,35,1.5,False,0.0,,1.2,c2_anderson_darling,permutation,,0.05,1000,1000,0,0,0.27,0.014039230748157109,34.505,1.0,0.02816504717645402,34.505,0.0042169636884198565,
power,D_trp_power_law,in_spec,35,1.5,False,0.0,,1.2,c5_rank_autocorr,permutation,studentized,0.05,1000,1000,0,0,0.054,0.007147307185227175,34.505,1.0,0.02816504717645402,34.505,0.0042169636884198565,
power,D_trp_power_law,in_spec,35,1.5,False,0.0,,1.2,c5_rank_autocorr,permutation,unstudentized,0.05,1000,1000,0,0,0.047,0.006692607862410586,34.505,1.0,0.02816504717645402,34.505,0.0042169636884198565,
power,D_trp_power_law,in_spec,35,1.5,False,0.0,,1.2,c6_exchangeability,permutation,,0.05,1000,1000,0,0,0.047,0.006692607862410586,34.505,1.0,0.02816504717645402,34.505,0.0042169636884198565,
power,D_trp_power_law,in_spec,35,1.5,False,0.0,,1.2,cvm_cramer_von_mises,asymptotic,,0.05,1000,1000,0,0,0.272,0.014071815803228808,34.505,1.0,0.02816504717645402,34.505,0.0042169636884198565,
power,D_trp_power_law,in_spec,35,1.5,False,0.0,,1.2,cvm_cramer_von_mises,permutation,,0.05,1000,1000,0,0,0.261,0.013888088421377507,34.505,1.0,0.02816504717645402,34.505,0.0042169636884198565,
power,D_trp_power_law,in_spec,35,1.5,False,0.0,,1.5,c1_lewis_robinson,asymptotic,,0.05,1000,1000,0,0,0.808,0.01245536029185828,34.745,1.0,0.027975940691005736,34.745,0.0930187197401031,
power,D_trp_power_law,in_spec,35,1.5,False,0.0,,1.5,c1_lewis_robinson,permutation,,0.05,1000,1000,0,0,0.814,0.012304633273690038,34.745,1.0,0.027975940691005736,34.745,0.0930187197401031,
power,D_trp_power_law,in_spec,35,1.5,False,0.0,,1.5,c2_anderson_darling,asymptotic,,0.05,1000,1000,0,0,0.807,0.012480024038438387,34.745,1.0,0.027975940691005736,34.745,0.0930187197401031,
power,D_trp_power_law,in_spec,35,1.5,False,0.0,,1.5,c2_anderson_darling,permutation,,0.05,1000,1000,0,0,0.824,0.012042591083317579,34.745,1.0,0.027975940691005736,34.745,0.0930187197401031,
power,D_trp_power_law,in_spec,35,1.5,False,0.0,,1.5,c5_rank_autocorr,permutation,studentized,0.05,1000,1000,0,0,0.112,0.00997276290703835,34.745,1.0,0.027975940691005736,34.745,0.0930187197401031,
power,D_trp_power_law,in_spec,35,1.5,False,0.0,,1.5,c5_rank_autocorr,permutation,unstudentized,0.05,1000,1000,0,0,0.073,0.008226238508577295,34.745,1.0,0.027975940691005736,34.745,0.0930187197401031,
power,D_trp_power_law,in_spec,35,1.5,False,0.0,,1.5,c6_exchangeability,permutation,,0.05,1000,1000,0,0,0.08,0.008579044235810887,34.745,1.0,0.027975940691005736,34.745,0.0930187197401031,
power,D_trp_power_law,in_spec,35,1.5,False,0.0,,1.5,cvm_cramer_von_mises,asymptotic,,0.05,1000,1000,0,0,0.792,0.012834952278836098,34.745,1.0,0.027975940691005736,34.745,0.0930187197401031,
power,D_trp_power_law,in_spec,35,1.5,False,0.0,,1.5,cvm_cramer_von_mises,permutation,,0.05,1000,1000,0,0,0.797,0.012719709116170855,34.745,1.0,0.027975940691005736,34.745,0.0930187197401031,
power,E_copula_ar1_durations,in_spec,35,1.5,False,0.0,0.05,,c1_lewis_robinson,asymptotic,,0.05,1000,1000,0,0,0.062,0.007626008130076967,34.532,1.0,0.028143645164921762,34.532,0.01110346926651308,
power,E_copula_ar1_durations,in_spec,35,1.5,False,0.0,0.05,,c1_lewis_robinson,permutation,,0.05,1000,1000,0,0,0.06,0.007509993342207435,34.532,1.0,0.028143645164921762,34.532,0.01110346926651308,
power,E_copula_ar1_durations,in_spec,35,1.5,False,0.0,0.05,,c2_anderson_darling,asymptotic,,0.05,1000,1000,0,0,0.062,0.007626008130076967,34.532,1.0,0.028143645164921762,34.532,0.01110346926651308,
power,E_copula_ar1_durations,in_spec,35,1.5,False,0.0,0.05,,c2_anderson_darling,permutation,,0.05,1000,1000,0,0,0.055,0.00720936890441875,34.532,1.0,0.028143645164921762,34.532,0.01110346926651308,
power,E_copula_ar1_durations,in_spec,35,1.5,False,0.0,0.05,,c5_rank_autocorr,permutation,studentized,0.05,1000,1000,0,0,0.057,0.007331507348424334,34.532,1.0,0.028143645164921762,34.532,0.01110346926651308,
power,E_copula_ar1_durations,in_spec,35,1.5,False,0.0,0.05,,c5_rank_autocorr,permutation,unstudentized,0.05,1000,1000,0,0,0.049,0.006826346021115542,34.532,1.0,0.028143645164921762,34.532,0.01110346926651308,
power,E_copula_ar1_durations,in_spec,35,1.5,False,0.0,0.05,,c6_exchangeability,permutation,,0.05,1000,1000,0,0,0.051,0.00695693898205238,34.532,1.0,0.028143645164921762,34.532,0.01110346926651308,
power,E_copula_ar1_durations,in_spec,35,1.5,False,0.0,0.05,,cvm_cramer_von_mises,asymptotic,,0.05,1000,1000,0,0,0.062,0.007626008130076967,34.532,1.0,0.028143645164921762,34.532,0.01110346926651308,
power,E_copula_ar1_durations,in_spec,35,1.5,False,0.0,0.05,,cvm_cramer_von_mises,permutation,,0.05,1000,1000,0,0,0.058,0.007391616873188166,34.532,1.0,0.028143645164921762,34.532,0.01110346926651308,
power,E_copula_ar1_durations,in_spec,35,1.5,False,0.0,0.1,,c1_lewis_robinson,asymptotic,,0.05,1000,1000,0,0,0.071,0.008121514637061242,34.829,1.0,0.027910351949538083,34.829,0.05582932985259536,
power,E_copula_ar1_durations,in_spec,35,1.5,False,0.0,0.1,,c1_lewis_robinson,permutation,,0.05,1000,1000,0,0,0.066,0.007851369307324678,34.829,1.0,0.027910351949538083,34.829,0.05582932985259536,
power,E_copula_ar1_durations,in_spec,35,1.5,False,0.0,0.1,,c2_anderson_darling,asymptotic,,0.05,1000,1000,0,0,0.087,0.00891240708226459,34.829,1.0,0.027910351949538083,34.829,0.05582932985259536,
power,E_copula_ar1_durations,in_spec,35,1.5,False,0.0,0.1,,c2_anderson_darling,permutation,,0.05,1000,1000,0,0,0.07,0.008068457101577725,34.829,1.0,0.027910351949538083,34.829,0.05582932985259536,
power,E_copula_ar1_durations,in_spec,35,1.5,False,0.0,0.1,,c5_rank_autocorr,permutation,studentized,0.05,1000,1000,0,0,0.054,0.007147307185227175,34.829,1.0,0.027910351949538083,34.829,0.05582932985259536,
power,E_copula_ar1_durations,in_spec,35,1.5,False,0.0,0.1,,c5_rank_autocorr,permutation,unstudentized,0.05,1000,1000,0,0,0.043,0.006414904519944158,34.829,1.0,0.027910351949538083,34.829,0.05582932985259536,
power,E_copula_ar1_durations,in_spec,35,1.5,False,0.0,0.1,,c6_exchangeability,permutation,,0.05,1000,1000,0,0,0.051,0.00695693898205238,34.829,1.0,0.027910351949538083,34.829,0.05582932985259536,
power,E_copula_ar1_durations,in_spec,35,1.5,False,0.0,0.1,,cvm_cramer_von_mises,asymptotic,,0.05,1000,1000,0,0,0.073,0.008226238508577295,34.829,1.0,0.027910351949538083,34.829,0.05582932985259536,
power,E_copula_ar1_durations,in_spec,35,1.5,False,0.0,0.1,,cvm_cramer_von_mises,permutation,,0.05,1000,1000,0,0,0.072,0.008174105455644672,34.829,1.0,0.027910351949538083,34.829,0.05582932985259536,
power,E_copula_ar1_durations,in_spec,35,1.5,False,0.0,0.15,,c1_lewis_robinson,asymptotic,,0.05,1000,1000,0,0,0.106,0.009734680272099337,34.834,1.0,0.027906457554278057,34.834,0.09765722141145665,
power,E_copula_ar1_durations,in_spec,35,1.5,False,0.0,0.15,,c1_lewis_robinson,permutation,,0.05,1000,1000,0,0,0.101,0.009528850927577786,34.834,1.0,0.027906457554278057,34.834,0.09765722141145665,
power,E_copula_ar1_durations,in_spec,35,1.5,False,0.0,0.15,,c2_anderson_darling,asymptotic,,0.05,1000,1000,0,0,0.126,0.010493998284733994,34.834,1.0,0.027906457554278057,34.834,0.09765722141145665,
power,E_copula_ar1_durations,in_spec,35,1.5,False,0.0,0.15,,c2_anderson_darling,permutation,,0.05,1000,1000,0,0,0.117,0.010164201887015036,34.834,1.0,0.027906457554278057,34.834,0.09765722141145665,
power,E_copula_ar1_durations,in_spec,35,1.5,False,0.0,0.15,,c5_rank_autocorr,permutation,studentized,0.05,1000,1000,0,0,0.073,0.008226238508577295,34.834,1.0,0.027906457554278057,34.834,0.09765722141145665,
power,E_copula_ar1_durations,in_spec,35,1.5,False,0.0,0.15,,c5_rank_autocorr,permutation,unstudentized,0.05,1000,1000,0,0,0.074,0.00827792244467173,34.834,1.0,0.027906457554278057,34.834,0.09765722141145665,
power,E_copula_ar1_durations,in_spec,35,1.5,False,0.0,0.15,,c6_exchangeability,permutation,,0.05,1000,1000,0,0,0.074,0.00827792244467173,34.834,1.0,0.027906457554278057,34.834,0.09765722141145665,
power,E_copula_ar1_durations,in_spec,35,1.5,False,0.0,0.15,,cvm_cramer_von_mises,asymptotic,,0.05,1000,1000,0,0,0.111,0.00993373041711924,34.834,1.0,0.027906457554278057,34.834,0.09765722141145665,
power,E_copula_ar1_durations,in_spec,35,1.5,False,0.0,0.15,,cvm_cramer_von_mises,permutation,,0.05,1000,1000,0,0,0.109,0.00985489725973843,34.834,1.0,0.027906457554278057,34.834,0.09765722141145665,
power,E_copula_ar1_durations,in_spec,35,1.5,False,0.0,0.2,,c1_lewis_robinson,asymptotic,,0.05,1000,1000,0,0,0.093,0.009184280047995052,34.782,1.0,0.027947012464367562,34.782,0.14308282405037556,
power,E_copula_ar1_durations,in_spec,35,1.5,False,0.0,0.2,,c1_lewis_robinson,permutation,,0.05,1000,1000,0,0,0.083,0.008724161850859944,34.782,1.0,0.027947012464367562,34.782,0.14308282405037556,
power,E_copula_ar1_durations,in_spec,35,1.5,False,0.0,0.2,,c2_anderson_darling,asymptotic,,0.05,1000,1000,0,0,0.111,0.00993373041711924,34.782,1.0,0.027947012464367562,34.782,0.14308282405037556,
power,E_copula_ar1_durations,in_spec,35,1.5,False,0.0,0.2,,c2_anderson_darling,permutation,,0.05,1000,1000,0,0,0.094,0.009228434320078352,34.782,1.0,0.027947012464367562,34.782,0.14308282405037556,
power,E_copula_ar1_durations,in_spec,35,1.5,False,0.0,0.2,,c5_rank_autocorr,permutation,studentized,0.05,1000,1000,0,0,0.107,0.009775019181566858,34.782,1.0,0.027947012464367562,34.782,0.14308282405037556,
power,E_copula_ar1_durations,in_spec,35,1.5,False,0.0,0.2,,c5_rank_autocorr,permutation,unstudentized,0.05,1000,1000,0,0,0.082,0.008676174272108648,34.782,1.0,0.027947012464367562,34.782,0.14308282405037556,
power,E_copula_ar1_durations,in_spec,35,1.5,False,0.0,0.2,,c6_exchangeability,permutation,,0.05,1000,1000,0,0,0.08,0.008579044235810887,34.782,1.0,0.027947012464367562,34.782,0.14308282405037556,
power,E_copula_ar1_durations,in_spec,35,1.5,False,0.0,0.2,,cvm_cramer_von_mises,asymptotic,,0.05,1000,1000,0,0,0.101,0.009528850927577786,34.782,1.0,0.027947012464367562,34.782,0.14308282405037556,
power,E_copula_ar1_durations,in_spec,35,1.5,False,0.0,0.2,,cvm_cramer_von_mises,permutation,,0.05,1000,1000,0,0,0.102,0.009570579919733181,34.782,1.0,0.027947012464367562,34.782,0.14308282405037556,
power,E_copula_ar1_durations,in_spec,35,1.5,False,0.0,0.3,,c1_lewis_robinson,asymptotic,,0.05,1000,1000,0,0,0.134,0.010772372069326236,34.938,1.0,0.02782569981635038,34.938,0.21519991453919535,
power,E_copula_ar1_durations,in_spec,35,1.5,False,0.0,0.3,,c1_lewis_robinson,permutation,,0.05,1000,1000,0,0,0.129,0.010599952830083727,34.938,1.0,0.02782569981635038,34.938,0.21519991453919535,
power,E_copula_ar1_durations,in_spec,35,1.5,False,0.0,0.3,,c2_anderson_darling,asymptotic,,0.05,1000,1000,0,0,0.177,0.012069424178476784,34.938,1.0,0.02782569981635038,34.938,0.21519991453919535,
power,E_copula_ar1_durations,in_spec,35,1.5,False,0.0,0.3,,c2_anderson_darling,permutation,,0.05,1000,1000,0,0,0.168,0.011822690049223147,34.938,1.0,0.02782569981635038,34.938,0.21519991453919535,
power,E_copula_ar1_durations,in_spec,35,1.5,False,0.0,0.3,,c5_rank_autocorr,permutation,studentized,0.05,1000,1000,0,0,0.191,0.012430567163247218,34.938,1.0,0.02782569981635038,34.938,0.21519991453919535,
power,E_copula_ar1_durations,in_spec,35,1.5,False,0.0,0.3,,c5_rank_autocorr,permutation,unstudentized,0.05,1000,1000,0,0,0.163,0.011680368144883106,34.938,1.0,0.02782569981635038,34.938,0.21519991453919535,
power,E_copula_ar1_durations,in_spec,35,1.5,False,0.0,0.3,,c6_exchangeability,permutation,,0.05,1000,1000,0,0,0.155,0.011444430960078356,34.938,1.0,0.02782569981635038,34.938,0.21519991453919535,
power,E_copula_ar1_durations,in_spec,35,1.5,False,0.0,0.3,,cvm_cramer_von_mises,asymptotic,,0.05,1000,1000,0,0,0.159,0.011563693181678594,34.938,1.0,0.02782569981635038,34.938,0.21519991453919535,
power,E_copula_ar1_durations,in_spec,35,1.5,False,0.0,0.3,,cvm_cramer_von_mises,permutation,,0.05,1000,1000,0,0,0.16,0.01159310139695155,34.938,1.0,0.02782569981635038,34.938,0.21519991453919535,
power,E_copula_ar1_durations,in_spec,35,1.5,False,0.0,0.5,,c1_lewis_robinson,asymptotic,,0.05,1000,1000,0,0,0.254,0.013765318739498916,35.455,1.0,0.0274310794129749,35.455,0.39762564036575704,
power,E_copula_ar1_durations,in_spec,35,1.5,False,0.0,0.5,,c1_lewis_robinson,permutation,,0.05,1000,1000,0,0,0.245,0.013600551459407815,35.455,1.0,0.0274310794129749,35.455,0.39762564036575704,
power,E_copula_ar1_durations,in_spec,35,1.5,False,0.0,0.5,,c2_anderson_darling,asymptotic,,0.05,1000,1000,0,0,0.354,0.015122301412152848,35.455,1.0,0.0274310794129749,35.455,0.39762564036575704,
power,E_copula_ar1_durations,in_spec,35,1.5,False,0.0,0.5,,c2_anderson_darling,permutation,,0.05,1000,1000,0,0,0.324,0.014799459449588015,35.455,1.0,0.0274310794129749,35.455,0.39762564036575704,
power,E_copula_ar1_durations,in_spec,35,1.5,False,0.0,0.5,,c5_rank_autocorr,permutation,studentized,0.05,1000,1000,0,0,0.584,0.015586660963785668,35.455,1.0,0.0274310794129749,35.455,0.39762564036575704,
power,E_copula_ar1_durations,in_spec,35,1.5,False,0.0,0.5,,c5_rank_autocorr,permutation,unstudentized,0.05,1000,1000,0,0,0.529,0.01578477114183161,35.455,1.0,0.0274310794129749,35.455,0.39762564036575704,
power,E_copula_ar1_durations,in_spec,35,1.5,False,0.0,0.5,,c6_exchangeability,permutation,,0.05,1000,1000,0,0,0.525,0.015791611697353755,35.455,1.0,0.0274310794129749,35.455,0.39762564036575704,
power,E_copula_ar1_durations,in_spec,35,1.5,False,0.0,0.5,,cvm_cramer_von_mises,asymptotic,,0.05,1000,1000,0,0,0.318,0.014726710426975875,35.455,1.0,0.0274310794129749,35.455,0.39762564036575704,
power,E_copula_ar1_durations,in_spec,35,1.5,False,0.0,0.5,,cvm_cramer_von_mises,permutation,,0.05,1000,1000,0,0,0.303,0.014532412050310162,35.455,1.0,0.0274310794129749,35.455,0.39762564036575704,
power,C_ar1_reads_carved,calendar,35,,False,0.0,0.05,,c1_lewis_robinson,asymptotic,,0.05,1000,1000,0,0,0.054,0.007147307185227175,35.238,1.0,0.02759534190628622,7.634,-0.02770661500941653,
power,C_ar1_reads_carved,calendar,35,,False,0.0,0.05,,c1_lewis_robinson,permutation,,0.05,1000,1000,0,0,0.05,0.006892024376045111,35.238,1.0,0.02759534190628622,7.634,-0.02770661500941653,
power,C_ar1_reads_carved,calendar,35,,False,0.0,0.05,,c2_anderson_darling,asymptotic,,0.05,1000,1000,0,0,0.067,0.007906389820898032,35.238,1.0,0.02759534190628622,7.634,-0.02770661500941653,
power,C_ar1_reads_carved,calendar,35,,False,0.0,0.05,,c2_anderson_darling,permutation,,0.05,1000,1000,0,0,0.044,0.006485676526007136,35.238,1.0,0.02759534190628622,7.634,-0.02770661500941653,
power,C_ar1_reads_carved,calendar,35,,False,0.0,0.05,,c5_rank_autocorr,permutation,studentized,0.05,1000,1000,0,0,0.051,0.00695693898205238,35.238,1.0,0.02759534190628622,7.634,-0.02770661500941653,
power,C_ar1_reads_carved,calendar,35,,False,0.0,0.05,,c5_rank_autocorr,permutation,unstudentized,0.05,1000,1000,0,0,0.048,0.006759881655768835,35.238,1.0,0.02759534190628622,7.634,-0.02770661500941653,
power,C_ar1_reads_carved,calendar,35,,False,0.0,0.05,,c6_exchangeability,permutation,,0.05,1000,1000,0,0,0.054,0.007147307185227175,35.238,1.0,0.02759534190628622,7.634,-0.02770661500941653,
power,C_ar1_reads_carved,calendar,35,,False,0.0,0.05,,cvm_cramer_von_mises,asymptotic,,0.05,1000,1000,0,0,0.057,0.007331507348424334,35.238,1.0,0.02759534190628622,7.634,-0.02770661500941653,
power,C_ar1_reads_carved,calendar,35,,False,0.0,0.05,,cvm_cramer_von_mises,permutation,,0.05,1000,1000,0,0,0.046,0.006624499981130651,35.238,1.0,0.02759534190628622,7.634,-0.02770661500941653,
power,C_ar1_reads_carved,in_spec,35,,False,0.0,0.05,,c5_rank_autocorr,permutation,studentized,0.05,1000,1000,0,0,0.047,0.006692607862410586,35.709,1.0,0.027241275981366966,5.683,-0.011283509480066168,
power,C_ar1_reads_carved,in_spec,35,,False,0.0,0.05,,c5_rank_autocorr,permutation,unstudentized,0.05,1000,1000,0,0,0.043,0.006414904519944158,35.709,1.0,0.027241275981366966,5.683,-0.011283509480066168,
power,C_ar1_reads_carved,in_spec,35,,False,0.0,0.05,,c6_exchangeability,permutation,,0.05,1000,1000,0,0,0.042,0.0063431853196954605,35.709,1.0,0.027241275981366966,5.683,-0.011283509480066168,
power,C_ar1_reads_carved,in_spec,35,,False,0.0,0.05,,cvm_cramer_von_mises,permutation,,0.05,1000,1000,0,0,0.045,0.0065555320150236475,35.709,1.0,0.027241275981366966,5.683,-0.011283509480066168,
power,C_ar1_reads_carved,calendar,35,,False,0.0,0.1,,c1_lewis_robinson,asymptotic,,0.05,1000,1000,0,0,0.06,0.007509993342207435,34.195,1.0,0.02841312686461145,7.797,-0.03244198822820614,
power,C_ar1_reads_carved,calendar,35,,False,0.0,0.1,,c1_lewis_robinson,permutation,,0.05,1000,1000,0,0,0.057,0.007331507348424334,34.195,1.0,0.02841312686461145,7.797,-0.03244198822820614,
power,C_ar1_reads_carved,calendar,35,,False,0.0,0.1,,c2_anderson_darling,asymptotic,,0.05,1000,1000,0,0,0.066,0.007851369307324678,34.195,1.0,0.02841312686461145,7.797,-0.03244198822820614,
power,C_ar1_reads_carved,calendar,35,,False,0.0,0.1,,c2_anderson_darling,permutation,,0.05,1000,1000,0,0,0.055,0.00720936890441875,34.195,1.0,0.02841312686461145,7.797,-0.03244198822820614,
power,C_ar1_reads_carved,calendar,35,,False,0.0,0.1,,c5_rank_autocorr,permutation,studentized,0.05,1000,1000,0,0,0.036,0.005891010100144117,34.195,1.0,0.02841312686461145,7.797,-0.03244198822820614,
power,C_ar1_reads_carved,calendar,35,,False,0.0,0.1,,c5_rank_autocorr,permutation,unstudentized,0.05,1000,1000,0,0,0.036,0.005891010100144117,34.195,1.0,0.02841312686461145,7.797,-0.03244198822820614,
power,C_ar1_reads_carved,calendar,35,,False,0.0,0.1,,c6_exchangeability,permutation,,0.05,1000,1000,0,0,0.047,0.006692607862410586,34.195,1.0,0.02841312686461145,7.797,-0.03244198822820614,
power,C_ar1_reads_carved,calendar,35,,False,0.0,0.1,,cvm_cramer_von_mises,asymptotic,,0.05,1000,1000,0,0,0.066,0.007851369307324678,34.195,1.0,0.02841312686461145,7.797,-0.03244198822820614,
power,C_ar1_reads_carved,calendar,35,,False,0.0,0.1,,cvm_cramer_von_mises,permutation,,0.05,1000,1000,0,0,0.059,0.007451107300260815,34.195,1.0,0.02841312686461145,7.797,-0.03244198822820614,
power,C_ar1_reads_carved,in_spec,35,,False,0.0,0.1,,c5_rank_autocorr,permutation,studentized,0.05,1000,1000,0,0,0.035,0.005811626278418116,34.681,1.0,0.02802612034416076,5.791,-0.03019109085780444,
power,C_ar1_reads_carved,in_spec,35,,False,0.0,0.1,,c5_rank_autocorr,permutation,unstudentized,0.05,1000,1000,0,0,0.033,0.005648982209212559,34.681,1.0,0.02802612034416076,5.791,-0.03019109085780444,
power,C_ar1_reads_carved,in_spec,35,,False,0.0,0.1,,c6_exchangeability,permutation,,0.05,1000,1000,0,0,0.044,0.006485676526007136,34.681,1.0,0.02802612034416076,5.791,-0.03019109085780444,
power,C_ar1_reads_carved,in_spec,35,,False,0.0,0.1,,cvm_cramer_von_mises,permutation,,0.05,1000,1000,0,0,0.043,0.006414904519944158,34.681,1.0,0.02802612034416076,5.791,-0.03019109085780444,
power,C_ar1_reads_carved,calendar,35,,False,0.0,0.15,,c1_lewis_robinson,asymptotic,,0.05,1000,1000,0,0,0.048,0.006759881655768835,33.087,1.0,0.02933669727462082,8.053,-0.03581026912419105,
power,C_ar1_reads_carved,calendar,35,,False,0.0,0.15,,c1_lewis_robinson,permutation,,0.05,1000,1000,0,0,0.047,0.006692607862410586,33.087,1.0,0.02933669727462082,8.053,-0.03581026912419105,
power,C_ar1_reads_carved,calendar,35,,False,0.0,0.15,,c2_anderson_darling,asymptotic,,0.05,1000,1000,0,0,0.06,0.007509993342207435,33.087,1.0,0.02933669727462082,8.053,-0.03581026912419105,
power,C_ar1_reads_carved,calendar,35,,False,0.0,0.15,,c2_anderson_darling,permutation,,0.05,1000,1000,0,0,0.051,0.00695693898205238,33.087,1.0,0.02933669727462082,8.053,-0.03581026912419105,
power,C_ar1_reads_carved,calendar,35,,False,0.0,0.15,,c5_rank_autocorr,permutation,studentized,0.05,1000,1000,0,0,0.035,0.005811626278418116,33.087,1.0,0.02933669727462082,8.053,-0.03581026912419105,
power,C_ar1_reads_carved,calendar,35,,False,0.0,0.15,,c5_rank_autocorr,permutation,unstudentized,0.05,1000,1000,0,0,0.043,0.006414904519944158,33.087,1.0,0.02933669727462082,8.053,-0.03581026912419105,
power,C_ar1_reads_carved,calendar,35,,False,0.0,0.15,,c6_exchangeability,permutation,,0.05,1000,1000,0,0,0.048,0.006759881655768835,33.087,1.0,0.02933669727462082,8.053,-0.03581026912419105,
power,C_ar1_reads_carved,calendar,35,,False,0.0,0.15,,cvm_cramer_von_mises,asymptotic,,0.05,1000,1000,0,0,0.053,0.00708456067798138,33.087,1.0,0.02933669727462082,8.053,-0.03581026912419105,
power,C_ar1_reads_carved,calendar,35,,False,0.0,0.15,,cvm_cramer_von_mises,permutation,,0.05,1000,1000,0,0,0.044,0.006485676526007136,33.087,1.0,0.02933669727462082,8.053,-0.03581026912419105,
power,C_ar1_reads_carved,in_spec,35,,False,0.0,0.15,,c5_rank_autocorr,permutation,studentized,0.05,1000,1000,0,0,0.045,0.0065555320150236475,33.494,1.0,0.028990549080999593,5.96,-0.03226234793206442,
power,C_ar1_reads_carved,in_spec,35,,False,0.0,0.15,,c5_rank_autocorr,permutation,unstudentized,0.05,1000,1000,0,0,0.048,0.006759881655768835,33.494,1.0,0.028990549080999593,5.96,-0.03226234793206442,
power,C_ar1_reads_carved,in_spec,35,,False,0.0,0.15,,c6_exchangeability,permutation,,0.05,1000,1000,0,0,0.043,0.006414904519944158,33.494,1.0,0.028990549080999593,5.96,-0.03226234793206442,
power,C_ar1_reads_carved,in_spec,35,,False,0.0,0.15,,cvm_cramer_von_mises,permutation,,0.05,1000,1000,0,0,0.047,0.006692607862410586,33.494,1.0,0.028990549080999593,5.96,-0.03226234793206442,
power,C_ar1_reads_carved,calendar,35,,False,0.0,0.2,,c1_lewis_robinson,asymptotic,,0.05,1000,1000,0,0,0.055,0.00720936890441875,32.1,1.0,0.030211480362537763,8.289,-0.023292951126054028,
power,C_ar1_reads_carved,calendar,35,,False,0.0,0.2,,c1_lewis_robinson,permutation,,0.05,1000,1000,0,0,0.049,0.006826346021115542,32.1,1.0,0.030211480362537763,8.289,-0.023292951126054028,
power,C_ar1_reads_carved,calendar,35,,False,0.0,0.2,,c2_anderson_darling,asymptotic,,0.05,1000,1000,0,0,0.068,0.007960904471226871,32.1,1.0,0.030211480362537763,8.289,-0.023292951126054028,
power,C_ar1_reads_carved,calendar,35,,False,0.0,0.2,,c2_anderson_darling,permutation,,0.05,1000,1000,0,0,0.052,0.007021111023192838,32.1,1.0,0.030211480362537763,8.289,-0.023292951126054028,
power,C_ar1_reads_carved,calendar,35,,False,0.0,0.2,,c5_rank_autocorr,permutation,studentized,0.05,1000,1000,0,0,0.037,0.005969170796685248,32.1,1.0,0.030211480362537763,8.289,-0.023292951126054028,
power,C_ar1_reads_carved,calendar,35,,False,0.0,0.2,,c5_rank_autocorr,permutation,unstudentized,0.05,1000,1000,0,0,0.039,0.006122009474020765,32.1,1.0,0.030211480362537763,8.289,-0.023292951126054028,
power,C_ar1_reads_carved,calendar,35,,False,0.0,0.2,,c6_exchangeability,permutation,,0.05,1000,1000,0,0,0.04,0.0061967733539318665,32.1,1.0,0.030211480362537763,8.289,-0.023292951126054028,
power,C_ar1_reads_carved,calendar,35,,False,0.0,0.2,,cvm_cramer_von_mises,asymptotic,,0.05,1000,1000,0,0,0.061,0.0075682891065286355,32.1,1.0,0.030211480362537763,8.289,-0.023292951126054028,
power,C_ar1_reads_carved,calendar,35,,False,0.0,0.2,,cvm_cramer_von_mises,permutation,,0.05,1000,1000,0,0,0.052,0.007021111023192838,32.1,1.0,0.030211480362537763,8.289,-0.023292951126054028,
power,C_ar1_reads_carved,in_spec,35,,False,0.0,0.2,,c5_rank_autocorr,permutation,studentized,0.05,1000,1000,0,0,0.06,0.007509993342207435,32.281,1.0,0.03004717406327935,6.084,-0.028528521547795185,
power,C_ar1_reads_carved,in_spec,35,,False,0.0,0.2,,c5_rank_autocorr,permutation,unstudentized,0.05,1000,1000,0,0,0.056,0.007270763371201128,32.281,1.0,0.03004717406327935,6.084,-0.028528521547795185,
power,C_ar1_reads_carved,in_spec,35,,False,0.0,0.2,,c6_exchangeability,permutation,,0.05,1000,1000,0,0,0.048,0.006759881655768835,32.281,1.0,0.03004717406327935,6.084,-0.028528521547795185,
power,C_ar1_reads_carved,in_spec,35,,False,0.0,0.2,,cvm_cramer_von_mises,permutation,,0.05,1000,1000,0,0,0.052,0.007021111023192838,32.281,1.0,0.03004717406327935,6.084,-0.028528521547795185,
power,C_ar1_reads_carved,calendar,35,,False,0.0,0.3,,c1_lewis_robinson,asymptotic,,0.05,1000,1000,0,0,0.053,0.00708456067798138,29.567,1.0,0.03271501946543658,8.811,-0.03769441717601086,
power,C_ar1_reads_carved,calendar,35,,False,0.0,0.3,,c1_lewis_robinson,permutation,,0.05,1000,1000,0,0,0.042,0.0063431853196954605,29.567,1.0,0.03271501946543658,8.811,-0.03769441717601086,
power,C_ar1_reads_carved,calendar,35,,False,0.0,0.3,,c2_anderson_darling,asymptotic,,0.05,1000,1000,0,0,0.06,0.007509993342207435,29.567,1.0,0.03271501946543658,8.811,-0.03769441717601086,
power,C_ar1_reads_carved,calendar,35,,False,0.0,0.3,,c2_anderson_darling,permutation,,0.05,1000,1000,0,0,0.044,0.006485676526007136,29.567,1.0,0.03271501946543658,8.811,-0.03769441717601086,
power,C_ar1_reads_carved,calendar,35,,False,0.0,0.3,,c5_rank_autocorr,permutation,studentized,0.05,1000,1000,0,0,0.049,0.006826346021115542,29.567,1.0,0.03271501946543658,8.811,-0.03769441717601086,
power,C_ar1_reads_carved,calendar,35,,False,0.0,0.3,,c5_rank_autocorr,permutation,unstudentized,0.05,1000,1000,0,0,0.049,0.006826346021115542,29.567,1.0,0.03271501946543658,8.811,-0.03769441717601086,
power,C_ar1_reads_carved,calendar,35,,False,0.0,0.3,,c6_exchangeability,permutation,,0.05,1000,1000,0,0,0.05,0.006892024376045111,29.567,1.0,0.03271501946543658,8.811,-0.03769441717601086,
power,C_ar1_reads_carved,calendar,35,,False,0.0,0.3,,cvm_cramer_von_mises,asymptotic,,0.05,1000,1000,0,0,0.055,0.00720936890441875,29.567,1.0,0.03271501946543658,8.811,-0.03769441717601086,
power,C_ar1_reads_carved,calendar,35,,False,0.0,0.3,,cvm_cramer_von_mises,permutation,,0.05,1000,1000,0,0,0.045,0.0065555320150236475,29.567,1.0,0.03271501946543658,8.811,-0.03769441717601086,
power,C_ar1_reads_carved,in_spec,35,,False,0.0,0.3,,c5_rank_autocorr,permutation,studentized,0.05,1000,1000,0,0,0.052,0.007021111023192838,30.077,1.0,0.032178138172925315,6.446,-0.03689089394495866,
power,C_ar1_reads_carved,in_spec,35,,False,0.0,0.3,,c5_rank_autocorr,permutation,unstudentized,0.05,1000,1000,0,0,0.061,0.0075682891065286355,30.077,1.0,0.032178138172925315,6.446,-0.03689089394495866,
power,C_ar1_reads_carved,in_spec,35,,False,0.0,0.3,,c6_exchangeability,permutation,,0.05,1000,1000,0,0,0.058,0.007391616873188166,30.077,1.0,0.032178138172925315,6.446,-0.03689089394495866,
power,C_ar1_reads_carved,in_spec,35,,False,0.0,0.3,,cvm_cramer_von_mises,permutation,,0.05,1000,1000,0,0,0.04,0.0061967733539318665,30.077,1.0,0.032178138172925315,6.446,-0.03689089394495866,
power,C_ar1_reads_carved,calendar,35,,False,0.0,0.5,,c1_lewis_robinson,asymptotic,,0.05,1000,1000,0,0,0.051,0.00695693898205238,24.549,1.0,0.03914047516536851,9.881,-0.04236465340046942,
power,C_ar1_reads_carved,calendar,35,,False,0.0,0.5,,c1_lewis_robinson,permutation,,0.05,1000,1000,0,0,0.049,0.006826346021115542,24.549,1.0,0.03914047516536851,9.881,-0.04236465340046942,
power,C_ar1_reads_carved,calendar,35,,False,0.0,0.5,,c2_anderson_darling,asymptotic,,0.05,1000,1000,0,0,0.06,0.007509993342207435,24.549,1.0,0.03914047516536851,9.881,-0.04236465340046942,
power,C_ar1_reads_carved,calendar,35,,False,0.0,0.5,,c2_anderson_darling,permutation,,0.05,1000,1000,0,0,0.046,0.006624499981130651,24.549,1.0,0.03914047516536851,9.881,-0.04236465340046942,
power,C_ar1_reads_carved,calendar,35,,False,0.0,0.5,,c5_rank_autocorr,permutation,studentized,0.05,1000,1000,0,0,0.056,0.007270763371201128,24.549,1.0,0.03914047516536851,9.881,-0.04236465340046942,
power,C_ar1_reads_carved,calendar,35,,False,0.0,0.5,,c5_rank_autocorr,permutation,unstudentized,0.05,1000,1000,0,0,0.052,0.007021111023192838,24.549,1.0,0.03914047516536851,9.881,-0.04236465340046942,
power,C_ar1_reads_carved,calendar,35,,False,0.0,0.5,,c6_exchangeability,permutation,,0.05,1000,1000,0,0,0.047,0.006692607862410586,24.549,1.0,0.03914047516536851,9.881,-0.04236465340046942,
power,C_ar1_reads_carved,calendar,35,,False,0.0,0.5,,cvm_cramer_von_mises,asymptotic,,0.05,1000,1000,0,0,0.055,0.00720936890441875,24.549,1.0,0.03914047516536851,9.881,-0.04236465340046942,
power,C_ar1_reads_carved,calendar,35,,False,0.0,0.5,,cvm_cramer_von_mises,permutation,,0.05,1000,1000,0,0,0.041,0.006270486424512854,24.549,1.0,0.03914047516536851,9.881,-0.04236465340046942,
power,C_ar1_reads_carved,in_spec,35,,False,0.0,0.5,,c5_rank_autocorr,permutation,studentized,0.05,1000,1000,0,0,0.047,0.006692607862410586,24.828,1.0,0.03871767074492798,7.212,-0.05204654709411611,
power,C_ar1_reads_carved,in_spec,35,,False,0.0,0.5,,c5_rank_autocorr,permutation,unstudentized,0.05,1000,1000,0,0,0.051,0.00695693898205238,24.828,1.0,0.03871767074492798,7.212,-0.05204654709411611,
power,C_ar1_reads_carved,in_spec,35,,False,0.0,0.5,,c6_exchangeability,permutation,,0.05,1000,1000,0,0,0.057,0.007331507348424334,24.828,1.0,0.03871767074492798,7.212,-0.05204654709411611,
power,C_ar1_reads_carved,in_spec,35,,False,0.0,0.5,,cvm_cramer_von_mises,permutation,,0.05,1000,1000,0,0,0.049,0.006826346021115542,24.828,1.0,0.03871767074492798,7.212,-0.05204654709411611,
power,D_trp_power_law,in_spec,50,0.75,False,0.0,,0.7,c1_lewis_robinson,asymptotic,,0.05,1000,1000,0,0,0.364,0.015215255502291114,50.202,1.0,0.019530487090348034,50.202,0.04522588357769868,
power,D_trp_power_law,in_spec,50,0.75,False,0.0,,0.7,c1_lewis_robinson,permutation,,0.05,1000,1000,0,0,0.357,0.015150940564862632,50.202,1.0,0.019530487090348034,50.202,0.04522588357769868,
power,D_trp_power_law,in_spec,50,0.75,False,0.0,,0.7,c2_anderson_darling,asymptotic,,0.05,1000,1000,0,0,0.432,0.01566448211719749,50.202,1.0,0.019530487090348034,50.202,0.04522588357769868,
power,D_trp_power_law,in_spec,50,0.75,False,0.0,,0.7,c2_anderson_darling,permutation,,0.05,1000,1000,0,0,0.425,0.01563249820086348,50.202,1.0,0.019530487090348034,50.202,0.04522588357769868,
power,D_trp_power_law,in_spec,50,0.75,False,0.0,,0.7,c5_rank_autocorr,permutation,studentized,0.05,1000,1000,0,0,0.111,0.00993373041711924,50.202,1.0,0.019530487090348034,50.202,0.04522588357769868,
power,D_trp_power_law,in_spec,50,0.75,False,0.0,,0.7,c5_rank_autocorr,permutation,unstudentized,0.05,1000,1000,0,0,0.091,0.009094998625618368,50.202,1.0,0.019530487090348034,50.202,0.04522588357769868,
power,D_trp_power_law,in_spec,50,0.75,False,0.0,,0.7,c6_exchangeability,permutation,,0.05,1000,1000,0,0,0.098,0.009401914698613257,50.202,1.0,0.019530487090348034,50.202,0.04522588357769868,
power,D_trp_power_law,in_spec,50,0.75,False,0.0,,0.7,cvm_cramer_von_mises,asymptotic,,0.05,1000,1000,0,0,0.334,0.014914556647785411,50.202,1.0,0.019530487090348034,50.202,0.04522588357769868,
power,D_trp_power_law,in_spec,50,0.75,False,0.0,,0.7,cvm_cramer_von_mises,permutation,,0.05,1000,1000,0,0,0.334,0.014914556647785411,50.202,1.0,0.019530487090348034,50.202,0.04522588357769868,
power,D_trp_power_law,in_spec,50,0.75,False,0.0,,0.85,c1_lewis_robinson,asymptotic,,0.05,1000,1000,0,0,0.139,0.010939789760319894,50.288,1.0,0.019497738262361567,50.288,-0.0070256867028095195,
power,D_trp_power_law,in_spec,50,0.75,False,0.0,,0.85,c1_lewis_robinson,permutation,,0.05,1000,1000,0,0,0.129,0.010599952830083727,50.288,1.0,0.019497738262361567,50.288,-0.0070256867028095195,
power,D_trp_power_law,in_spec,50,0.75,False,0.0,,0.85,c2_anderson_darling,asymptotic,,0.05,1000,1000,0,0,0.147,0.011197812286335219,50.288,1.0,0.019497738262361567,50.288,-0.0070256867028095195,
power,D_trp_power_law,in_spec,50,0.75,False,0.0,,0.85,c2_anderson_darling,permutation,,0.05,1000,1000,0,0,0.143,0.011070275515993266,50.288,1.0,0.019497738262361567,50.288,-0.0070256867028095195,
power,D_trp_power_law,in_spec,50,0.75,False,0.0,,0.85,c5_rank_autocorr,permutation,studentized,0.05,1000,1000,0,0,0.055,0.00720936890441875,50.288,1.0,0.019497738262361567,50.288,-0.0070256867028095195,
power,D_trp_power_law,in_spec,50,0.75,False,0.0,,0.85,c5_rank_autocorr,permutation,unstudentized,0.05,1000,1000,0,0,0.049,0.006826346021115542,50.288,1.0,0.019497738262361567,50.288,-0.0070256867028095195,
power,D_trp_power_law,in_spec,50,0.75,False,0.0,,0.85,c6_exchangeability,permutation,,0.05,1000,1000,0,0,0.047,0.006692607862410586,50.288,1.0,0.019497738262361567,50.288,-0.0070256867028095195,
power,D_trp_power_law,in_spec,50,0.75,False,0.0,,0.85,cvm_cramer_von_mises,asymptotic,,0.05,1000,1000,0,0,0.124,0.010422283818818216,50.288,1.0,0.019497738262361567,50.288,-0.0070256867028095195,
power,D_trp_power_law,in_spec,50,0.75,False,0.0,,0.85,cvm_cramer_von_mises,permutation,,0.05,1000,1000,0,0,0.117,0.010164201887015036,50.288,1.0,0.019497738262361567,50.288,-0.0070256867028095195,
power,D_trp_power_law,in_spec,50,0.75,False,0.0,,1.2,c1_lewis_robinson,asymptotic,,0.05,1000,1000,0,0,0.119,0.010239091756596383,50.576,1.0,0.019388863037071505,50.576,-0.012942605364056173,
power,D_trp_power_law,in_spec,50,0.75,False,0.0,,1.2,c1_lewis_robinson,permutation,,0.05,1000,1000,0,0,0.125,0.010458250331675944,50.576,1.0,0.019388863037071505,50.576,-0.012942605364056173,
power,D_trp_power_law,in_spec,50,0.75,False,0.0,,1.2,c2_anderson_darling,asymptotic,,0.05,1000,1000,0,0,0.101,0.009528850927577786,50.576,1.0,0.019388863037071505,50.576,-0.012942605364056173,
power,D_trp_power_law,in_spec,50,0.75,False,0.0,,1.2,c2_anderson_darling,permutation,,0.05,1000,1000,0,0,0.112,0.00997276290703835,50.576,1.0,0.019388863037071505,50.576,-0.012942605364056173,
power,D_trp_power_law,in_spec,50,0.75,False,0.0,,1.2,c5_rank_autocorr,permutation,studentized,0.05,1000,1000,0,0,0.037,0.005969170796685248,50.576,1.0,0.019388863037071505,50.576,-0.012942605364056173,
power,D_trp_power_law,in_spec,50,0.75,False,0.0,,1.2,c5_rank_autocorr,permutation,unstudentized,0.05,1000,1000,0,0,0.038,0.006046155803483731,50.576,1.0,0.019388863037071505,50.576,-0.012942605364056173,
power,D_trp_power_law,in_spec,50,0.75,False,0.0,,1.2,c6_exchangeability,permutation,,0.05,1000,1000,0,0,0.048,0.006759881655768835,50.576,1.0,0.019388863037071505,50.576,-0.012942605364056173,
power,D_trp_power_law,in_spec,50,0.75,False,0.0,,1.2,cvm_cramer_von_mises,asymptotic,,0.05,1000,1000,0,0,0.106,0.009734680272099337,50.576,1.0,0.019388863037071505,50.576,-0.012942605364056173,
power,D_trp_power_law,in_spec,50,0.75,False,0.0,,1.2,cvm_cramer_von_mises,permutation,,0.05,1000,1000,0,0,0.122,0.010349685985574635,50.576,1.0,0.019388863037071505,50.576,-0.012942605364056173,
power,D_trp_power_law,in_spec,50,0.75,False,0.0,,1.5,c1_lewis_robinson,asymptotic,,0.05,1000,1000,0,0,0.393,0.015445096309184997,50.422,1.0,0.019446929329858816,50.422,0.017242372546730472,
power,D_trp_power_law,in_spec,50,0.75,False,0.0,,1.5,c1_lewis_robinson,permutation,,0.05,1000,1000,0,0,0.415,0.015581238718407466,50.422,1.0,0.019446929329858816,50.422,0.017242372546730472,
power,D_trp_power_law,in_spec,50,0.75,False,0.0,,1.5,c2_anderson_darling,asymptotic,,0.05,1000,1000,0,0,0.348,0.015063067416698366,50.422,1.0,0.019446929329858816,50.422,0.017242372546730472,
power,D_trp_power_law,in_spec,50,0.75,False,0.0,,1.5,c2_anderson_darling,permutation,,0.05,1000,1000,0,0,0.39,0.01542400726140908,50.422,1.0,0.019446929329858816,50.422,0.017242372546730472,
power,D_trp_power_law,in_spec,50,0.75,False,0.0,,1.5,c5_rank_autocorr,permutation,studentized,0.05,1000,1000,0,0,0.054,0.007147307185227175,50.422,1.0,0.019446929329858816,50.422,0.017242372546730472,
power,D_trp_power_law,in_spec,50,0.75,False,0.0,,1.5,c5_rank_autocorr,permutation,unstudentized,0.05,1000,1000,0,0,0.043,0.006414904519944158,50.422,1.0,0.019446929329858816,50.422,0.017242372546730472,
power,D_trp_power_law,in_spec,50,0.75,False,0.0,,1.5,c6_exchangeability,permutation,,0.05,1000,1000,0,0,0.045,0.0065555320150236475,50.422,1.0,0.019446929329858816,50.422,0.017242372546730472,
power,D_trp_power_law,in_spec,50,0.75,False,0.0,,1.5,cvm_cramer_von_mises,asymptotic,,0.05,1000,1000,0,0,0.359,0.01516967369457893,50.422,1.0,0.019446929329858816,50.422,0.017242372546730472,
power,D_trp_power_law,in_spec,50,0.75,False,0.0,,1.5,cvm_cramer_von_mises,permutation,,0.05,1000,1000,0,0,0.402,0.015504708962118573,50.422,1.0,0.019446929329858816,50.422,0.017242372546730472,
power,E_copula_ar1_durations,in_spec,50,0.75,False,0.0,0.05,,c1_lewis_robinson,asymptotic,,0.05,1000,1000,0,0,0.064,0.007739767438366608,50.049,1.0,0.019589022311896413,50.049,0.033584444629762754,
power,E_copula_ar1_durations,in_spec,50,0.75,False,0.0,0.05,,c1_lewis_robinson,permutation,,0.05,1000,1000,0,0,0.068,0.007960904471226871,50.049,1.0,0.019589022311896413,50.049,0.033584444629762754,
power,E_copula_ar1_durations,in_spec,50,0.75,False,0.0,0.05,,c2_anderson_darling,asymptotic,,0.05,1000,1000,0,0,0.062,0.007626008130076967,50.049,1.0,0.019589022311896413,50.049,0.033584444629762754,
power,E_copula_ar1_durations,in_spec,50,0.75,False,0.0,0.05,,c2_anderson_darling,permutation,,0.05,1000,1000,0,0,0.062,0.007626008130076967,50.049,1.0,0.019589022311896413,50.049,0.033584444629762754,
power,E_copula_ar1_durations,in_spec,50,0.75,False,0.0,0.05,,c5_rank_autocorr,permutation,studentized,0.05,1000,1000,0,0,0.047,0.006692607862410586,50.049,1.0,0.019589022311896413,50.049,0.033584444629762754,
power,E_copula_ar1_durations,in_spec,50,0.75,False,0.0,0.05,,c5_rank_autocorr,permutation,unstudentized,0.05,1000,1000,0,0,0.042,0.0063431853196954605,50.049,1.0,0.019589022311896413,50.049,0.033584444629762754,
power,E_copula_ar1_durations,in_spec,50,0.75,False,0.0,0.05,,c6_exchangeability,permutation,,0.05,1000,1000,0,0,0.036,0.005891010100144117,50.049,1.0,0.019589022311896413,50.049,0.033584444629762754,
power,E_copula_ar1_durations,in_spec,50,0.75,False,0.0,0.05,,cvm_cramer_von_mises,asymptotic,,0.05,1000,1000,0,0,0.062,0.007626008130076967,50.049,1.0,0.019589022311896413,50.049,0.033584444629762754,
power,E_copula_ar1_durations,in_spec,50,0.75,False,0.0,0.05,,cvm_cramer_von_mises,permutation,,0.05,1000,1000,0,0,0.064,0.007739767438366608,50.049,1.0,0.019589022311896413,50.049,0.033584444629762754,
power,E_copula_ar1_durations,in_spec,50,0.75,False,0.0,0.1,,c1_lewis_robinson,asymptotic,,0.05,1000,1000,0,0,0.065,0.007795832219846705,50.155,1.0,0.01954843123839312,50.155,0.06596680275142132,
power,E_copula_ar1_durations,in_spec,50,0.75,False,0.0,0.1,,c1_lewis_robinson,permutation,,0.05,1000,1000,0,0,0.061,0.0075682891065286355,50.155,1.0,0.01954843123839312,50.155,0.06596680275142132,
power,E_copula_ar1_durations,in_spec,50,0.75,False,0.0,0.1,,c2_anderson_darling,asymptotic,,0.05,1000,1000,0,0,0.073,0.008226238508577295,50.155,1.0,0.01954843123839312,50.155,0.06596680275142132,
power,E_copula_ar1_durations,in_spec,50,0.75,False,0.0,0.1,,c2_anderson_darling,permutation,,0.05,1000,1000,0,0,0.072,0.008174105455644672,50.155,1.0,0.01954843123839312,50.155,0.06596680275142132,
power,E_copula_ar1_durations,in_spec,50,0.75,False,0.0,0.1,,c5_rank_autocorr,permutation,studentized,0.05,1000,1000,0,0,0.065,0.007795832219846705,50.155,1.0,0.01954843123839312,50.155,0.06596680275142132,
power,E_copula_ar1_durations,in_spec,50,0.75,False,0.0,0.1,,c5_rank_autocorr,permutation,unstudentized,0.05,1000,1000,0,0,0.059,0.007451107300260815,50.155,1.0,0.01954843123839312,50.155,0.06596680275142132,
power,E_copula_ar1_durations,in_spec,50,0.75,False,0.0,0.1,,c6_exchangeability,permutation,,0.05,1000,1000,0,0,0.055,0.00720936890441875,50.155,1.0,0.01954843123839312,50.155,0.06596680275142132,
power,E_copula_ar1_durations,in_spec,50,0.75,False,0.0,0.1,,cvm_cramer_von_mises,asymptotic,,0.05,1000,1000,0,0,0.068,0.007960904471226871,50.155,1.0,0.01954843123839312,50.155,0.06596680275142132,
power,E_copula_ar1_durations,in_spec,50,0.75,False,0.0,0.1,,cvm_cramer_von_mises,permutation,,0.05,1000,1000,0,0,0.065,0.007795832219846705,50.155,1.0,0.01954843123839312,50.155,0.06596680275142132,
power,E_copula_ar1_durations,in_spec,50,0.75,False,0.0,0.15,,c1_lewis_robinson,asymptotic,,0.05,1000,1000,0,0,0.088,0.008958571314668427,50.826,1.0,0.019295334388144948,50.826,0.10877234079244938,
power,E_copula_ar1_durations,in_spec,50,0.75,False,0.0,0.15,,c1_lewis_robinson,permutation,,0.05,1000,1000,0,0,0.081,0.008627803892068943,50.826,1.0,0.019295334388144948,50.826,0.10877234079244938,
power,E_copula_ar1_durations,in_spec,50,0.75,False,0.0,0.15,,c2_anderson_darling,asymptotic,,0.05,1000,1000,0,0,0.094,0.009228434320078352,50.826,1.0,0.019295334388144948,50.826,0.10877234079244938,
power,E_copula_ar1_durations,in_spec,50,0.75,False,0.0,0.15,,c2_anderson_darling,permutation,,0.05,1000,1000,0,0,0.088,0.008958571314668427,50.826,1.0,0.019295334388144948,50.826,0.10877234079244938,
power,E_copula_ar1_durations,in_spec,50,0.75,False,0.0,0.15,,c5_rank_autocorr,permutation,studentized,0.05,1000,1000,0,0,0.091,0.009094998625618368,50.826,1.0,0.019295334388144948,50.826,0.10877234079244938,
power,E_copula_ar1_durations,in_spec,50,0.75,False,0.0,0.15,,c5_rank_autocorr,permutation,unstudentized,0.05,1000,1000,0,0,0.08,0.008579044235810887,50.826,1.0,0.019295334388144948,50.826,0.10877234079244938,
power,E_copula_ar1_durations,in_spec,50,0.75,False,0.0,0.15,,c6_exchangeability,permutation,,0.05,1000,1000,0,0,0.09,0.009049861877399014,50.826,1.0,0.019295334388144948,50.826,0.10877234079244938,
power,E_copula_ar1_durations,in_spec,50,0.75,False,0.0,0.15,,cvm_cramer_von_mises,asymptotic,,0.05,1000,1000,0,0,0.09,0.009049861877399014,50.826,1.0,0.019295334388144948,50.826,0.10877234079244938,
power,E_copula_ar1_durations,in_spec,50,0.75,False,0.0,0.15,,cvm_cramer_von_mises,permutation,,0.05,1000,1000,0,0,0.087,0.00891240708226459,50.826,1.0,0.019295334388144948,50.826,0.10877234079244938,
power,E_copula_ar1_durations,in_spec,50,0.75,False,0.0,0.2,,c1_lewis_robinson,asymptotic,,0.05,1000,1000,0,0,0.094,0.009228434320078352,51.174,1.0,0.019166634722275463,51.174,0.14770692355699763,
power,E_copula_ar1_durations,in_spec,50,0.75,False,0.0,0.2,,c1_lewis_robinson,permutation,,0.05,1000,1000,0,0,0.089,0.00900438781928011,51.174,1.0,0.019166634722275463,51.174,0.14770692355699763,
power,E_copula_ar1_durations,in_spec,50,0.75,False,0.0,0.2,,c2_anderson_darling,asymptotic,,0.05,1000,1000,0,0,0.11,0.009894442884771228,51.174,1.0,0.019166634722275463,51.174,0.14770692355699763,
power,E_copula_ar1_durations,in_spec,50,0.75,False,0.0,0.2,,c2_anderson_darling,permutation,,0.05,1000,1000,0,0,0.106,0.009734680272099337,51.174,1.0,0.019166634722275463,51.174,0.14770692355699763,
power,E_copula_ar1_durations,in_spec,50,0.75,False,0.0,0.2,,c5_rank_autocorr,permutation,studentized,0.05,1000,1000,0,0,0.129,0.010599952830083727,51.174,1.0,0.019166634722275463,51.174,0.14770692355699763,
power,E_copula_ar1_durations,in_spec,50,0.75,False,0.0,0.2,,c5_rank_autocorr,permutation,unstudentized,0.05,1000,1000,0,0,0.114,0.010050074626588601,51.174,1.0,0.019166634722275463,51.174,0.14770692355699763,
power,E_copula_ar1_durations,in_spec,50,0.75,False,0.0,0.2,,c6_exchangeability,permutation,,0.05,1000,1000,0,0,0.111,0.00993373041711924,51.174,1.0,0.019166634722275463,51.174,0.14770692355699763,
power,E_copula_ar1_durations,in_spec,50,0.75,False,0.0,0.2,,cvm_cramer_von_mises,asymptotic,,0.05,1000,1000,0,0,0.099,0.009444522221901964,51.174,1.0,0.019166634722275463,51.174,0.14770692355699763,
power,E_copula_ar1_durations,in_spec,50,0.75,False,0.0,0.2,,cvm_cramer_von_mises,permutation,,0.05,1000,1000,0,0,0.097,0.00935900635751467,51.174,1.0,0.019166634722275463,51.174,0.14770692355699763,
power,E_copula_ar1_durations,in_spec,50,0.75,False,0.0,0.3,,c1_lewis_robinson,asymptotic,,0.05,1000,1000,0,0,0.128,0.010564847372300274,51.057,1.0,0.019209712430604913,51.057,0.2393683536065653,
power,E_copula_ar1_durations,in_spec,50,0.75,False,0.0,0.3,,c1_lewis_robinson,permutation,,0.05,1000,1000,0,0,0.127,0.010529529904036551,51.057,1.0,0.019209712430604913,51.057,0.2393683536065653,
power,E_copula_ar1_durations,in_spec,50,0.75,False,0.0,0.3,,c2_anderson_darling,asymptotic,,0.05,1000,1000,0,0,0.148,0.011229247525992114,51.057,1.0,0.019209712430604913,51.057,0.2393683536065653,
power,E_copula_ar1_durations,in_spec,50,0.75,False,0.0,0.3,,c2_anderson_darling,permutation,,0.05,1000,1000,0,0,0.15,0.011291589790636216,51.057,1.0,0.019209712430604913,51.057,0.2393683536065653,
power,E_copula_ar1_durations,in_spec,50,0.75,False,0.0,0.3,,c5_rank_autocorr,permutation,studentized,0.05,1000,1000,0,0,0.296,0.01443551176785915,51.057,1.0,0.019209712430604913,51.057,0.2393683536065653,
power,E_copula_ar1_durations,in_spec,50,0.75,False,0.0,0.3,,c5_rank_autocorr,permutation,unstudentized,0.05,1000,1000,0,0,0.255,0.013783141876945184,51.057,1.0,0.019209712430604913,51.057,0.2393683536065653,
power,E_copula_ar1_durations,in_spec,50,0.75,False,0.0,0.3,,c6_exchangeability,permutation,,0.05,1000,1000,0,0,0.229,0.013287550564344055,51.057,1.0,0.019209712430604913,51.057,0.2393683536065653,
power,E_copula_ar1_durations,in_spec,50,0.75,False,0.0,0.3,,cvm_cramer_von_mises,asymptotic,,0.05,1000,1000,0,0,0.14,0.010972693379476163,51.057,1.0,0.019209712430604913,51.057,0.2393683536065653,
power,E_copula_ar1_durations,in_spec,50,0.75,False,0.0,0.3,,cvm_cramer_von_mises,permutation,,0.05,1000,1000,0,0,0.142,0.011037934589405754,51.057,1.0,0.019209712430604913,51.057,0.2393683536065653,
power,E_copula_ar1_durations,in_spec,50,0.75,False,0.0,0.5,,c1_lewis_robinson,asymptotic,,0.05,1000,1000,0,0,0.234,0.013388203763014663,52.059,1.0,0.018846943968035584,52.059,0.4242221286654966,
power,E_copula_ar1_durations,in_spec,50,0.75,False,0.0,0.5,,c1_lewis_robinson,permutation,,0.05,1000,1000,0,0,0.234,0.013388203763014663,52.059,1.0,0.018846943968035584,52.059,0.4242221286654966,
power,E_copula_ar1_durations,in_spec,50,0.75,False,0.0,0.5,,c2_anderson_darling,asymptotic,,0.05,1000,1000,0,0,0.309,0.014612289348353324,52.059,1.0,0.018846943968035584,52.059,0.4242221286654966,
power,E_copula_ar1_durations,in_spec,50,0.75,False,0.0,0.5,,c2_anderson_darling,permutation,,0.05,1000,1000,0,0,0.319,0.014739029818817792,52.059,1.0,0.018846943968035584,52.059,0.4242221286654966,
power,E_copula_ar1_durations,in_spec,50,0.75,False,0.0,0.5,,c5_rank_autocorr,permutation,studentized,0.05,1000,1000,0,0,0.779,0.01312093746650749,52.059,1.0,0.018846943968035584,52.059,0.4242221286654966,
power,E_copula_ar1_durations,in_spec,50,0.75,False,0.0,0.5,,c5_rank_autocorr,permutation,unstudentized,0.05,1000,1000,0,0,0.741,0.013853483316480371,52.059,1.0,0.018846943968035584,52.059,0.4242221286654966,
power,E_copula_ar1_durations,in_spec,50,0.75,False,0.0,0.5,,c6_exchangeability,permutation,,0.05,1000,1000,0,0,0.689,0.014638271755914358,52.059,1.0,0.018846943968035584,52.059,0.4242221286654966,
power,E_copula_ar1_durations,in_spec,50,0.75,False,0.0,0.5,,cvm_cramer_von_mises,asymptotic,,0.05,1000,1000,0,0,0.28,0.014198591479439079,52.059,1.0,0.018846943968035584,52.059,0.4242221286654966,
power,E_copula_ar1_durations,in_spec,50,0.75,False,0.0,0.5,,cvm_cramer_von_mises,permutation,,0.05,1000,1000,0,0,0.286,0.014289996501049255,52.059,1.0,0.018846943968035584,52.059,0.4242221286654966,
power,D_trp_power_law,in_spec,50,1.5,False,0.0,,0.7,c1_lewis_robinson,asymptotic,,0.05,1000,1000,0,0,0.822,0.012096115078817663,49.646,1.0,0.019744895944398374,49.646,0.16391650169369484,
power,D_trp_power_law,in_spec,50,1.5,False,0.0,,0.7,c1_lewis_robinson,permutation,,0.05,1000,1000,0,0,0.818,0.01220147532063234,49.646,1.0,0.019744895944398374,49.646,0.16391650169369484,
power,D_trp_power_law,in_spec,50,1.5,False,0.0,,0.7,c2_anderson_darling,asymptotic,,0.05,1000,1000,0,0,0.873,0.010529529904036551,49.646,1.0,0.019744895944398374,49.646,0.16391650169369484,
power,D_trp_power_law,in_spec,50,1.5,False,0.0,,0.7,c2_anderson_darling,permutation,,0.05,1000,1000,0,0,0.873,0.010529529904036551,49.646,1.0,0.019744895944398374,49.646,0.16391650169369484,
power,D_trp_power_law,in_spec,50,1.5,False,0.0,,0.7,c5_rank_autocorr,permutation,studentized,0.05,1000,1000,0,0,0.294,0.014407081592050487,49.646,1.0,0.019744895944398374,49.646,0.16391650169369484,
power,D_trp_power_law,in_spec,50,1.5,False,0.0,,0.7,c5_rank_autocorr,permutation,unstudentized,0.05,1000,1000,0,0,0.239,0.01348625225924534,49.646,1.0,0.019744895944398374,49.646,0.16391650169369484,
power,D_trp_power_law,in_spec,50,1.5,False,0.0,,0.7,c6_exchangeability,permutation,,0.05,1000,1000,0,0,0.302,0.014518815378673288,49.646,1.0,0.019744895944398374,49.646,0.16391650169369484,
power,D_trp_power_law,in_spec,50,1.5,False,0.0,,0.7,cvm_cramer_von_mises,asymptotic,,0.05,1000,1000,0,0,0.808,0.01245536029185828,49.646,1.0,0.019744895944398374,49.646,0.16391650169369484,
power,D_trp_power_law,in_spec,50,1.5,False,0.0,,0.7,cvm_cramer_von_mises,permutation,,0.05,1000,1000,0,0,0.805,0.012528966437819202,49.646,1.0,0.019744895944398374,49.646,0.16391650169369484,
power,D_trp_power_law,in_spec,50,1.5,False,0.0,,0.85,c1_lewis_robinson,asymptotic,,0.05,1000,1000,0,0,0.276,0.014135911714495106,49.795,1.0,0.01968697706467172,49.795,0.020929597954234172,
power,D_trp_power_law,in_spec,50,1.5,False,0.0,,0.85,c1_lewis_robinson,permutation,,0.05,1000,1000,0,0,0.271,0.014055568291606,49.795,1.0,0.01968697706467172,49.795,0.020929597954234172,
power,D_trp_power_law,in_spec,50,1.5,False,0.0,,0.85,c2_anderson_darling,asymptotic,,0.05,1000,1000,0,0,0.287,0.01430492922037715,49.795,1.0,0.01968697706467172,49.795,0.020929597954234172,
power,D_trp_power_law,in_spec,50,1.5,False,0.0,,0.85,c2_anderson_darling,permutation,,0.05,1000,1000,0,0,0.285,0.014274978108564651,49.795,1.0,0.01968697706467172,49.795,0.020929597954234172,
power,D_trp_power_law,in_spec,50,1.5,False,0.0,,0.85,c5_rank_autocorr,permutation,studentized,0.05,1000,1000,0,0,0.065,0.007795832219846705,49.795,1.0,0.01968697706467172,49.795,0.020929597954234172,
power,D_trp_power_law,in_spec,50,1.5,False,0.0,,0.85,c5_rank_autocorr,permutation,unstudentized,0.05,1000,1000,0,0,0.05,0.006892024376045111,49.795,1.0,0.01968697706467172,49.795,0.020929597954234172,
power,D_trp_power_law,in_spec,50,1.5,False,0.0,,0.85,c6_exchangeability,permutation,,0.05,1000,1000,0,0,0.053,0.00708456067798138,49.795,1.0,0.01968697706467172,49.795,0.020929597954234172,
power,D_trp_power_law,in_spec,50,1.5,False,0.0,,0.85,cvm_cramer_von_mises,asymptotic,,0.05,1000,1000,0,0,0.26,0.013870832707519763,49.795,1.0,0.01968697706467172,49.795,0.020929597954234172,
power,D_trp_power_law,in_spec,50,1.5,False,0.0,,0.85,cvm_cramer_von_mises,permutation,,0.05,1000,1000,0,0,0.255,0.013783141876945184,49.795,1.0,0.01968697706467172,49.795,0.020929597954234172,
power,D_trp_power_law,in_spec,50,1.5,False,0.0,,1.2,c1_lewis_robinson,asymptotic,,0.05,1000,1000,0,0,0.383,0.015372410351015223,49.675,1.0,0.01973359644795264,49.675,0.0054473224655137275,
power,D_trp_power_law,in_spec,50,1.5,False,0.0,,1.2,c1_lewis_robinson,permutation,,0.05,1000,1000,0,0,0.374,0.015301111070768685,49.675,1.0,0.01973359644795264,49.675,0.0054473224655137275,
power,D_trp_power_law,in_spec,50,1.5,False,0.0,,1.2,c2_anderson_darling,asymptotic,,0.05,1000,1000,0,0,0.384,0.015379986996093333,49.675,1.0,0.01973359644795264,49.675,0.0054473224655137275,
power,D_trp_power_law,in_spec,50,1.5,False,0.0,,1.2,c2_anderson_darling,permutation,,0.05,1000,1000,0,0,0.366,0.01523299051401267,49.675,1.0,0.01973359644795264,49.675,0.0054473224655137275,
power,D_trp_power_law,in_spec,50,1.5,False,0.0,,1.2,c5_rank_autocorr,permutation,studentized,0.05,1000,1000,0,0,0.055,0.00720936890441875,49.675,1.0,0.01973359644795264,49.675,0.0054473224655137275,
power,D_trp_power_law,in_spec,50,1.5,False,0.0,,1.2,c5_rank_autocorr,permutation,unstudentized,0.05,1000,1000,0,0,0.045,0.0065555320150236475,49.675,1.0,0.01973359644795264,49.675,0.0054473224655137275,
power,D_trp_power_law,in_spec,50,1.5,False,0.0,,1.2,c6_exchangeability,permutation,,0.05,1000,1000,0,0,0.048,0.006759881655768835,49.675,1.0,0.01973359644795264,49.675,0.0054473224655137275,
power,D_trp_power_law,in_spec,50,1.5,False,0.0,,1.2,cvm_cramer_von_mises,asymptotic,,0.05,1000,1000,0,0,0.362,0.015197236590906913,49.675,1.0,0.01973359644795264,49.675,0.0054473224655137275,
power,D_trp_power_law,in_spec,50,1.5,False,0.0,,1.2,cvm_cramer_von_mises,permutation,,0.05,1000,1000,0,0,0.356,0.015141466243399283,49.675,1.0,0.01973359644795264,49.675,0.0054473224655137275,
power,D_trp_power_law,in_spec,50,1.5,False,0.0,,1.5,c1_lewis_robinson,asymptotic,,0.05,1000,1000,0,0,0.94,0.007509993342207438,49.57,1.0,0.019774569903104607,49.57,0.102668815774599,
power,D_trp_power_law,in_spec,50,1.5,False,0.0,,1.5,c1_lewis_robinson,permutation,,0.05,1000,1000,0,0,0.933,0.007906389820898028,49.57,1.0,0.019774569903104607,49.57,0.102668815774599,
power,D_trp_power_law,in_spec,50,1.5,False,0.0,,1.5,c2_anderson_darling,asymptotic,,0.05,1000,1000,0,0,0.945,0.007209368904418752,49.57,1.0,0.019774569903104607,49.57,0.102668815774599,
power,D_trp_power_law,in_spec,50,1.5,False,0.0,,1.5,c2_anderson_darling,permutation,,0.05,1000,1000,0,0,0.943,0.007331507348424336,49.57,1.0,0.019774569903104607,49.57,0.102668815774599,
power,D_trp_power_law,in_spec,50,1.5,False,0.0,,1.5,c5_rank_autocorr,permutation,studentized,0.05,1000,1000,0,0,0.156,0.011474493452871897,49.57,1.0,0.019774569903104607,49.57,0.102668815774599,
power,D_trp_power_law,in_spec,50,1.5,False,0.0,,1.5,c5_rank_autocorr,permutation,unstudentized,0.05,1000,1000,0,0,0.113,0.01001154333756789,49.57,1.0,0.019774569903104607,49.57,0.102668815774599,
power,D_trp_power_law,in_spec,50,1.5,False,0.0,,1.5,c6_exchangeability,permutation,,0.05,1000,1000,0,0,0.146,0.011166198995181842,49.57,1.0,0.019774569903104607,49.57,0.102668815774599,
power,D_trp_power_law,in_spec,50,1.5,False,0.0,,1.5,cvm_cramer_von_mises,asymptotic,,0.05,1000,1000,0,0,0.924,0.008379976133617564,49.57,1.0,0.019774569903104607,49.57,0.102668815774599,
power,D_trp_power_law,in_spec,50,1.5,False,0.0,,1.5,cvm_cramer_von_mises,permutation,,0.05,1000,1000,0,0,0.927,0.008226238508577293,49.57,1.0,0.019774569903104607,49.57,0.102668815774599,
power,E_copula_ar1_durations,in_spec,50,1.5,False,0.0,0.05,,c1_lewis_robinson,asymptotic,,0.05,1000,1000,0,0,0.058,0.007391616873188166,49.774,1.0,0.019695119549375664,49.774,0.026567112736984564,
power,E_copula_ar1_durations,in_spec,50,1.5,False,0.0,0.05,,c1_lewis_robinson,permutation,,0.05,1000,1000,0,0,0.062,0.007626008130076967,49.774,1.0,0.019695119549375664,49.774,0.026567112736984564,
power,E_copula_ar1_durations,in_spec,50,1.5,False,0.0,0.05,,c2_anderson_darling,asymptotic,,0.05,1000,1000,0,0,0.062,0.007626008130076967,49.774,1.0,0.019695119549375664,49.774,0.026567112736984564,
power,E_copula_ar1_durations,in_spec,50,1.5,False,0.0,0.05,,c2_anderson_darling,permutation,,0.05,1000,1000,0,0,0.057,0.007331507348424334,49.774,1.0,0.019695119549375664,49.774,0.026567112736984564,
power,E_copula_ar1_durations,in_spec,50,1.5,False,0.0,0.05,,c5_rank_autocorr,permutation,studentized,0.05,1000,1000,0,0,0.049,0.006826346021115542,49.774,1.0,0.019695119549375664,49.774,0.026567112736984564,
power,E_copula_ar1_durations,in_spec,50,1.5,False,0.0,0.05,,c5_rank_autocorr,permutation,unstudentized,0.05,1000,1000,0,0,0.044,0.006485676526007136,49.774,1.0,0.019695119549375664,49.774,0.026567112736984564,
power,E_copula_ar1_durations,in_spec,50,1.5,False,0.0,0.05,,c6_exchangeability,permutation,,0.05,1000,1000,0,0,0.057,0.007331507348424334,49.774,1.0,0.019695119549375664,49.774,0.026567112736984564,
power,E_copula_ar1_durations,in_spec,50,1.5,False,0.0,0.05,,cvm_cramer_von_mises,asymptotic,,0.05,1000,1000,0,0,0.061,0.0075682891065286355,49.774,1.0,0.019695119549375664,49.774,0.026567112736984564,
power,E_copula_ar1_durations,in_spec,50,1.5,False,0.0,0.05,,cvm_cramer_von_mises,permutation,,0.05,1000,1000,0,0,0.061,0.0075682891065286355,49.774,1.0,0.019695119549375664,49.774,0.026567112736984564,
power,E_copula_ar1_durations,in_spec,50,1.5,False,0.0,0.1,,c1_lewis_robinson,asymptotic,,0.05,1000,1000,0,0,0.075,0.008329165624478841,49.563,1.0,0.019777307517354587,49.563,0.07096165454435915,
power,E_copula_ar1_durations,in_spec,50,1.5,False,0.0,0.1,,c1_lewis_robinson,permutation,,0.05,1000,1000,0,0,0.071,0.008121514637061242,49.563,1.0,0.019777307517354587,49.563,0.07096165454435915,
power,E_copula_ar1_durations,in_spec,50,1.5,False,0.0,0.1,,c2_anderson_darling,asymptotic,,0.05,1000,1000,0,0,0.085,0.008819013550278738,49.563,1.0,0.019777307517354587,49.563,0.07096165454435915,
power,E_copula_ar1_durations,in_spec,50,1.5,False,0.0,0.1,,c2_anderson_darling,permutation,,0.05,1000,1000,0,0,0.079,0.008529888627643388,49.563,1.0,0.019777307517354587,49.563,0.07096165454435915,
power,E_copula_ar1_durations,in_spec,50,1.5,False,0.0,0.1,,c5_rank_autocorr,permutation,studentized,0.05,1000,1000,0,0,0.074,0.00827792244467173,49.563,1.0,0.019777307517354587,49.563,0.07096165454435915,
power,E_copula_ar1_durations,in_spec,50,1.5,False,0.0,0.1,,c5_rank_autocorr,permutation,unstudentized,0.05,1000,1000,0,0,0.069,0.008014923580421713,49.563,1.0,0.019777307517354587,49.563,0.07096165454435915,
power,E_copula_ar1_durations,in_spec,50,1.5,False,0.0,0.1,,c6_exchangeability,permutation,,0.05,1000,1000,0,0,0.075,0.008329165624478841,49.563,1.0,0.019777307517354587,49.563,0.07096165454435915,
power,E_copula_ar1_durations,in_spec,50,1.5,False,0.0,0.1,,cvm_cramer_von_mises,asymptotic,,0.05,1000,1000,0,0,0.08,0.008579044235810887,49.563,1.0,0.019777307517354587,49.563,0.07096165454435915,
power,E_copula_ar1_durations,in_spec,50,1.5,False,0.0,0.1,,cvm_cramer_von_mises,permutation,,0.05,1000,1000,0,0,0.077,0.00843036179532053,49.563,1.0,0.019777307517354587,49.563,0.07096165454435915,
power,E_copula_ar1_durations,in_spec,50,1.5,False,0.0,0.15,,c1_lewis_robinson,asymptotic,,0.05,1000,1000,0,0,0.077,0.00843036179532053,49.958,1.0,0.01962400408179285,49.958,0.11423656845125293,
power,E_copula_ar1_durations,in_spec,50,1.5,False,0.0,0.15,,c1_lewis_robinson,permutation,,0.05,1000,1000,0,0,0.071,0.008121514637061242,49.958,1.0,0.01962400408179285,49.958,0.11423656845125293,
power,E_copula_ar1_durations,in_spec,50,1.5,False,0.0,0.15,,c2_anderson_darling,asymptotic,,0.05,1000,1000,0,0,0.091,0.009094998625618368,49.958,1.0,0.01962400408179285,49.958,0.11423656845125293,
power,E_copula_ar1_durations,in_spec,50,1.5,False,0.0,0.15,,c2_anderson_darling,permutation,,0.05,1000,1000,0,0,0.083,0.008724161850859944,49.958,1.0,0.01962400408179285,49.958,0.11423656845125293,
power,E_copula_ar1_durations,in_spec,50,1.5,False,0.0,0.15,,c5_rank_autocorr,permutation,studentized,0.05,1000,1000,0,0,0.092,0.00913980306133562,49.958,1.0,0.01962400408179285,49.958,0.11423656845125293,
power,E_copula_ar1_durations,in_spec,50,1.5,False,0.0,0.15,,c5_rank_autocorr,permutation,unstudentized,0.05,1000,1000,0,0,0.088,0.008958571314668427,49.958,1.0,0.01962400408179285,49.958,0.11423656845125293,
power,E_copula_ar1_durations,in_spec,50,1.5,False,0.0,0.15,,c6_exchangeability,permutation,,0.05,1000,1000,0,0,0.087,0.00891240708226459,49.958,1.0,0.01962400408179285,49.958,0.11423656845125293,
power,E_copula_ar1_durations,in_spec,50,1.5,False,0.0,0.15,,cvm_cramer_von_mises,asymptotic,,0.05,1000,1000,0,0,0.085,0.008819013550278738,49.958,1.0,0.01962400408179285,49.958,0.11423656845125293,
power,E_copula_ar1_durations,in_spec,50,1.5,False,0.0,0.15,,cvm_cramer_von_mises,permutation,,0.05,1000,1000,0,0,0.078,0.008480330182251162,49.958,1.0,0.01962400408179285,49.958,0.11423656845125293,
power,E_copula_ar1_durations,in_spec,50,1.5,False,0.0,0.2,,c1_lewis_robinson,asymptotic,,0.05,1000,1000,0,0,0.099,0.009444522221901964,49.525,1.0,0.019792182088075212,49.525,0.15583293849009971,
power,E_copula_ar1_durations,in_spec,50,1.5,False,0.0,0.2,,c1_lewis_robinson,permutation,,0.05,1000,1000,0,0,0.09,0.009049861877399014,49.525,1.0,0.019792182088075212,49.525,0.15583293849009971,
power,E_copula_ar1_durations,in_spec,50,1.5,False,0.0,0.2,,c2_anderson_darling,asymptotic,,0.05,1000,1000,0,0,0.124,0.010422283818818216,49.525,1.0,0.019792182088075212,49.525,0.15583293849009971,
power,E_copula_ar1_durations,in_spec,50,1.5,False,0.0,0.2,,c2_anderson_darling,permutation,,0.05,1000,1000,0,0,0.116,0.010126401137620413,49.525,1.0,0.019792182088075212,49.525,0.15583293849009971,
power,E_copula_ar1_durations,in_spec,50,1.5,False,0.0,0.2,,c5_rank_autocorr,permutation,studentized,0.05,1000,1000,0,0,0.138,0.01090669519148674,49.525,1.0,0.019792182088075212,49.525,0.15583293849009971,
power,E_copula_ar1_durations,in_spec,50,1.5,False,0.0,0.2,,c5_rank_autocorr,permutation,unstudentized,0.05,1000,1000,0,0,0.121,0.010313049985334114,49.525,1.0,0.019792182088075212,49.525,0.15583293849009971,
power,E_copula_ar1_durations,in_spec,50,1.5,False,0.0,0.2,,c6_exchangeability,permutation,,0.05,1000,1000,0,0,0.115,0.010088359628799918,49.525,1.0,0.019792182088075212,49.525,0.15583293849009971,
power,E_copula_ar1_durations,in_spec,50,1.5,False,0.0,0.2,,cvm_cramer_von_mises,asymptotic,,0.05,1000,1000,0,0,0.109,0.00985489725973843,49.525,1.0,0.019792182088075212,49.525,0.15583293849009971,
power,E_copula_ar1_durations,in_spec,50,1.5,False,0.0,0.2,,cvm_cramer_von_mises,permutation,,0.05,1000,1000,0,0,0.108,0.009815090422405696,49.525,1.0,0.019792182088075212,49.525,0.15583293849009971,
power,E_copula_ar1_durations,in_spec,50,1.5,False,0.0,0.3,,c1_lewis_robinson,asymptotic,,0.05,1000,1000,0,0,0.128,0.010564847372300274,50.117,1.0,0.019562963397695483,50.117,0.24498737586213332,
power,E_copula_ar1_durations,in_spec,50,1.5,False,0.0,0.3,,c1_lewis_robinson,permutation,,0.05,1000,1000,0,0,0.123,0.010386096475577337,50.117,1.0,0.019562963397695483,50.117,0.24498737586213332,
power,E_copula_ar1_durations,in_spec,50,1.5,False,0.0,0.3,,c2_anderson_darling,asymptotic,,0.05,1000,1000,0,0,0.179,0.01212266472356635,50.117,1.0,0.019562963397695483,50.117,0.24498737586213332,
power,E_copula_ar1_durations,in_spec,50,1.5,False,0.0,0.3,,c2_anderson_darling,permutation,,0.05,1000,1000,0,0,0.173,0.011961229033840962,50.117,1.0,0.019562963397695483,50.117,0.24498737586213332,
power,E_copula_ar1_durations,in_spec,50,1.5,False,0.0,0.3,,c5_rank_autocorr,permutation,studentized,0.05,1000,1000,0,0,0.298,0.014463609508003178,50.117,1.0,0.019562963397695483,50.117,0.24498737586213332,
power,E_copula_ar1_durations,in_spec,50,1.5,False,0.0,0.3,,c5_rank_autocorr,permutation,unstudentized,0.05,1000,1000,0,0,0.256,0.013800869537822608,50.117,1.0,0.019562963397695483,50.117,0.24498737586213332,
power,E_copula_ar1_durations,in_spec,50,1.5,False,0.0,0.3,,c6_exchangeability,permutation,,0.05,1000,1000,0,0,0.266,0.013972973913952606,50.117,1.0,0.019562963397695483,50.117,0.24498737586213332,
power,E_copula_ar1_durations,in_spec,50,1.5,False,0.0,0.3,,cvm_cramer_von_mises,asymptotic,,0.05,1000,1000,0,0,0.165,0.011737759581794134,50.117,1.0,0.019562963397695483,50.117,0.24498737586213332,
power,E_copula_ar1_durations,in_spec,50,1.5,False,0.0,0.3,,cvm_cramer_von_mises,permutation,,0.05,1000,1000,0,0,0.162,0.011651437679531225,50.117,1.0,0.019562963397695483,50.117,0.24498737586213332,
power,E_copula_ar1_durations,in_spec,50,1.5,False,0.0,0.5,,c1_lewis_robinson,asymptotic,,0.05,1000,1000,0,0,0.23,0.013307892395116516,50.699,1.0,0.01934273390200971,50.699,0.42096167101912535,
power,E_copula_ar1_durations,in_spec,50,1.5,False,0.0,0.5,,c1_lewis_robinson,permutation,,0.05,1000,1000,0,0,0.215,0.012991343271578963,50.699,1.0,0.01934273390200971,50.699,0.42096167101912535,
power,E_copula_ar1_durations,in_spec,50,1.5,False,0.0,0.5,,c2_anderson_darling,asymptotic,,0.05,1000,1000,0,0,0.372,0.015284501954594399,50.699,1.0,0.01934273390200971,50.699,0.42096167101912535,
power,E_copula_ar1_durations,in_spec,50,1.5,False,0.0,0.5,,c2_anderson_darling,permutation,,0.05,1000,1000,0,0,0.343,0.015011695440555674,50.699,1.0,0.01934273390200971,50.699,0.42096167101912535,
power,E_copula_ar1_durations,in_spec,50,1.5,False,0.0,0.5,,c5_rank_autocorr,permutation,studentized,0.05,1000,1000,0,0,0.771,0.013287550564344055,50.699,1.0,0.01934273390200971,50.699,0.42096167101912535,
power,E_copula_ar1_durations,in_spec,50,1.5,False,0.0,0.5,,c5_rank_autocorr,permutation,unstudentized,0.05,1000,1000,0,0,0.731,0.014022802858202064,50.699,1.0,0.01934273390200971,50.699,0.42096167101912535,
power,E_copula_ar1_durations,in_spec,50,1.5,False,0.0,0.5,,c6_exchangeability,permutation,,0.05,1000,1000,0,0,0.682,0.014726710426975875,50.699,1.0,0.01934273390200971,50.699,0.42096167101912535,
power,E_copula_ar1_durations,in_spec,50,1.5,False,0.0,0.5,,cvm_cramer_von_mises,asymptotic,,0.05,1000,1000,0,0,0.314,0.01467664811869522,50.699,1.0,0.01934273390200971,50.699,0.42096167101912535,
power,E_copula_ar1_durations,in_spec,50,1.5,False,0.0,0.5,,cvm_cramer_von_mises,permutation,,0.05,1000,1000,0,0,0.313,0.014663935351739656,50.699,1.0,0.01934273390200971,50.699,0.42096167101912535,
power,C_ar1_reads_carved,calendar,50,,False,0.0,0.05,,c1_lewis_robinson,asymptotic,,0.05,1000,1000,0,0,0.063,0.007683163410991596,49.861,1.0,0.019661430172430744,8.274,-0.021721073952209444,
power,C_ar1_reads_carved,calendar,50,,False,0.0,0.05,,c1_lewis_robinson,permutation,,0.05,1000,1000,0,0,0.056,0.007270763371201128,49.861,1.0,0.019661430172430744,8.274,-0.021721073952209444,
power,C_ar1_reads_carved,calendar,50,,False,0.0,0.05,,c2_anderson_darling,asymptotic,,0.05,1000,1000,0,0,0.071,0.008121514637061242,49.861,1.0,0.019661430172430744,8.274,-0.021721073952209444,
power,C_ar1_reads_carved,calendar,50,,False,0.0,0.05,,c2_anderson_darling,permutation,,0.05,1000,1000,0,0,0.062,0.007626008130076967,49.861,1.0,0.019661430172430744,8.274,-0.021721073952209444,
power,C_ar1_reads_carved,calendar,50,,False,0.0,0.05,,c5_rank_autocorr,permutation,studentized,0.05,1000,1000,0,0,0.056,0.007270763371201128,49.861,1.0,0.019661430172430744,8.274,-0.021721073952209444,
power,C_ar1_reads_carved,calendar,50,,False,0.0,0.05,,c5_rank_autocorr,permutation,unstudentized,0.05,1000,1000,0,0,0.058,0.007391616873188166,49.861,1.0,0.019661430172430744,8.274,-0.021721073952209444,
power,C_ar1_reads_carved,calendar,50,,False,0.0,0.05,,c6_exchangeability,permutation,,0.05,1000,1000,0,0,0.05,0.006892024376045111,49.861,1.0,0.019661430172430744,8.274,-0.021721073952209444,
power,C_ar1_reads_carved,calendar,50,,False,0.0,0.05,,cvm_cramer_von_mises,asymptotic,,0.05,1000,1000,0,0,0.067,0.007906389820898032,49.861,1.0,0.019661430172430744,8.274,-0.021721073952209444,
power,C_ar1_reads_carved,calendar,50,,False,0.0,0.05,,cvm_cramer_von_mises,permutation,,0.05,1000,1000,0,0,0.06,0.007509993342207435,49.861,1.0,0.019661430172430744,8.274,-0.021721073952209444,
power,C_ar1_reads_carved,in_spec,50,,False,0.0,0.05,,c5_rank_autocorr,permutation,studentized,0.05,1000,1000,0,0,0.047,0.006692607862410586,50.336,1.0,0.019479507558048934,6.134,-0.024218582261198048,
power,C_ar1_reads_carved,in_spec,50,,False,0.0,0.05,,c5_rank_autocorr,permutation,unstudentized,0.05,1000,1000,0,0,0.048,0.006759881655768835,50.336,1.0,0.019479507558048934,6.134,-0.024218582261198048,
power,C_ar1_reads_carved,in_spec,50,,False,0.0,0.05,,c6_exchangeability,permutation,,0.05,1000,1000,0,0,0.046,0.006624499981130651,50.336,1.0,0.019479507558048934,6.134,-0.024218582261198048,
power,C_ar1_reads_carved,in_spec,50,,False,0.0,0.05,,cvm_cramer_von_mises,permutation,,0.05,1000,1000,0,0,0.052,0.007021111023192838,50.336,1.0,0.019479507558048934,6.134,-0.024218582261198048,
power,C_ar1_reads_carved,calendar,50,,False,0.0,0.1,,c1_lewis_robinson,asymptotic,,0.05,1000,1000,0,0,0.051,0.00695693898205238,48.187,1.0,0.02033057515197105,8.554,-0.02325876538708355,
power,C_ar1_reads_carved,calendar,50,,False,0.0,0.1,,c1_lewis_robinson,permutation,,0.05,1000,1000,0,0,0.043,0.006414904519944158,48.187,1.0,0.02033057515197105,8.554,-0.02325876538708355,
power,C_ar1_reads_carved,calendar,50,,False,0.0,0.1,,c2_anderson_darling,asymptotic,,0.05,1000,1000,0,0,0.06,0.007509993342207435,48.187,1.0,0.02033057515197105,8.554,-0.02325876538708355,
power,C_ar1_reads_carved,calendar,50,,False,0.0,0.1,,c2_anderson_darling,permutation,,0.05,1000,1000,0,0,0.046,0.006624499981130651,48.187,1.0,0.02033057515197105,8.554,-0.02325876538708355,
power,C_ar1_reads_carved,calendar,50,,False,0.0,0.1,,c5_rank_autocorr,permutation,studentized,0.05,1000,1000,0,0,0.045,0.0065555320150236475,48.187,1.0,0.02033057515197105,8.554,-0.02325876538708355,
power,C_ar1_reads_carved,calendar,50,,False,0.0,0.1,,c5_rank_autocorr,permutation,unstudentized,0.05,1000,1000,0,0,0.054,0.007147307185227175,48.187,1.0,0.02033057515197105,8.554,-0.02325876538708355,
power,C_ar1_reads_carved,calendar,50,,False,0.0,0.1,,c6_exchangeability,permutation,,0.05,1000,1000,0,0,0.051,0.00695693898205238,48.187,1.0,0.02033057515197105,8.554,-0.02325876538708355,
power,C_ar1_reads_carved,calendar,50,,False,0.0,0.1,,cvm_cramer_von_mises,asymptotic,,0.05,1000,1000,0,0,0.054,0.007147307185227175,48.187,1.0,0.02033057515197105,8.554,-0.02325876538708355,
power,C_ar1_reads_carved,calendar,50,,False,0.0,0.1,,cvm_cramer_von_mises,permutation,,0.05,1000,1000,0,0,0.043,0.006414904519944158,48.187,1.0,0.02033057515197105,8.554,-0.02325876538708355,
power,C_ar1_reads_carved,in_spec,50,,False,0.0,0.1,,c5_rank_autocorr,permutation,studentized,0.05,1000,1000,0,0,0.053,0.00708456067798138,48.671,1.0,0.020132471663546134,6.327,-0.02293301536923452,
power,C_ar1_reads_carved,in_spec,50,,False,0.0,0.1,,c5_rank_autocorr,permutation,unstudentized,0.05,1000,1000,0,0,0.053,0.00708456067798138,48.671,1.0,0.020132471663546134,6.327,-0.02293301536923452,
power,C_ar1_reads_carved,in_spec,50,,False,0.0,0.1,,c6_exchangeability,permutation,,0.05,1000,1000,0,0,0.05,0.006892024376045111,48.671,1.0,0.020132471663546134,6.327,-0.02293301536923452,
power,C_ar1_reads_carved,in_spec,50,,False,0.0,0.1,,cvm_cramer_von_mises,permutation,,0.05,1000,1000,0,0,0.058,0.007391616873188166,48.671,1.0,0.020132471663546134,6.327,-0.02293301536923452,
power,C_ar1_reads_carved,calendar,50,,False,0.0,0.15,,c1_lewis_robinson,asymptotic,,0.05,1000,1000,0,0,0.056,0.007270763371201128,46.416,1.0,0.02108992745064957,8.851,-0.019126400812296912,
power,C_ar1_reads_carved,calendar,50,,False,0.0,0.15,,c1_lewis_robinson,permutation,,0.05,1000,1000,0,0,0.052,0.007021111023192838,46.416,1.0,0.02108992745064957,8.851,-0.019126400812296912,
power,C_ar1_reads_carved,calendar,50,,False,0.0,0.15,,c2_anderson_darling,asymptotic,,0.05,1000,1000,0,0,0.063,0.007683163410991596,46.416,1.0,0.02108992745064957,8.851,-0.019126400812296912,
power,C_ar1_reads_carved,calendar,50,,False,0.0,0.15,,c2_anderson_darling,permutation,,0.05,1000,1000,0,0,0.052,0.007021111023192838,46.416,1.0,0.02108992745064957,8.851,-0.019126400812296912,
power,C_ar1_reads_carved,calendar,50,,False,0.0,0.15,,c5_rank_autocorr,permutation,studentized,0.05,1000,1000,0,0,0.044,0.006485676526007136,46.416,1.0,0.02108992745064957,8.851,-0.019126400812296912,
power,C_ar1_reads_carved,calendar,50,,False,0.0,0.15,,c5_rank_autocorr,permutation,unstudentized,0.05,1000,1000,0,0,0.047,0.006692607862410586,46.416,1.0,0.02108992745064957,8.851,-0.019126400812296912,
power,C_ar1_reads_carved,calendar,50,,False,0.0,0.15,,c6_exchangeability,permutation,,0.05,1000,1000,0,0,0.046,0.006624499981130651,46.416,1.0,0.02108992745064957,8.851,-0.019126400812296912,
power,C_ar1_reads_carved,calendar,50,,False,0.0,0.15,,cvm_cramer_von_mises,asymptotic,,0.05,1000,1000,0,0,0.061,0.0075682891065286355,46.416,1.0,0.02108992745064957,8.851,-0.019126400812296912,
power,C_ar1_reads_carved,calendar,50,,False,0.0,0.15,,cvm_cramer_von_mises,permutation,,0.05,1000,1000,0,0,0.052,0.007021111023192838,46.416,1.0,0.02108992745064957,8.851,-0.019126400812296912,
power,C_ar1_reads_carved,in_spec,50,,False,0.0,0.15,,c5_rank_autocorr,permutation,studentized,0.05,1000,1000,0,0,0.056,0.007270763371201128,47.066,1.0,0.02080472683393667,6.555,-0.02078411172258434,
power,C_ar1_reads_carved,in_spec,50,,False,0.0,0.15,,c5_rank_autocorr,permutation,unstudentized,0.05,1000,1000,0,0,0.057,0.007331507348424334,47.066,1.0,0.02080472683393667,6.555,-0.02078411172258434,
power,C_ar1_reads_carved,in_spec,50,,False,0.0,0.15,,c6_exchangeability,permutation,,0.05,1000,1000,0,0,0.058,0.007391616873188166,47.066,1.0,0.02080472683393667,6.555,-0.02078411172258434,
power,C_ar1_reads_carved,in_spec,50,,False,0.0,0.15,,cvm_cramer_von_mises,permutation,,0.05,1000,1000,0,0,0.037,0.005969170796685248,47.066,1.0,0.02080472683393667,6.555,-0.02078411172258434,
power,C_ar1_reads_carved,calendar,50,,False,0.0,0.2,,c1_lewis_robinson,asymptotic,,0.05,1000,1000,0,0,0.055,0.00720936890441875,44.715,1.0,0.02187465820846549,9.134,-0.028006613079348163,
power,C_ar1_reads_carved,calendar,50,,False,0.0,0.2,,c1_lewis_robinson,permutation,,0.05,1000,1000,0,0,0.045,0.0065555320150236475,44.715,1.0,0.02187465820846549,9.134,-0.028006613079348163,
power,C_ar1_reads_carved,calendar,50,,False,0.0,0.2,,c2_anderson_darling,asymptotic,,0.05,1000,1000,0,0,0.057,0.007331507348424334,44.715,1.0,0.02187465820846549,9.134,-0.028006613079348163,
power,C_ar1_reads_carved,calendar,50,,False,0.0,0.2,,c2_anderson_darling,permutation,,0.05,1000,1000,0,0,0.043,0.006414904519944158,44.715,1.0,0.02187465820846549,9.134,-0.028006613079348163,
power,C_ar1_reads_carved,calendar,50,,False,0.0,0.2,,c5_rank_autocorr,permutation,studentized,0.05,1000,1000,0,0,0.046,0.006624499981130651,44.715,1.0,0.02187465820846549,9.134,-0.028006613079348163,
power,C_ar1_reads_carved,calendar,50,,False,0.0,0.2,,c5_rank_autocorr,permutation,unstudentized,0.05,1000,1000,0,0,0.046,0.006624499981130651,44.715,1.0,0.02187465820846549,9.134,-0.028006613079348163,
power,C_ar1_reads_carved,calendar,50,,False,0.0,0.2,,c6_exchangeability,permutation,,0.05,1000,1000,0,0,0.034,0.005730968504537431,44.715,1.0,0.02187465820846549,9.134,-0.028006613079348163,
power,C_ar1_reads_carved,calendar,50,,False,0.0,0.2,,cvm_cramer_von_mises,asymptotic,,0.05,1000,1000,0,0,0.055,0.00720936890441875,44.715,1.0,0.02187465820846549,9.134,-0.028006613079348163,
power,C_ar1_reads_carved,calendar,50,,False,0.0,0.2,,cvm_cramer_von_mises,permutation,,0.05,1000,1000,0,0,0.049,0.006826346021115542,44.715,1.0,0.02187465820846549,9.134,-0.028006613079348163,
power,C_ar1_reads_carved,in_spec,50,,False,0.0,0.2,,c5_rank_autocorr,permutation,studentized,0.05,1000,1000,0,0,0.045,0.0065555320150236475,45.548,1.0,0.02148320013749248,6.679,-0.02655115064425927,
power,C_ar1_reads_carved,in_spec,50,,False,0.0,0.2,,c5_rank_autocorr,permutation,unstudentized,0.05,1000,1000,0,0,0.046,0.006624499981130651,45.548,1.0,0.02148320013749248,6.679,-0.02655115064425927,
power,C_ar1_reads_carved,in_spec,50,,False,0.0,0.2,,c6_exchangeability,permutation,,0.05,1000,1000,0,0,0.038,0.006046155803483731,45.548,1.0,0.02148320013749248,6.679,-0.02655115064425927,
power,C_ar1_reads_carved,in_spec,50,,False,0.0,0.2,,cvm_cramer_von_mises,permutation,,0.05,1000,1000,0,0,0.058,0.007391616873188166,45.548,1.0,0.02148320013749248,6.679,-0.02655115064425927,
power,C_ar1_reads_carved,calendar,50,,False,0.0,0.3,,c1_lewis_robinson,asymptotic,,0.05,1000,1000,0,0,0.06,0.007509993342207435,41.632,1.0,0.023456558453743667,9.754,-0.022579558437257875,
power,C_ar1_reads_carved,calendar,50,,False,0.0,0.3,,c1_lewis_robinson,permutation,,0.05,1000,1000,0,0,0.054,0.007147307185227175,41.632,1.0,0.023456558453743667,9.754,-0.022579558437257875,
power,C_ar1_reads_carved,calendar,50,,False,0.0,0.3,,c2_anderson_darling,asymptotic,,0.05,1000,1000,0,0,0.058,0.007391616873188166,41.632,1.0,0.023456558453743667,9.754,-0.022579558437257875,
power,C_ar1_reads_carved,calendar,50,,False,0.0,0.3,,c2_anderson_darling,permutation,,0.05,1000,1000,0,0,0.052,0.007021111023192838,41.632,1.0,0.023456558453743667,9.754,-0.022579558437257875,
power,C_ar1_reads_carved,calendar,50,,False,0.0,0.3,,c5_rank_autocorr,permutation,studentized,0.05,1000,1000,0,0,0.056,0.007270763371201128,41.632,1.0,0.023456558453743667,9.754,-0.022579558437257875,
power,C_ar1_reads_carved,calendar,50,,False,0.0,0.3,,c5_rank_autocorr,permutation,unstudentized,0.05,1000,1000,0,0,0.044,0.006485676526007136,41.632,1.0,0.023456558453743667,9.754,-0.022579558437257875,
power,C_ar1_reads_carved,calendar,50,,False,0.0,0.3,,c6_exchangeability,permutation,,0.05,1000,1000,0,0,0.041,0.006270486424512854,41.632,1.0,0.023456558453743667,9.754,-0.022579558437257875,
power,C_ar1_reads_carved,calendar,50,,False,0.0,0.3,,cvm_cramer_von_mises,asymptotic,,0.05,1000,1000,0,0,0.054,0.007147307185227175,41.632,1.0,0.023456558453743667,9.754,-0.022579558437257875,
power,C_ar1_reads_carved,calendar,50,,False,0.0,0.3,,cvm_cramer_von_mises,permutation,,0.05,1000,1000,0,0,0.054,0.007147307185227175,41.632,1.0,0.023456558453743667,9.754,-0.022579558437257875,
power,C_ar1_reads_carved,in_spec,50,,False,0.0,0.3,,c5_rank_autocorr,permutation,studentized,0.05,1000,1000,0,0,0.053,0.00708456067798138,42.24,1.0,0.02312673450508788,7.127,-0.023993689779346163,
power,C_ar1_reads_carved,in_spec,50,,False,0.0,0.3,,c5_rank_autocorr,permutation,unstudentized,0.05,1000,1000,0,0,0.061,0.0075682891065286355,42.24,1.0,0.02312673450508788,7.127,-0.023993689779346163,
power,C_ar1_reads_carved,in_spec,50,,False,0.0,0.3,,c6_exchangeability,permutation,,0.05,1000,1000,0,0,0.055,0.00720936890441875,42.24,1.0,0.02312673450508788,7.127,-0.023993689779346163,
power,C_ar1_reads_carved,in_spec,50,,False,0.0,0.3,,cvm_cramer_von_mises,permutation,,0.05,1000,1000,0,0,0.044,0.006485676526007136,42.24,1.0,0.02312673450508788,7.127,-0.023993689779346163,
power,C_ar1_reads_carved,calendar,50,,False,0.0,0.5,,c1_lewis_robinson,asymptotic,,0.05,1000,1000,0,0,0.055,0.00720936890441875,34.476,1.0,0.02818807080843387,11.183,-0.036909468327109576,
power,C_ar1_reads_carved,calendar,50,,False,0.0,0.5,,c1_lewis_robinson,permutation,,0.05,1000,1000,0,0,0.048,0.006759881655768835,34.476,1.0,0.02818807080843387,11.183,-0.036909468327109576,
power,C_ar1_reads_carved,calendar,50,,False,0.0,0.5,,c2_anderson_darling,asymptotic,,0.05,1000,1000,0,0,0.051,0.00695693898205238,34.476,1.0,0.02818807080843387,11.183,-0.036909468327109576,
power,C_ar1_reads_carved,calendar,50,,False,0.0,0.5,,c2_anderson_darling,permutation,,0.05,1000,1000,0,0,0.043,0.006414904519944158,34.476,1.0,0.02818807080843387,11.183,-0.036909468327109576,
power,C_ar1_reads_carved,calendar,50,,False,0.0,0.5,,c5_rank_autocorr,permutation,studentized,0.05,1000,1000,0,0,0.044,0.006485676526007136,34.476,1.0,0.02818807080843387,11.183,-0.036909468327109576,
power,C_ar1_reads_carved,calendar,50,,False,0.0,0.5,,c5_rank_autocorr,permutation,unstudentized,0.05,1000,1000,0,0,0.046,0.006624499981130651,34.476,1.0,0.02818807080843387,11.183,-0.036909468327109576,
power,C_ar1_reads_carved,calendar,50,,False,0.0,0.5,,c6_exchangeability,permutation,,0.05,1000,1000,0,0,0.04,0.0061967733539318665,34.476,1.0,0.02818807080843387,11.183,-0.036909468327109576,
power,C_ar1_reads_carved,calendar,50,,False,0.0,0.5,,cvm_cramer_von_mises,asymptotic,,0.05,1000,1000,0,0,0.052,0.007021111023192838,34.476,1.0,0.02818807080843387,11.183,-0.036909468327109576,
power,C_ar1_reads_carved,calendar,50,,False,0.0,0.5,,cvm_cramer_von_mises,permutation,,0.05,1000,1000,0,0,0.047,0.006692607862410586,34.476,1.0,0.02818807080843387,11.183,-0.036909468327109576,
power,C_ar1_reads_carved,in_spec,50,,False,0.0,0.5,,c5_rank_autocorr,permutation,studentized,0.05,1000,1000,0,0,0.04,0.0061967733539318665,34.906,1.0,0.02785049852392358,8.088,-0.03635787750325498,
power,C_ar1_reads_carved,in_spec,50,,False,0.0,0.5,,c5_rank_autocorr,permutation,unstudentized,0.05,1000,1000,0,0,0.037,0.005969170796685248,34.906,1.0,0.02785049852392358,8.088,-0.03635787750325498,
power,C_ar1_reads_carved,in_spec,50,,False,0.0,0.5,,c6_exchangeability,permutation,,0.05,1000,1000,0,0,0.039,0.006122009474020765,34.906,1.0,0.02785049852392358,8.088,-0.03635787750325498,
power,C_ar1_reads_carved,in_spec,50,,False,0.0,0.5,,cvm_cramer_von_mises,permutation,,0.05,1000,1000,0,0,0.051,0.00695693898205238,34.906,1.0,0.02785049852392358,8.088,-0.03635787750325498,
power,D_trp_power_law,in_spec,75,0.75,False,0.0,,0.7,c1_lewis_robinson,asymptotic,,0.05,1000,1000,0,0,0.519,0.01579996835439869,75.317,1.0,0.013103240431358677,75.317,0.05779674893342045,
power,D_trp_power_law,in_spec,75,0.75,False,0.0,,0.7,c1_lewis_robinson,permutation,,0.05,1000,1000,0,0,0.498,0.01581126180922952,75.317,1.0,0.013103240431358677,75.317,0.05779674893342045,
power,D_trp_power_law,in_spec,75,0.75,False,0.0,,0.7,c2_anderson_darling,asymptotic,,0.05,1000,1000,0,0,0.57,0.015655669899432602,75.317,1.0,0.013103240431358677,75.317,0.05779674893342045,
power,D_trp_power_law,in_spec,75,0.75,False,0.0,,0.7,c2_anderson_darling,permutation,,0.05,1000,1000,0,0,0.583,0.015592017188292218,75.317,1.0,0.013103240431358677,75.317,0.05779674893342045,
power,D_trp_power_law,in_spec,75,0.75,False,0.0,,0.7,c5_rank_autocorr,permutation,studentized,0.05,1000,1000,0,0,0.12,0.010276186062932104,75.317,1.0,0.013103240431358677,75.317,0.05779674893342045,
power,D_trp_power_law,in_spec,75,0.75,False,0.0,,0.7,c5_rank_autocorr,permutation,unstudentized,0.05,1000,1000,0,0,0.096,0.009315793041926168,75.317,1.0,0.013103240431358677,75.317,0.05779674893342045,
power,D_trp_power_law,in_spec,75,0.75,False,0.0,,0.7,c6_exchangeability,permutation,,0.05,1000,1000,0,0,0.124,0.010422283818818216,75.317,1.0,0.013103240431358677,75.317,0.05779674893342045,
power,D_trp_power_law,in_spec,75,0.75,False,0.0,,0.7,cvm_cramer_von_mises,asymptotic,,0.05,1000,1000,0,0,0.487,0.015806043148112688,75.317,1.0,0.013103240431358677,75.317,0.05779674893342045,
power,D_trp_power_law,in_spec,75,0.75,False,0.0,,0.7,cvm_cramer_von_mises,permutation,,0.05,1000,1000,0,0,0.486,0.015805189021330938,75.317,1.0,0.013103240431358677,75.317,0.05779674893342045,
power,D_trp_power_law,in_spec,75,0.75,False,0.0,,0.85,c1_lewis_robinson,asymptotic,,0.05,1000,1000,0,0,0.147,0.011197812286335219,75.401,1.0,0.013088833915786443,75.401,0.0008544139538608322,
power,D_trp_power_law,in_spec,75,0.75,False,0.0,,0.85,c1_lewis_robinson,permutation,,0.05,1000,1000,0,0,0.147,0.011197812286335219,75.401,1.0,0.013088833915786443,75.401,0.0008544139538608322,
power,D_trp_power_law,in_spec,75,0.75,False,0.0,,0.85,c2_anderson_darling,asymptotic,,0.05,1000,1000,0,0,0.163,0.011680368144883106,75.401,1.0,0.013088833915786443,75.401,0.0008544139538608322,
power,D_trp_power_law,in_spec,75,0.75,False,0.0,,0.85,c2_anderson_darling,permutation,,0.05,1000,1000,0,0,0.165,0.011737759581794134,75.401,1.0,0.013088833915786443,75.401,0.0008544139538608322,
power,D_trp_power_law,in_spec,75,0.75,False,0.0,,0.85,c5_rank_autocorr,permutation,studentized,0.05,1000,1000,0,0,0.05,0.006892024376045111,75.401,1.0,0.013088833915786443,75.401,0.0008544139538608322,
power,D_trp_power_law,in_spec,75,0.75,False,0.0,,0.85,c5_rank_autocorr,permutation,unstudentized,0.05,1000,1000,0,0,0.042,0.0063431853196954605,75.401,1.0,0.013088833915786443,75.401,0.0008544139538608322,
power,D_trp_power_law,in_spec,75,0.75,False,0.0,,0.85,c6_exchangeability,permutation,,0.05,1000,1000,0,0,0.045,0.0065555320150236475,75.401,1.0,0.013088833915786443,75.401,0.0008544139538608322,
power,D_trp_power_law,in_spec,75,0.75,False,0.0,,0.85,cvm_cramer_von_mises,asymptotic,,0.05,1000,1000,0,0,0.134,0.010772372069326236,75.401,1.0,0.013088833915786443,75.401,0.0008544139538608322,
power,D_trp_power_law,in_spec,75,0.75,False,0.0,,0.85,cvm_cramer_von_mises,permutation,,0.05,1000,1000,0,0,0.135,0.010806248192596726,75.401,1.0,0.013088833915786443,75.401,0.0008544139538608322,
power,D_trp_power_law,in_spec,75,0.75,False,0.0,,1.2,c1_lewis_robinson,asymptotic,,0.05,1000,1000,0,0,0.152,0.011353237423748346,75.955,1.0,0.012994607237996232,75.955,-0.0018481570848833616,
power,D_trp_power_law,in_spec,75,0.75,False,0.0,,1.2,c1_lewis_robinson,permutation,,0.05,1000,1000,0,0,0.157,0.01150439046625244,75.955,1.0,0.012994607237996232,75.955,-0.0018481570848833616,
power,D_trp_power_law,in_spec,75,0.75,False,0.0,,1.2,c2_anderson_darling,asymptotic,,0.05,1000,1000,0,0,0.142,0.011037934589405754,75.955,1.0,0.012994607237996232,75.955,-0.0018481570848833616,
power,D_trp_power_law,in_spec,75,0.75,False,0.0,,1.2,c2_anderson_darling,permutation,,0.05,1000,1000,0,0,0.155,0.011444430960078356,75.955,1.0,0.012994607237996232,75.955,-0.0018481570848833616,
power,D_trp_power_law,in_spec,75,0.75,False,0.0,,1.2,c5_rank_autocorr,permutation,studentized,0.05,1000,1000,0,0,0.06,0.007509993342207435,75.955,1.0,0.012994607237996232,75.955,-0.0018481570848833616,
power,D_trp_power_law,in_spec,75,0.75,False,0.0,,1.2,c5_rank_autocorr,permutation,unstudentized,0.05,1000,1000,0,0,0.051,0.00695693898205238,75.955,1.0,0.012994607237996232,75.955,-0.0018481570848833616,
power,D_trp_power_law,in_spec,75,0.75,False,0.0,,1.2,c6_exchangeability,permutation,,0.05,1000,1000,0,0,0.059,0.007451107300260815,75.955,1.0,0.012994607237996232,75.955,-0.0018481570848833616,
power,D_trp_power_law,in_spec,75,0.75,False,0.0,,1.2,cvm_cramer_von_mises,asymptotic,,0.05,1000,1000,0,0,0.146,0.011166198995181842,75.955,1.0,0.012994607237996232,75.955,-0.0018481570848833616,
power,D_trp_power_law,in_spec,75,0.75,False,0.0,,1.2,cvm_cramer_von_mises,permutation,,0.05,1000,1000,0,0,0.151,0.01132249972400088,75.955,1.0,0.012994607237996232,75.955,-0.0018481570848833616,
power,D_trp_power_law,in_spec,75,0.75,False,0.0,,1.5,c1_lewis_robinson,asymptotic,,0.05,1000,1000,0,0,0.536,0.015770351930125083,75.827,1.0,0.013016257305374413,75.827,0.02936523826461735,
power,D_trp_power_law,in_spec,75,0.75,False,0.0,,1.5,c1_lewis_robinson,permutation,,0.05,1000,1000,0,0,0.552,0.015725647840391186,75.827,1.0,0.013016257305374413,75.827,0.02936523826461735,
power,D_trp_power_law,in_spec,75,0.75,False,0.0,,1.5,c2_anderson_darling,asymptotic,,0.05,1000,1000,0,0,0.508,0.015809364313595912,75.827,1.0,0.013016257305374413,75.827,0.02936523826461735,
power,D_trp_power_law,in_spec,75,0.75,False,0.0,,1.5,c2_anderson_darling,permutation,,0.05,1000,1000,0,0,0.534,0.01577479001445027,75.827,1.0,0.013016257305374413,75.827,0.02936523826461735,
power,D_trp_power_law,in_spec,75,0.75,False,0.0,,1.5,c5_rank_autocorr,permutation,studentized,0.05,1000,1000,0,0,0.085,0.008819013550278738,75.827,1.0,0.013016257305374413,75.827,0.02936523826461735,
power,D_trp_power_law,in_spec,75,0.75,False,0.0,,1.5,c5_rank_autocorr,permutation,unstudentized,0.05,1000,1000,0,0,0.066,0.007851369307324678,75.827,1.0,0.013016257305374413,75.827,0.02936523826461735,
power,D_trp_power_law,in_spec,75,0.75,False,0.0,,1.5,c6_exchangeability,permutation,,0.05,1000,1000,0,0,0.057,0.007331507348424334,75.827,1.0,0.013016257305374413,75.827,0.02936523826461735,
power,D_trp_power_law,in_spec,75,0.75,False,0.0,,1.5,cvm_cramer_von_mises,asymptotic,,0.05,1000,1000,0,0,0.515,0.01580427157448264,75.827,1.0,0.013016257305374413,75.827,0.02936523826461735,
power,D_trp_power_law,in_spec,75,0.75,False,0.0,,1.5,cvm_cramer_von_mises,permutation,,0.05,1000,1000,0,0,0.545,0.015747221977225064,75.827,1.0,0.013016257305374413,75.827,0.02936523826461735,
power,E_copula_ar1_durations,in_spec,75,0.75,False,0.0,0.05,,c1_lewis_robinson,asymptotic,,0.05,1000,1000,0,0,0.058,0.007391616873188166,75.262,1.0,0.013112690461828959,75.262,0.0262807932050537,
power,E_copula_ar1_durations,in_spec,75,0.75,False,0.0,0.05,,c1_lewis_robinson,permutation,,0.05,1000,1000,0,0,0.056,0.007270763371201128,75.262,1.0,0.013112690461828959,75.262,0.0262807932050537,
power,E_copula_ar1_durations,in_spec,75,0.75,False,0.0,0.05,,c2_anderson_darling,asymptotic,,0.05,1000,1000,0,0,0.063,0.007683163410991596,75.262,1.0,0.013112690461828959,75.262,0.0262807932050537,
power,E_copula_ar1_durations,in_spec,75,0.75,False,0.0,0.05,,c2_anderson_darling,permutation,,0.05,1000,1000,0,0,0.063,0.007683163410991596,75.262,1.0,0.013112690461828959,75.262,0.0262807932050537,
power,E_copula_ar1_durations,in_spec,75,0.75,False,0.0,0.05,,c5_rank_autocorr,permutation,studentized,0.05,1000,1000,0,0,0.058,0.007391616873188166,75.262,1.0,0.013112690461828959,75.262,0.0262807932050537,
power,E_copula_ar1_durations,in_spec,75,0.75,False,0.0,0.05,,c5_rank_autocorr,permutation,unstudentized,0.05,1000,1000,0,0,0.057,0.007331507348424334,75.262,1.0,0.013112690461828959,75.262,0.0262807932050537,
power,E_copula_ar1_durations,in_spec,75,0.75,False,0.0,0.05,,c6_exchangeability,permutation,,0.05,1000,1000,0,0,0.063,0.007683163410991596,75.262,1.0,0.013112690461828959,75.262,0.0262807932050537,
power,E_copula_ar1_durations,in_spec,75,0.75,False,0.0,0.05,,cvm_cramer_von_mises,asymptotic,,0.05,1000,1000,0,0,0.062,0.007626008130076967,75.262,1.0,0.013112690461828959,75.262,0.0262807932050537,
power,E_copula_ar1_durations,in_spec,75,0.75,False,0.0,0.05,,cvm_cramer_von_mises,permutation,,0.05,1000,1000,0,0,0.063,0.007683163410991596,75.262,1.0,0.013112690461828959,75.262,0.0262807932050537,
power,E_copula_ar1_durations,in_spec,75,0.75,False,0.0,0.1,,c1_lewis_robinson,asymptotic,,0.05,1000,1000,0,0,0.071,0.008121514637061242,75.244,1.0,0.013115786160222444,75.244,0.0794409917223486,
power,E_copula_ar1_durations,in_spec,75,0.75,False,0.0,0.1,,c1_lewis_robinson,permutation,,0.05,1000,1000,0,0,0.067,0.007906389820898032,75.244,1.0,0.013115786160222444,75.244,0.0794409917223486,
power,E_copula_ar1_durations,in_spec,75,0.75,False,0.0,0.1,,c2_anderson_darling,asymptotic,,0.05,1000,1000,0,0,0.074,0.00827792244467173,75.244,1.0,0.013115786160222444,75.244,0.0794409917223486,
power,E_copula_ar1_durations,in_spec,75,0.75,False,0.0,0.1,,c2_anderson_darling,permutation,,0.05,1000,1000,0,0,0.078,0.008480330182251162,75.244,1.0,0.013115786160222444,75.244,0.0794409917223486,
power,E_copula_ar1_durations,in_spec,75,0.75,False,0.0,0.1,,c5_rank_autocorr,permutation,studentized,0.05,1000,1000,0,0,0.076,0.008379976133617566,75.244,1.0,0.013115786160222444,75.244,0.0794409917223486,
power,E_copula_ar1_durations,in_spec,75,0.75,False,0.0,0.1,,c5_rank_autocorr,permutation,unstudentized,0.05,1000,1000,0,0,0.066,0.007851369307324678,75.244,1.0,0.013115786160222444,75.244,0.0794409917223486,
power,E_copula_ar1_durations,in_spec,75,0.75,False,0.0,0.1,,c6_exchangeability,permutation,,0.05,1000,1000,0,0,0.064,0.007739767438366608,75.244,1.0,0.013115786160222444,75.244,0.0794409917223486,
power,E_copula_ar1_durations,in_spec,75,0.75,False,0.0,0.1,,cvm_cramer_von_mises,asymptotic,,0.05,1000,1000,0,0,0.065,0.007795832219846705,75.244,1.0,0.013115786160222444,75.244,0.0794409917223486,
power,E_copula_ar1_durations,in_spec,75,0.75,False,0.0,0.1,,cvm_cramer_von_mises,permutation,,0.05,1000,1000,0,0,0.074,0.00827792244467173,75.244,1.0,0.013115786160222444,75.244,0.0794409917223486,
power,E_copula_ar1_durations,in_spec,75,0.75,False,0.0,0.15,,c1_lewis_robinson,asymptotic,,0.05,1000,1000,0,0,0.079,0.008529888627643388,75.923,1.0,0.013000013000013,75.923,0.10605367293865865,
power,E_copula_ar1_durations,in_spec,75,0.75,False,0.0,0.15,,c1_lewis_robinson,permutation,,0.05,1000,1000,0,0,0.083,0.008724161850859944,75.923,1.0,0.013000013000013,75.923,0.10605367293865865,
power,E_copula_ar1_durations,in_spec,75,0.75,False,0.0,0.15,,c2_anderson_darling,asymptotic,,0.05,1000,1000,0,0,0.083,0.008724161850859944,75.923,1.0,0.013000013000013,75.923,0.10605367293865865,
power,E_copula_ar1_durations,in_spec,75,0.75,False,0.0,0.15,,c2_anderson_darling,permutation,,0.05,1000,1000,0,0,0.097,0.00935900635751467,75.923,1.0,0.013000013000013,75.923,0.10605367293865865,
power,E_copula_ar1_durations,in_spec,75,0.75,False,0.0,0.15,,c5_rank_autocorr,permutation,studentized,0.05,1000,1000,0,0,0.114,0.010050074626588601,75.923,1.0,0.013000013000013,75.923,0.10605367293865865,
power,E_copula_ar1_durations,in_spec,75,0.75,False,0.0,0.15,,c5_rank_autocorr,permutation,unstudentized,0.05,1000,1000,0,0,0.102,0.009570579919733181,75.923,1.0,0.013000013000013,75.923,0.10605367293865865,
power,E_copula_ar1_durations,in_spec,75,0.75,False,0.0,0.15,,c6_exchangeability,permutation,,0.05,1000,1000,0,0,0.107,0.009775019181566858,75.923,1.0,0.013000013000013,75.923,0.10605367293865865,
power,E_copula_ar1_durations,in_spec,75,0.75,False,0.0,0.15,,cvm_cramer_von_mises,asymptotic,,0.05,1000,1000,0,0,0.09,0.009049861877399014,75.923,1.0,0.013000013000013,75.923,0.10605367293865865,
power,E_copula_ar1_durations,in_spec,75,0.75,False,0.0,0.15,,cvm_cramer_von_mises,permutation,,0.05,1000,1000,0,0,0.095,0.00927227048785787,75.923,1.0,0.013000013000013,75.923,0.10605367293865865,
power,E_copula_ar1_durations,in_spec,75,0.75,False,0.0,0.2,,c1_lewis_robinson,asymptotic,,0.05,1000,1000,0,0,0.104,0.009653186002558949,75.514,1.0,0.013069503620252504,75.514,0.17319484414580566,
power,E_copula_ar1_durations,in_spec,75,0.75,False,0.0,0.2,,c1_lewis_robinson,permutation,,0.05,1000,1000,0,0,0.101,0.009528850927577786,75.514,1.0,0.013069503620252504,75.514,0.17319484414580566,
power,E_copula_ar1_durations,in_spec,75,0.75,False,0.0,0.2,,c2_anderson_darling,asymptotic,,0.05,1000,1000,0,0,0.106,0.009734680272099337,75.514,1.0,0.013069503620252504,75.514,0.17319484414580566,
power,E_copula_ar1_durations,in_spec,75,0.75,False,0.0,0.2,,c2_anderson_darling,permutation,,0.05,1000,1000,0,0,0.112,0.00997276290703835,75.514,1.0,0.013069503620252504,75.514,0.17319484414580566,
power,E_copula_ar1_durations,in_spec,75,0.75,False,0.0,0.2,,c5_rank_autocorr,permutation,studentized,0.05,1000,1000,0,0,0.224,0.013184233007649706,75.514,1.0,0.013069503620252504,75.514,0.17319484414580566,
power,E_copula_ar1_durations,in_spec,75,0.75,False,0.0,0.2,,c5_rank_autocorr,permutation,unstudentized,0.05,1000,1000,0,0,0.205,0.0127661662216971,75.514,1.0,0.013069503620252504,75.514,0.17319484414580566,
power,E_copula_ar1_durations,in_spec,75,0.75,False,0.0,0.2,,c6_exchangeability,permutation,,0.05,1000,1000,0,0,0.193,0.012480024038438387,75.514,1.0,0.013069503620252504,75.514,0.17319484414580566,
power,E_copula_ar1_durations,in_spec,75,0.75,False,0.0,0.2,,cvm_cramer_von_mises,asymptotic,,0.05,1000,1000,0,0,0.106,0.009734680272099337,75.514,1.0,0.013069503620252504,75.514,0.17319484414580566,
power,E_copula_ar1_durations,in_spec,75,0.75,False,0.0,0.2,,cvm_cramer_von_mises,permutation,,0.05,1000,1000,0,0,0.108,0.009815090422405696,75.514,1.0,0.013069503620252504,75.514,0.17319484414580566,
power,E_copula_ar1_durations,in_spec,75,0.75,False,0.0,0.3,,c1_lewis_robinson,asymptotic,,0.05,1000,1000,0,0,0.145,0.01113440613593738,76.836,1.0,0.012847525566575878,76.836,0.25580172560283315,
power,E_copula_ar1_durations,in_spec,75,0.75,False,0.0,0.3,,c1_lewis_robinson,permutation,,0.05,1000,1000,0,0,0.141,0.011005407761641547,76.836,1.0,0.012847525566575878,76.836,0.25580172560283315,
power,E_copula_ar1_durations,in_spec,75,0.75,False,0.0,0.3,,c2_anderson_darling,asymptotic,,0.05,1000,1000,0,0,0.183,0.012227469075814503,76.836,1.0,0.012847525566575878,76.836,0.25580172560283315,
power,E_copula_ar1_durations,in_spec,75,0.75,False,0.0,0.3,,c2_anderson_darling,permutation,,0.05,1000,1000,0,0,0.182,0.012201475320632338,76.836,1.0,0.012847525566575878,76.836,0.25580172560283315,
power,E_copula_ar1_durations,in_spec,75,0.75,False,0.0,0.3,,c5_rank_autocorr,permutation,studentized,0.05,1000,1000,0,0,0.438,0.015689359451551872,76.836,1.0,0.012847525566575878,76.836,0.25580172560283315,
power,E_copula_ar1_durations,in_spec,75,0.75,False,0.0,0.3,,c5_rank_autocorr,permutation,unstudentized,0.05,1000,1000,0,0,0.394,0.015451990163082553,76.836,1.0,0.012847525566575878,76.836,0.25580172560283315,
power,E_copula_ar1_durations,in_spec,75,0.75,False,0.0,0.3,,c6_exchangeability,permutation,,0.05,1000,1000,0,0,0.384,0.015379986996093333,76.836,1.0,0.012847525566575878,76.836,0.25580172560283315,
power,E_copula_ar1_durations,in_spec,75,0.75,False,0.0,0.3,,cvm_cramer_von_mises,asymptotic,,0.05,1000,1000,0,0,0.163,0.011680368144883106,76.836,1.0,0.012847525566575878,76.836,0.25580172560283315,
power,E_copula_ar1_durations,in_spec,75,0.75,False,0.0,0.3,,cvm_cramer_von_mises,permutation,,0.05,1000,1000,0,0,0.165,0.011737759581794134,76.836,1.0,0.012847525566575878,76.836,0.25580172560283315,
power,E_copula_ar1_durations,in_spec,75,0.75,False,0.0,0.5,,c1_lewis_robinson,asymptotic,,0.05,1000,1000,0,0,0.275,0.014120021246442939,76.576,1.0,0.01289058471692276,76.576,0.43614265610237973,
power,E_copula_ar1_durations,in_spec,75,0.75,False,0.0,0.5,,c1_lewis_robinson,permutation,,0.05,1000,1000,0,0,0.262,0.013905250806799567,76.576,1.0,0.01289058471692276,76.576,0.43614265610237973,
power,E_copula_ar1_durations,in_spec,75,0.75,False,0.0,0.5,,c2_anderson_darling,asymptotic,,0.05,1000,1000,0,0,0.354,0.015122301412152848,76.576,1.0,0.01289058471692276,76.576,0.43614265610237973,
power,E_copula_ar1_durations,in_spec,75,0.75,False,0.0,0.5,,c2_anderson_darling,permutation,,0.05,1000,1000,0,0,0.351,0.015093011627902497,76.576,1.0,0.01289058471692276,76.576,0.43614265610237973,
power,E_copula_ar1_durations,in_spec,75,0.75,False,0.0,0.5,,c5_rank_autocorr,permutation,studentized,0.05,1000,1000,0,0,0.922,0.008480330182251158,76.576,1.0,0.01289058471692276,76.576,0.43614265610237973,
power,E_copula_ar1_durations,in_spec,75,0.75,False,0.0,0.5,,c5_rank_autocorr,permutation,unstudentized,0.05,1000,1000,0,0,0.913,0.008912407082264588,76.576,1.0,0.01289058471692276,76.576,0.43614265610237973,
power,E_copula_ar1_durations,in_spec,75,0.75,False,0.0,0.5,,c6_exchangeability,permutation,,0.05,1000,1000,0,0,0.889,0.00993373041711924,76.576,1.0,0.01289058471692276,76.576,0.43614265610237973,
power,E_copula_ar1_durations,in_spec,75,0.75,False,0.0,0.5,,cvm_cramer_von_mises,asymptotic,,0.05,1000,1000,0,0,0.324,0.014799459449588015,76.576,1.0,0.01289058471692276,76.576,0.43614265610237973,
power,E_copula_ar1_durations,in_spec,75,0.75,False,0.0,0.5,,cvm_cramer_von_mises,permutation,,0.05,1000,1000,0,0,0.323,0.014787528529135625,76.576,1.0,0.01289058471692276,76.576,0.43614265610237973,
power,D_trp_power_law,in_spec,75,1.5,False,0.0,,0.7,c1_lewis_robinson,asymptotic,,0.05,1000,1000,0,0,0.942,0.007391616873188169,75.238,1.0,0.013116818384532648,75.238,0.1687731670031177,
power,D_trp_power_law,in_spec,75,1.5,False,0.0,,0.7,c1_lewis_robinson,permutation,,0.05,1000,1000,0,0,0.944,0.007270763371201131,75.238,1.0,0.013116818384532648,75.238,0.1687731670031177,
power,D_trp_power_law,in_spec,75,1.5,False,0.0,,0.7,c2_anderson_darling,asymptotic,,0.05,1000,1000,0,0,0.967,0.005648982209212561,75.238,1.0,0.013116818384532648,75.238,0.1687731670031177,
power,D_trp_power_law,in_spec,75,1.5,False,0.0,,0.7,c2_anderson_darling,permutation,,0.05,1000,1000,0,0,0.969,0.005480784615363026,75.238,1.0,0.013116818384532648,75.238,0.1687731670031177,
power,D_trp_power_law,in_spec,75,1.5,False,0.0,,0.7,c5_rank_autocorr,permutation,studentized,0.05,1000,1000,0,0,0.422,0.01561781034588396,75.238,1.0,0.013116818384532648,75.238,0.1687731670031177,
power,D_trp_power_law,in_spec,75,1.5,False,0.0,,0.7,c5_rank_autocorr,permutation,unstudentized,0.05,1000,1000,0,0,0.363,0.015206281596761254,75.238,1.0,0.013116818384532648,75.238,0.1687731670031177,
power,D_trp_power_law,in_spec,75,1.5,False,0.0,,0.7,c6_exchangeability,permutation,,0.05,1000,1000,0,0,0.492,0.015809364313595912,75.238,1.0,0.013116818384532648,75.238,0.1687731670031177,
power,D_trp_power_law,in_spec,75,1.5,False,0.0,,0.7,cvm_cramer_von_mises,asymptotic,,0.05,1000,1000,0,0,0.945,0.007209368904418752,75.238,1.0,0.013116818384532648,75.238,0.1687731670031177,
power,D_trp_power_law,in_spec,75,1.5,False,0.0,,0.7,cvm_cramer_von_mises,permutation,,0.05,1000,1000,0,0,0.946,0.0071473071852271785,75.238,1.0,0.013116818384532648,75.238,0.1687731670031177,
power,D_trp_power_law,in_spec,75,1.5,False,0.0,,0.85,c1_lewis_robinson,asymptotic,,0.05,1000,1000,0,0,0.371,0.015276092432294327,74.482,1.0,0.013248191621843618,74.482,0.027225206100580587,
power,D_trp_power_law,in_spec,75,1.5,False,0.0,,0.85,c1_lewis_robinson,permutation,,0.05,1000,1000,0,0,0.368,0.015250442616527561,74.482,1.0,0.013248191621843618,74.482,0.027225206100580587,
power,D_trp_power_law,in_spec,75,1.5,False,0.0,,0.85,c2_anderson_darling,asymptotic,,0.05,1000,1000,0,0,0.395,0.015458816254810716,74.482,1.0,0.013248191621843618,74.482,0.027225206100580587,
power,D_trp_power_law,in_spec,75,1.5,False,0.0,,0.85,c2_anderson_darling,permutation,,0.05,1000,1000,0,0,0.39,0.01542400726140908,74.482,1.0,0.013248191621843618,74.482,0.027225206100580587,
power,D_trp_power_law,in_spec,75,1.5,False,0.0,,0.85,c5_rank_autocorr,permutation,studentized,0.05,1000,1000,0,0,0.089,0.00900438781928011,74.482,1.0,0.013248191621843618,74.482,0.027225206100580587,
power,D_trp_power_law,in_spec,75,1.5,False,0.0,,0.85,c5_rank_autocorr,permutation,unstudentized,0.05,1000,1000,0,0,0.073,0.008226238508577295,74.482,1.0,0.013248191621843618,74.482,0.027225206100580587,
power,D_trp_power_law,in_spec,75,1.5,False,0.0,,0.85,c6_exchangeability,permutation,,0.05,1000,1000,0,0,0.075,0.008329165624478841,74.482,1.0,0.013248191621843618,74.482,0.027225206100580587,
power,D_trp_power_law,in_spec,75,1.5,False,0.0,,0.85,cvm_cramer_von_mises,asymptotic,,0.05,1000,1000,0,0,0.362,0.015197236590906913,74.482,1.0,0.013248191621843618,74.482,0.027225206100580587,
power,D_trp_power_law,in_spec,75,1.5,False,0.0,,0.85,cvm_cramer_von_mises,permutation,,0.05,1000,1000,0,0,0.354,0.015122301412152848,74.482,1.0,0.013248191621843618,74.482,0.027225206100580587,
power,D_trp_power_law,in_spec,75,1.5,False,0.0,,1.2,c1_lewis_robinson,asymptotic,,0.05,1000,1000,0,0,0.518,0.01580113919943749,75.098,1.0,0.013140949827853557,75.098,0.02259433732213032,
power,D_trp_power_law,in_spec,75,1.5,False,0.0,,1.2,c1_lewis_robinson,permutation,,0.05,1000,1000,0,0,0.512,0.01580683396509244,75.098,1.0,0.013140949827853557,75.098,0.02259433732213032,
power,D_trp_power_law,in_spec,75,1.5,False,0.0,,1.2,c2_anderson_darling,asymptotic,,0.05,1000,1000,0,0,0.549,0.01573527883451704,75.098,1.0,0.013140949827853557,75.098,0.02259433732213032,
power,D_trp_power_law,in_spec,75,1.5,False,0.0,,1.2,c2_anderson_darling,permutation,,0.05,1000,1000,0,0,0.538,0.015765658882520576,75.098,1.0,0.013140949827853557,75.098,0.02259433732213032,
power,D_trp_power_law,in_spec,75,1.5,False,0.0,,1.2,c5_rank_autocorr,permutation,studentized,0.05,1000,1000,0,0,0.07,0.008068457101577725,75.098,1.0,0.013140949827853557,75.098,0.02259433732213032,
power,D_trp_power_law,in_spec,75,1.5,False,0.0,,1.2,c5_rank_autocorr,permutation,unstudentized,0.05,1000,1000,0,0,0.064,0.007739767438366608,75.098,1.0,0.013140949827853557,75.098,0.02259433732213032,
power,D_trp_power_law,in_spec,75,1.5,False,0.0,,1.2,c6_exchangeability,permutation,,0.05,1000,1000,0,0,0.063,0.007683163410991596,75.098,1.0,0.013140949827853557,75.098,0.02259433732213032,
power,D_trp_power_law,in_spec,75,1.5,False,0.0,,1.2,cvm_cramer_von_mises,asymptotic,,0.05,1000,1000,0,0,0.513,0.015806043148112688,75.098,1.0,0.013140949827853557,75.098,0.02259433732213032,
power,D_trp_power_law,in_spec,75,1.5,False,0.0,,1.2,cvm_cramer_von_mises,permutation,,0.05,1000,1000,0,0,0.511,0.015807561481771943,75.098,1.0,0.013140949827853557,75.098,0.02259433732213032,
power,D_trp_power_law,in_spec,75,1.5,False,0.0,,1.5,c1_lewis_robinson,asymptotic,,0.05,1000,1000,0,0,0.997,0.0017294507798720387,74.378,1.0,0.013266470322905888,74.378,0.11168061853043977,
power,D_trp_power_law,in_spec,75,1.5,False,0.0,,1.5,c1_lewis_robinson,permutation,,0.05,1000,1000,0,0,0.995,0.002230470802319547,74.378,1.0,0.013266470322905888,74.378,0.11168061853043977,
power,D_trp_power_law,in_spec,75,1.5,False,0.0,,1.5,c2_anderson_darling,asymptotic,,0.05,1000,1000,0,0,0.999,0.0009994998749374613,74.378,1.0,0.013266470322905888,74.378,0.11168061853043977,
power,D_trp_power_law,in_spec,75,1.5,False,0.0,,1.5,c2_anderson_darling,permutation,,0.05,1000,1000,0,0,0.997,0.0017294507798720387,74.378,1.0,0.013266470322905888,74.378,0.11168061853043977,
power,D_trp_power_law,in_spec,75,1.5,False,0.0,,1.5,c5_rank_autocorr,permutation,studentized,0.05,1000,1000,0,0,0.23,0.013307892395116516,74.378,1.0,0.013266470322905888,74.378,0.11168061853043977,
power,D_trp_power_law,in_spec,75,1.5,False,0.0,,1.5,c5_rank_autocorr,permutation,unstudentized,0.05,1000,1000,0,0,0.176,0.012042591083317577,74.378,1.0,0.013266470322905888,74.378,0.11168061853043977,
power,D_trp_power_law,in_spec,75,1.5,False,0.0,,1.5,c6_exchangeability,permutation,,0.05,1000,1000,0,0,0.257,0.013818502089589886,74.378,1.0,0.013266470322905888,74.378,0.11168061853043977,
power,D_trp_power_law,in_spec,75,1.5,False,0.0,,1.5,cvm_cramer_von_mises,asymptotic,,0.05,1000,1000,0,0,0.996,0.0019959959919799443,74.378,1.0,0.013266470322905888,74.378,0.11168061853043977,
power,D_trp_power_law,in_spec,75,1.5,False,0.0,,1.5,cvm_cramer_von_mises,permutation,,0.05,1000,1000,0,0,0.996,0.0019959959919799443,74.378,1.0,0.013266470322905888,74.378,0.11168061853043977,
power,E_copula_ar1_durations,in_spec,75,1.5,False,0.0,0.05,,c1_lewis_robinson,asymptotic,,0.05,1000,1000,0,0,0.057,0.007331507348424334,74.701,1.0,0.013209865127277051,74.701,0.03268590902675854,
power,E_copula_ar1_durations,in_spec,75,1.5,False,0.0,0.05,,c1_lewis_robinson,permutation,,0.05,1000,1000,0,0,0.058,0.007391616873188166,74.701,1.0,0.013209865127277051,74.701,0.03268590902675854,
power,E_copula_ar1_durations,in_spec,75,1.5,False,0.0,0.05,,c2_anderson_darling,asymptotic,,0.05,1000,1000,0,0,0.064,0.007739767438366608,74.701,1.0,0.013209865127277051,74.701,0.03268590902675854,
power,E_copula_ar1_durations,in_spec,75,1.5,False,0.0,0.05,,c2_anderson_darling,permutation,,0.05,1000,1000,0,0,0.058,0.007391616873188166,74.701,1.0,0.013209865127277051,74.701,0.03268590902675854,
power,E_copula_ar1_durations,in_spec,75,1.5,False,0.0,0.05,,c5_rank_autocorr,permutation,studentized,0.05,1000,1000,0,0,0.057,0.007331507348424334,74.701,1.0,0.013209865127277051,74.701,0.03268590902675854,
power,E_copula_ar1_durations,in_spec,75,1.5,False,0.0,0.05,,c5_rank_autocorr,permutation,unstudentized,0.05,1000,1000,0,0,0.056,0.007270763371201128,74.701,1.0,0.013209865127277051,74.701,0.03268590902675854,
power,E_copula_ar1_durations,in_spec,75,1.5,False,0.0,0.05,,c6_exchangeability,permutation,,0.05,1000,1000,0,0,0.059,0.007451107300260815,74.701,1.0,0.013209865127277051,74.701,0.03268590902675854,
power,E_copula_ar1_durations,in_spec,75,1.5,False,0.0,0.05,,cvm_cramer_von_mises,asymptotic,,0.05,1000,1000,0,0,0.061,0.0075682891065286355,74.701,1.0,0.013209865127277051,74.701,0.03268590902675854,
power,E_copula_ar1_durations,in_spec,75,1.5,False,0.0,0.05,,cvm_cramer_von_mises,permutation,,0.05,1000,1000,0,0,0.06,0.007509993342207435,74.701,1.0,0.013209865127277051,74.701,0.03268590902675854,
power,E_copula_ar1_durations,in_spec,75,1.5,False,0.0,0.1,,c1_lewis_robinson,asymptotic,,0.05,1000,1000,0,0,0.086,0.008865889690267977,75.107,1.0,0.013139395850578791,75.107,0.0739701760617915,
power,E_copula_ar1_durations,in_spec,75,1.5,False,0.0,0.1,,c1_lewis_robinson,permutation,,0.05,1000,1000,0,0,0.083,0.008724161850859944,75.107,1.0,0.013139395850578791,75.107,0.0739701760617915,
power,E_copula_ar1_durations,in_spec,75,1.5,False,0.0,0.1,,c2_anderson_darling,asymptotic,,0.05,1000,1000,0,0,0.1,0.009486832980505138,75.107,1.0,0.013139395850578791,75.107,0.0739701760617915,
power,E_copula_ar1_durations,in_spec,75,1.5,False,0.0,0.1,,c2_anderson_darling,permutation,,0.05,1000,1000,0,0,0.093,0.009184280047995052,75.107,1.0,0.013139395850578791,75.107,0.0739701760617915,
power,E_copula_ar1_durations,in_spec,75,1.5,False,0.0,0.1,,c5_rank_autocorr,permutation,studentized,0.05,1000,1000,0,0,0.074,0.00827792244467173,75.107,1.0,0.013139395850578791,75.107,0.0739701760617915,
power,E_copula_ar1_durations,in_spec,75,1.5,False,0.0,0.1,,c5_rank_autocorr,permutation,unstudentized,0.05,1000,1000,0,0,0.062,0.007626008130076967,75.107,1.0,0.013139395850578791,75.107,0.0739701760617915,
power,E_copula_ar1_durations,in_spec,75,1.5,False,0.0,0.1,,c6_exchangeability,permutation,,0.05,1000,1000,0,0,0.065,0.007795832219846705,75.107,1.0,0.013139395850578791,75.107,0.0739701760617915,
power,E_copula_ar1_durations,in_spec,75,1.5,False,0.0,0.1,,cvm_cramer_von_mises,asymptotic,,0.05,1000,1000,0,0,0.09,0.009049861877399014,75.107,1.0,0.013139395850578791,75.107,0.0739701760617915,
power,E_copula_ar1_durations,in_spec,75,1.5,False,0.0,0.1,,cvm_cramer_von_mises,permutation,,0.05,1000,1000,0,0,0.086,0.008865889690267977,75.107,1.0,0.013139395850578791,75.107,0.0739701760617915,
power,E_copula_ar1_durations,in_spec,75,1.5,False,0.0,0.15,,c1_lewis_robinson,asymptotic,,0.05,1000,1000,0,0,0.086,0.008865889690267977,74.642,1.0,0.013220168689352477,74.642,0.11859259039318056,
power,E_copula_ar1_durations,in_spec,75,1.5,False,0.0,0.15,,c1_lewis_robinson,permutation,,0.05,1000,1000,0,0,0.078,0.008480330182251162,74.642,1.0,0.013220168689352477,74.642,0.11859259039318056,
power,E_copula_ar1_durations,in_spec,75,1.5,False,0.0,0.15,,c2_anderson_darling,asymptotic,,0.05,1000,1000,0,0,0.097,0.00935900635751467,74.642,1.0,0.013220168689352477,74.642,0.11859259039318056,
power,E_copula_ar1_durations,in_spec,75,1.5,False,0.0,0.15,,c2_anderson_darling,permutation,,0.05,1000,1000,0,0,0.093,0.009184280047995052,74.642,1.0,0.013220168689352477,74.642,0.11859259039318056,
power,E_copula_ar1_durations,in_spec,75,1.5,False,0.0,0.15,,c5_rank_autocorr,permutation,studentized,0.05,1000,1000,0,0,0.144,0.011102432165971562,74.642,1.0,0.013220168689352477,74.642,0.11859259039318056,
power,E_copula_ar1_durations,in_spec,75,1.5,False,0.0,0.15,,c5_rank_autocorr,permutation,unstudentized,0.05,1000,1000,0,0,0.133,0.010738295954200556,74.642,1.0,0.013220168689352477,74.642,0.11859259039318056,
power,E_copula_ar1_durations,in_spec,75,1.5,False,0.0,0.15,,c6_exchangeability,permutation,,0.05,1000,1000,0,0,0.129,0.010599952830083727,74.642,1.0,0.013220168689352477,74.642,0.11859259039318056,
power,E_copula_ar1_durations,in_spec,75,1.5,False,0.0,0.15,,cvm_cramer_von_mises,asymptotic,,0.05,1000,1000,0,0,0.087,0.00891240708226459,74.642,1.0,0.013220168689352477,74.642,0.11859259039318056,
power,E_copula_ar1_durations,in_spec,75,1.5,False,0.0,0.15,,cvm_cramer_von_mises,permutation,,0.05,1000,1000,0,0,0.086,0.008865889690267977,74.642,1.0,0.013220168689352477,74.642,0.11859259039318056,
power,E_copula_ar1_durations,in_spec,75,1.5,False,0.0,0.2,,c1_lewis_robinson,asymptotic,,0.05,1000,1000,0,0,0.099,0.009444522221901964,74.899,1.0,0.01317540415552247,74.899,0.1640332572223587,
power,E_copula_ar1_durations,in_spec,75,1.5,False,0.0,0.2,,c1_lewis_robinson,permutation,,0.05,1000,1000,0,0,0.094,0.009228434320078352,74.899,1.0,0.01317540415552247,74.899,0.1640332572223587,
power,E_copula_ar1_durations,in_spec,75,1.5,False,0.0,0.2,,c2_anderson_darling,asymptotic,,0.05,1000,1000,0,0,0.126,0.010493998284733994,74.899,1.0,0.01317540415552247,74.899,0.1640332572223587,
power,E_copula_ar1_durations,in_spec,75,1.5,False,0.0,0.2,,c2_anderson_darling,permutation,,0.05,1000,1000,0,0,0.115,0.010088359628799918,74.899,1.0,0.01317540415552247,74.899,0.1640332572223587,
power,E_copula_ar1_durations,in_spec,75,1.5,False,0.0,0.2,,c5_rank_autocorr,permutation,studentized,0.05,1000,1000,0,0,0.196,0.012553246592017541,74.899,1.0,0.01317540415552247,74.899,0.1640332572223587,
power,E_copula_ar1_durations,in_spec,75,1.5,False,0.0,0.2,,c5_rank_autocorr,permutation,unstudentized,0.05,1000,1000,0,0,0.169,0.011850696182081457,74.899,1.0,0.01317540415552247,74.899,0.1640332572223587,
power,E_copula_ar1_durations,in_spec,75,1.5,False,0.0,0.2,,c6_exchangeability,permutation,,0.05,1000,1000,0,0,0.176,0.012042591083317577,74.899,1.0,0.01317540415552247,74.899,0.1640332572223587,
power,E_copula_ar1_durations,in_spec,75,1.5,False,0.0,0.2,,cvm_cramer_von_mises,asymptotic,,0.05,1000,1000,0,0,0.113,0.01001154333756789,74.899,1.0,0.01317540415552247,74.899,0.1640332572223587,
power,E_copula_ar1_durations,in_spec,75,1.5,False,0.0,0.2,,cvm_cramer_von_mises,permutation,,0.05,1000,1000,0,0,0.106,0.009734680272099337,74.899,1.0,0.01317540415552247,74.899,0.1640332572223587,
power,E_copula_ar1_durations,in_spec,75,1.5,False,0.0,0.3,,c1_lewis_robinson,asymptotic,,0.05,1000,1000,0,0,0.136,0.010839926199010766,74.826,1.0,0.013188088518450138,74.826,0.25510340254194536,
power,E_copula_ar1_durations,in_spec,75,1.5,False,0.0,0.3,,c1_lewis_robinson,permutation,,0.05,1000,1000,0,0,0.13,0.010634848376916336,74.826,1.0,0.013188088518450138,74.826,0.25510340254194536,
power,E_copula_ar1_durations,in_spec,75,1.5,False,0.0,0.3,,c2_anderson_darling,asymptotic,,0.05,1000,1000,0,0,0.171,0.011906258858264422,74.826,1.0,0.013188088518450138,74.826,0.25510340254194536,
power,E_copula_ar1_durations,in_spec,75,1.5,False,0.0,0.3,,c2_anderson_darling,permutation,,0.05,1000,1000,0,0,0.168,0.011822690049223147,74.826,1.0,0.013188088518450138,74.826,0.25510340254194536,
power,E_copula_ar1_durations,in_spec,75,1.5,False,0.0,0.3,,c5_rank_autocorr,permutation,studentized,0.05,1000,1000,0,0,0.444,0.015711906313366306,74.826,1.0,0.013188088518450138,74.826,0.25510340254194536,
power,E_copula_ar1_durations,in_spec,75,1.5,False,0.0,0.3,,c5_rank_autocorr,permutation,unstudentized,0.05,1000,1000,0,0,0.415,0.015581238718407466,74.826,1.0,0.013188088518450138,74.826,0.25510340254194536,
power,E_copula_ar1_durations,in_spec,75,1.5,False,0.0,0.3,,c6_exchangeability,permutation,,0.05,1000,1000,0,0,0.409,0.015547314880711717,74.826,1.0,0.013188088518450138,74.826,0.25510340254194536,
power,E_copula_ar1_durations,in_spec,75,1.5,False,0.0,0.3,,cvm_cramer_von_mises,asymptotic,,0.05,1000,1000,0,0,0.169,0.011850696182081457,74.826,1.0,0.013188088518450138,74.826,0.25510340254194536,
power,E_copula_ar1_durations,in_spec,75,1.5,False,0.0,0.3,,cvm_cramer_von_mises,permutation,,0.05,1000,1000,0,0,0.167,0.01179453263168999,74.826,1.0,0.013188088518450138,74.826,0.25510340254194536,
power,E_copula_ar1_durations,in_spec,75,1.5,False,0.0,0.5,,c1_lewis_robinson,asymptotic,,0.05,1000,1000,0,0,0.252,0.013729384545565033,74.966,1.0,0.013163783798014903,74.966,0.4388551594060657,
power,E_copula_ar1_durations,in_spec,75,1.5,False,0.0,0.5,,c1_lewis_robinson,permutation,,0.05,1000,1000,0,0,0.246,0.013619251080731275,74.966,1.0,0.013163783798014903,74.966,0.4388551594060657,
power,E_copula_ar1_durations,in_spec,75,1.5,False,0.0,0.5,,c2_anderson_darling,asymptotic,,0.05,1000,1000,0,0,0.388,0.015409607392792329,74.966,1.0,0.013163783798014903,74.966,0.4388551594060657,
power,E_copula_ar1_durations,in_spec,75,1.5,False,0.0,0.5,,c2_anderson_darling,permutation,,0.05,1000,1000,0,0,0.381,0.015357050498061143,74.966,1.0,0.013163783798014903,74.966,0.4388551594060657,
power,E_copula_ar1_durations,in_spec,75,1.5,False,0.0,0.5,,c5_rank_autocorr,permutation,studentized,0.05,1000,1000,0,0,0.939,0.007568289106528638,74.966,1.0,0.013163783798014903,74.966,0.4388551594060657,
power,E_copula_ar1_durations,in_spec,75,1.5,False,0.0,0.5,,c5_rank_autocorr,permutation,unstudentized,0.05,1000,1000,0,0,0.925,0.00832916562447884,74.966,1.0,0.013163783798014903,74.966,0.4388551594060657,
power,E_copula_ar1_durations,in_spec,75,1.5,False,0.0,0.5,,c6_exchangeability,permutation,,0.05,1000,1000,0,0,0.886,0.010050074626588601,74.966,1.0,0.013163783798014903,74.966,0.4388551594060657,
power,E_copula_ar1_durations,in_spec,75,1.5,False,0.0,0.5,,cvm_cramer_von_mises,asymptotic,,0.05,1000,1000,0,0,0.347,0.01505293991218991,74.966,1.0,0.013163783798014903,74.966,0.4388551594060657,
power,E_copula_ar1_durations,in_spec,75,1.5,False,0.0,0.5,,cvm_cramer_von_mises,permutation,,0.05,1000,1000,0,0,0.345,0.015032464867745409,74.966,1.0,0.013163783798014903,74.966,0.4388551594060657,
power,C_ar1_reads_carved,calendar,75,,False,0.0,0.05,,c1_lewis_robinson,asymptotic,,0.05,1000,1000,0,0,0.059,0.007451107300260815,74.325,1.0,0.013275804845668768,9.013,-0.018071369390475937,
power,C_ar1_reads_carved,calendar,75,,False,0.0,0.05,,c1_lewis_robinson,permutation,,0.05,1000,1000,0,0,0.059,0.007451107300260815,74.325,1.0,0.013275804845668768,9.013,-0.018071369390475937,
power,C_ar1_reads_carved,calendar,75,,False,0.0,0.05,,c2_anderson_darling,asymptotic,,0.05,1000,1000,0,0,0.059,0.007451107300260815,74.325,1.0,0.013275804845668768,9.013,-0.018071369390475937,
power,C_ar1_reads_carved,calendar,75,,False,0.0,0.05,,c2_anderson_darling,permutation,,0.05,1000,1000,0,0,0.061,0.0075682891065286355,74.325,1.0,0.013275804845668768,9.013,-0.018071369390475937,
power,C_ar1_reads_carved,calendar,75,,False,0.0,0.05,,c5_rank_autocorr,permutation,studentized,0.05,1000,1000,0,0,0.059,0.007451107300260815,74.325,1.0,0.013275804845668768,9.013,-0.018071369390475937,
power,C_ar1_reads_carved,calendar,75,,False,0.0,0.05,,c5_rank_autocorr,permutation,unstudentized,0.05,1000,1000,0,0,0.061,0.0075682891065286355,74.325,1.0,0.013275804845668768,9.013,-0.018071369390475937,
power,C_ar1_reads_carved,calendar,75,,False,0.0,0.05,,c6_exchangeability,permutation,,0.05,1000,1000,0,0,0.06,0.007509993342207435,74.325,1.0,0.013275804845668768,9.013,-0.018071369390475937,
power,C_ar1_reads_carved,calendar,75,,False,0.0,0.05,,cvm_cramer_von_mises,asymptotic,,0.05,1000,1000,0,0,0.064,0.007739767438366608,74.325,1.0,0.013275804845668768,9.013,-0.018071369390475937,
power,C_ar1_reads_carved,calendar,75,,False,0.0,0.05,,cvm_cramer_von_mises,permutation,,0.05,1000,1000,0,0,0.061,0.0075682891065286355,74.325,1.0,0.013275804845668768,9.013,-0.018071369390475937,
power,C_ar1_reads_carved,in_spec,75,,False,0.0,0.05,,c5_rank_autocorr,permutation,studentized,0.05,1000,1000,0,0,0.05,0.006892024376045111,74.661,1.0,0.01321684883889983,6.722,-0.008066468830182551,
power,C_ar1_reads_carved,in_spec,75,,False,0.0,0.05,,c5_rank_autocorr,permutation,unstudentized,0.05,1000,1000,0,0,0.054,0.007147307185227175,74.661,1.0,0.01321684883889983,6.722,-0.008066468830182551,
power,C_ar1_reads_carved,in_spec,75,,False,0.0,0.05,,c6_exchangeability,permutation,,0.05,1000,1000,0,0,0.064,0.007739767438366608,74.661,1.0,0.01321684883889983,6.722,-0.008066468830182551,
power,C_ar1_reads_carved,in_spec,75,,False,0.0,0.05,,cvm_cramer_von_mises,permutation,,0.05,1000,1000,0,0,0.047,0.006692607862410586,74.661,1.0,0.01321684883889983,6.722,-0.008066468830182551,
power,C_ar1_reads_carved,calendar,75,,False,0.0,0.1,,c1_lewis_robinson,asymptotic,,0.05,1000,1000,0,0,0.053,0.00708456067798138,71.694,1.0,0.013756293504278207,9.324,-0.015070597895613144,
power,C_ar1_reads_carved,calendar,75,,False,0.0,0.1,,c1_lewis_robinson,permutation,,0.05,1000,1000,0,0,0.052,0.007021111023192838,71.694,1.0,0.013756293504278207,9.324,-0.015070597895613144,
power,C_ar1_reads_carved,calendar,75,,False,0.0,0.1,,c2_anderson_darling,asymptotic,,0.05,1000,1000,0,0,0.057,0.007331507348424334,71.694,1.0,0.013756293504278207,9.324,-0.015070597895613144,
power,C_ar1_reads_carved,calendar,75,,False,0.0,0.1,,c2_anderson_darling,permutation,,0.05,1000,1000,0,0,0.051,0.00695693898205238,71.694,1.0,0.013756293504278207,9.324,-0.015070597895613144,
power,C_ar1_reads_carved,calendar,75,,False,0.0,0.1,,c5_rank_autocorr,permutation,studentized,0.05,1000,1000,0,0,0.052,0.007021111023192838,71.694,1.0,0.013756293504278207,9.324,-0.015070597895613144,
power,C_ar1_reads_carved,calendar,75,,False,0.0,0.1,,c5_rank_autocorr,permutation,unstudentized,0.05,1000,1000,0,0,0.052,0.007021111023192838,71.694,1.0,0.013756293504278207,9.324,-0.015070597895613144,
power,C_ar1_reads_carved,calendar,75,,False,0.0,0.1,,c6_exchangeability,permutation,,0.05,1000,1000,0,0,0.052,0.007021111023192838,71.694,1.0,0.013756293504278207,9.324,-0.015070597895613144,
power,C_ar1_reads_carved,calendar,75,,False,0.0,0.1,,cvm_cramer_von_mises,asymptotic,,0.05,1000,1000,0,0,0.054,0.007147307185227175,71.694,1.0,0.013756293504278207,9.324,-0.015070597895613144,
power,C_ar1_reads_carved,calendar,75,,False,0.0,0.1,,cvm_cramer_von_mises,permutation,,0.05,1000,1000,0,0,0.048,0.006759881655768835,71.694,1.0,0.013756293504278207,9.324,-0.015070597895613144,
power,C_ar1_reads_carved,in_spec,75,,False,0.0,0.1,,c5_rank_autocorr,permutation,studentized,0.05,1000,1000,0,0,0.045,0.0065555320150236475,72.378,1.0,0.01362806290713838,6.954,-0.013708086498462679,
power,C_ar1_reads_carved,in_spec,75,,False,0.0,0.1,,c5_rank_autocorr,permutation,unstudentized,0.05,1000,1000,0,0,0.051,0.00695693898205238,72.378,1.0,0.01362806290713838,6.954,-0.013708086498462679,
power,C_ar1_reads_carved,in_spec,75,,False,0.0,0.1,,c6_exchangeability,permutation,,0.05,1000,1000,0,0,0.046,0.006624499981130651,72.378,1.0,0.01362806290713838,6.954,-0.013708086498462679,
power,C_ar1_reads_carved,in_spec,75,,False,0.0,0.1,,cvm_cramer_von_mises,permutation,,0.05,1000,1000,0,0,0.05,0.006892024376045111,72.378,1.0,0.01362806290713838,6.954,-0.013708086498462679,
power,C_ar1_reads_carved,calendar,75,,False,0.0,0.15,,c1_lewis_robinson,asymptotic,,0.05,1000,1000,0,0,0.055,0.00720936890441875,69.136,1.0,0.014258013003307859,9.647,-0.01609807541712321,
power,C_ar1_reads_carved,calendar,75,,False,0.0,0.15,,c1_lewis_robinson,permutation,,0.05,1000,1000,0,0,0.049,0.006826346021115542,69.136,1.0,0.014258013003307859,9.647,-0.01609807541712321,
power,C_ar1_reads_carved,calendar,75,,False,0.0,0.15,,c2_anderson_darling,asymptotic,,0.05,1000,1000,0,0,0.059,0.007451107300260815,69.136,1.0,0.014258013003307859,9.647,-0.01609807541712321,
power,C_ar1_reads_carved,calendar,75,,False,0.0,0.15,,c2_anderson_darling,permutation,,0.05,1000,1000,0,0,0.051,0.00695693898205238,69.136,1.0,0.014258013003307859,9.647,-0.01609807541712321,
power,C_ar1_reads_carved,calendar,75,,False,0.0,0.15,,c5_rank_autocorr,permutation,studentized,0.05,1000,1000,0,0,0.059,0.007451107300260815,69.136,1.0,0.014258013003307859,9.647,-0.01609807541712321,
power,C_ar1_reads_carved,calendar,75,,False,0.0,0.15,,c5_rank_autocorr,permutation,unstudentized,0.05,1000,1000,0,0,0.063,0.007683163410991596,69.136,1.0,0.014258013003307859,9.647,-0.01609807541712321,
power,C_ar1_reads_carved,calendar,75,,False,0.0,0.15,,c6_exchangeability,permutation,,0.05,1000,1000,0,0,0.052,0.007021111023192838,69.136,1.0,0.014258013003307859,9.647,-0.01609807541712321,
power,C_ar1_reads_carved,calendar,75,,False,0.0,0.15,,cvm_cramer_von_mises,asymptotic,,0.05,1000,1000,0,0,0.059,0.007451107300260815,69.136,1.0,0.014258013003307859,9.647,-0.01609807541712321,
power,C_ar1_reads_carved,calendar,75,,False,0.0,0.15,,cvm_cramer_von_mises,permutation,,0.05,1000,1000,0,0,0.053,0.00708456067798138,69.136,1.0,0.014258013003307859,9.647,-0.01609807541712321,
power,C_ar1_reads_carved,in_spec,75,,False,0.0,0.15,,c5_rank_autocorr,permutation,studentized,0.05,1000,1000,0,0,0.06,0.007509993342207435,69.827,1.0,0.014118909455433662,7.212,-0.009834646699033939,
power,C_ar1_reads_carved,in_spec,75,,False,0.0,0.15,,c5_rank_autocorr,permutation,unstudentized,0.05,1000,1000,0,0,0.058,0.007391616873188166,69.827,1.0,0.014118909455433662,7.212,-0.009834646699033939,
power,C_ar1_reads_carved,in_spec,75,,False,0.0,0.15,,c6_exchangeability,permutation,,0.05,1000,1000,0,0,0.061,0.0075682891065286355,69.827,1.0,0.014118909455433662,7.212,-0.009834646699033939,
power,C_ar1_reads_carved,in_spec,75,,False,0.0,0.15,,cvm_cramer_von_mises,permutation,,0.05,1000,1000,0,0,0.066,0.007851369307324678,69.827,1.0,0.014118909455433662,7.212,-0.009834646699033939,
power,C_ar1_reads_carved,calendar,75,,False,0.0,0.2,,c1_lewis_robinson,asymptotic,,0.05,1000,1000,0,0,0.056,0.007270763371201128,66.971,1.0,0.014712156655044063,9.9,-0.014402351490473411,
power,C_ar1_reads_carved,calendar,75,,False,0.0,0.2,,c1_lewis_robinson,permutation,,0.05,1000,1000,0,0,0.053,0.00708456067798138,66.971,1.0,0.014712156655044063,9.9,-0.014402351490473411,
power,C_ar1_reads_carved,calendar,75,,False,0.0,0.2,,c2_anderson_darling,asymptotic,,0.05,1000,1000,0,0,0.057,0.007331507348424334,66.971,1.0,0.014712156655044063,9.9,-0.014402351490473411,
power,C_ar1_reads_carved,calendar,75,,False,0.0,0.2,,c2_anderson_darling,permutation,,0.05,1000,1000,0,0,0.053,0.00708456067798138,66.971,1.0,0.014712156655044063,9.9,-0.014402351490473411,
power,C_ar1_reads_carved,calendar,75,,False,0.0,0.2,,c5_rank_autocorr,permutation,studentized,0.05,1000,1000,0,0,0.041,0.006270486424512854,66.971,1.0,0.014712156655044063,9.9,-0.014402351490473411,
power,C_ar1_reads_carved,calendar,75,,False,0.0,0.2,,c5_rank_autocorr,permutation,unstudentized,0.05,1000,1000,0,0,0.054,0.007147307185227175,66.971,1.0,0.014712156655044063,9.9,-0.014402351490473411,
power,C_ar1_reads_carved,calendar,75,,False,0.0,0.2,,c6_exchangeability,permutation,,0.05,1000,1000,0,0,0.043,0.006414904519944158,66.971,1.0,0.014712156655044063,9.9,-0.014402351490473411,
power,C_ar1_reads_carved,calendar,75,,False,0.0,0.2,,cvm_cramer_von_mises,asymptotic,,0.05,1000,1000,0,0,0.057,0.007331507348424334,66.971,1.0,0.014712156655044063,9.9,-0.014402351490473411,
power,C_ar1_reads_carved,calendar,75,,False,0.0,0.2,,cvm_cramer_von_mises,permutation,,0.05,1000,1000,0,0,0.053,0.00708456067798138,66.971,1.0,0.014712156655044063,9.9,-0.014402351490473411,
power,C_ar1_reads_carved,in_spec,75,,False,0.0,0.2,,c5_rank_autocorr,permutation,studentized,0.05,1000,1000,0,0,0.05,0.006892024376045111,67.172,1.0,0.014668778970838467,7.468,-0.014718872190577206,
power,C_ar1_reads_carved,in_spec,75,,False,0.0,0.2,,c5_rank_autocorr,permutation,unstudentized,0.05,1000,1000,0,0,0.052,0.007021111023192838,67.172,1.0,0.014668778970838467,7.468,-0.014718872190577206,
power,C_ar1_reads_carved,in_spec,75,,False,0.0,0.2,,c6_exchangeability,permutation,,0.05,1000,1000,0,0,0.052,0.007021111023192838,67.172,1.0,0.014668778970838467,7.468,-0.014718872190577206,
power,C_ar1_reads_carved,in_spec,75,,False,0.0,0.2,,cvm_cramer_von_mises,permutation,,0.05,1000,1000,0,0,0.039,0.006122009474020765,67.172,1.0,0.014668778970838467,7.468,-0.014718872190577206,
power,C_ar1_reads_carved,calendar,75,,False,0.0,0.3,,c1_lewis_robinson,asymptotic,,0.05,1000,1000,0,0,0.065,0.007795832219846705,61.528,1.0,0.015992835209825997,10.784,-0.010250574035366581,
power,C_ar1_reads_carved,calendar,75,,False,0.0,0.3,,c1_lewis_robinson,permutation,,0.05,1000,1000,0,0,0.063,0.007683163410991596,61.528,1.0,0.015992835209825997,10.784,-0.010250574035366581,
power,C_ar1_reads_carved,calendar,75,,False,0.0,0.3,,c2_anderson_darling,asymptotic,,0.05,1000,1000,0,0,0.072,0.008174105455644672,61.528,1.0,0.015992835209825997,10.784,-0.010250574035366581,
power,C_ar1_reads_carved,calendar,75,,False,0.0,0.3,,c2_anderson_darling,permutation,,0.05,1000,1000,0,0,0.064,0.007739767438366608,61.528,1.0,0.015992835209825997,10.784,-0.010250574035366581,
power,C_ar1_reads_carved,calendar,75,,False,0.0,0.3,,c5_rank_autocorr,permutation,studentized,0.05,1000,1000,0,0,0.046,0.006624499981130651,61.528,1.0,0.015992835209825997,10.784,-0.010250574035366581,
power,C_ar1_reads_carved,calendar,75,,False,0.0,0.3,,c5_rank_autocorr,permutation,unstudentized,0.05,1000,1000,0,0,0.049,0.006826346021115542,61.528,1.0,0.015992835209825997,10.784,-0.010250574035366581,
power,C_ar1_reads_carved,calendar,75,,False,0.0,0.3,,c6_exchangeability,permutation,,0.05,1000,1000,0,0,0.056,0.007270763371201128,61.528,1.0,0.015992835209825997,10.784,-0.010250574035366581,
power,C_ar1_reads_carved,calendar,75,,False,0.0,0.3,,cvm_cramer_von_mises,asymptotic,,0.05,1000,1000,0,0,0.069,0.008014923580421713,61.528,1.0,0.015992835209825997,10.784,-0.010250574035366581,
power,C_ar1_reads_carved,calendar,75,,False,0.0,0.3,,cvm_cramer_von_mises,permutation,,0.05,1000,1000,0,0,0.065,0.007795832219846705,61.528,1.0,0.015992835209825997,10.784,-0.010250574035366581,
power,C_ar1_reads_carved,in_spec,75,,False,0.0,0.3,,c5_rank_autocorr,permutation,studentized,0.05,1000,1000,0,0,0.049,0.006826346021115542,62.091,1.0,0.01585012125342759,7.957,-0.015292428072564099,
power,C_ar1_reads_carved,in_spec,75,,False,0.0,0.3,,c5_rank_autocorr,permutation,unstudentized,0.05,1000,1000,0,0,0.056,0.007270763371201128,62.091,1.0,0.01585012125342759,7.957,-0.015292428072564099,
power,C_ar1_reads_carved,in_spec,75,,False,0.0,0.3,,c6_exchangeability,permutation,,0.05,1000,1000,0,0,0.047,0.006692607862410586,62.091,1.0,0.01585012125342759,7.957,-0.015292428072564099,
power,C_ar1_reads_carved,in_spec,75,,False,0.0,0.3,,cvm_cramer_von_mises,permutation,,0.05,1000,1000,0,0,0.057,0.007331507348424334,62.091,1.0,0.01585012125342759,7.957,-0.015292428072564099,
power,C_ar1_reads_carved,calendar,75,,False,0.0,0.5,,c1_lewis_robinson,asymptotic,,0.05,1000,1000,0,0,0.056,0.007270763371201128,51.102,1.0,0.019193121185367167,12.625,-0.018489246002177617,
power,C_ar1_reads_carved,calendar,75,,False,0.0,0.5,,c1_lewis_robinson,permutation,,0.05,1000,1000,0,0,0.057,0.007331507348424334,51.102,1.0,0.019193121185367167,12.625,-0.018489246002177617,
power,C_ar1_reads_carved,calendar,75,,False,0.0,0.5,,c2_anderson_darling,asymptotic,,0.05,1000,1000,0,0,0.063,0.007683163410991596,51.102,1.0,0.019193121185367167,12.625,-0.018489246002177617,
power,C_ar1_reads_carved,calendar,75,,False,0.0,0.5,,c2_anderson_darling,permutation,,0.05,1000,1000,0,0,0.054,0.007147307185227175,51.102,1.0,0.019193121185367167,12.625,-0.018489246002177617,
power,C_ar1_reads_carved,calendar,75,,False,0.0,0.5,,c5_rank_autocorr,permutation,studentized,0.05,1000,1000,0,0,0.045,0.0065555320150236475,51.102,1.0,0.019193121185367167,12.625,-0.018489246002177617,
power,C_ar1_reads_carved,calendar,75,,False,0.0,0.5,,c5_rank_autocorr,permutation,unstudentized,0.05,1000,1000,0,0,0.05,0.006892024376045111,51.102,1.0,0.019193121185367167,12.625,-0.018489246002177617,
power,C_ar1_reads_carved,calendar,75,,False,0.0,0.5,,c6_exchangeability,permutation,,0.05,1000,1000,0,0,0.046,0.006624499981130651,51.102,1.0,0.019193121185367167,12.625,-0.018489246002177617,
power,C_ar1_reads_carved,calendar,75,,False,0.0,0.5,,cvm_cramer_von_mises,asymptotic,,0.05,1000,1000,0,0,0.059,0.007451107300260815,51.102,1.0,0.019193121185367167,12.625,-0.018489246002177617,
power,C_ar1_reads_carved,calendar,75,,False,0.0,0.5,,cvm_cramer_von_mises,permutation,,0.05,1000,1000,0,0,0.059,0.007451107300260815,51.102,1.0,0.019193121185367167,12.625,-0.018489246002177617,
power,C_ar1_reads_carved,in_spec,75,,False,0.0,0.5,,c5_rank_autocorr,permutation,studentized,0.05,1000,1000,0,0,0.034,0.005730968504537431,51.558,1.0,0.019026599185661554,9.176,-0.016773433629176906,
power,C_ar1_reads_carved,in_spec,75,,False,0.0,0.5,,c5_rank_autocorr,permutation,unstudentized,0.05,1000,1000,0,0,0.04,0.0061967733539318665,51.558,1.0,0.019026599185661554,9.176,-0.016773433629176906,
power,C_ar1_reads_carved,in_spec,75,,False,0.0,0.5,,c6_exchangeability,permutation,,0.05,1000,1000,0,0,0.047,0.006692607862410586,51.558,1.0,0.019026599185661554,9.176,-0.016773433629176906,
power,C_ar1_reads_carved,in_spec,75,,False,0.0,0.5,,cvm_cramer_von_mises,permutation,,0.05,1000,1000,0,0,0.057,0.007331507348424334,51.558,1.0,0.019026599185661554,9.176,-0.016773433629176906,
power,D_trp_power_law,in_spec,100,0.75,False,0.0,,0.7,c1_lewis_robinson,asymptotic,,0.05,1000,1000,0,0,0.612,0.015409607392792329,100.656,1.0,0.009837097662705595,100.656,0.0590878097267624,
power,D_trp_power_law,in_spec,100,0.75,False,0.0,,0.7,c1_lewis_robinson,permutation,,0.05,1000,1000,0,0,0.604,0.01546557467409472,100.656,1.0,0.009837097662705595,100.656,0.0590878097267624,
power,D_trp_power_law,in_spec,100,0.75,False,0.0,,0.7,c2_anderson_darling,asymptotic,,0.05,1000,1000,0,0,0.666,0.014914556647785411,100.656,1.0,0.009837097662705595,100.656,0.0590878097267624,
power,D_trp_power_law,in_spec,100,0.75,False,0.0,,0.7,c2_anderson_darling,permutation,,0.05,1000,1000,0,0,0.673,0.014834790190629592,100.656,1.0,0.009837097662705595,100.656,0.0590878097267624,
power,D_trp_power_law,in_spec,100,0.75,False,0.0,,0.7,c5_rank_autocorr,permutation,studentized,0.05,1000,1000,0,0,0.133,0.010738295954200556,100.656,1.0,0.009837097662705595,100.656,0.0590878097267624,
power,D_trp_power_law,in_spec,100,0.75,False,0.0,,0.7,c5_rank_autocorr,permutation,unstudentized,0.05,1000,1000,0,0,0.109,0.00985489725973843,100.656,1.0,0.009837097662705595,100.656,0.0590878097267624,
power,D_trp_power_law,in_spec,100,0.75,False,0.0,,0.7,c6_exchangeability,permutation,,0.05,1000,1000,0,0,0.136,0.010839926199010766,100.656,1.0,0.009837097662705595,100.656,0.0590878097267624,
power,D_trp_power_law,in_spec,100,0.75,False,0.0,,0.7,cvm_cramer_von_mises,asymptotic,,0.05,1000,1000,0,0,0.588,0.01556457516284977,100.656,1.0,0.009837097662705595,100.656,0.0590878097267624,
power,D_trp_power_law,in_spec,100,0.75,False,0.0,,0.7,cvm_cramer_von_mises,permutation,,0.05,1000,1000,0,0,0.59,0.01555313473226539,100.656,1.0,0.009837097662705595,100.656,0.0590878097267624,
power,D_trp_power_law,in_spec,100,0.75,False,0.0,,0.85,c1_lewis_robinson,asymptotic,,0.05,1000,1000,0,0,0.197,0.012577400367325514,100.689,1.0,0.00983390533882721,100.689,0.003553900965108264,
power,D_trp_power_law,in_spec,100,0.75,False,0.0,,0.85,c1_lewis_robinson,permutation,,0.05,1000,1000,0,0,0.197,0.012577400367325514,100.689,1.0,0.00983390533882721,100.689,0.003553900965108264,
power,D_trp_power_law,in_spec,100,0.75,False,0.0,,0.85,c2_anderson_darling,asymptotic,,0.05,1000,1000,0,0,0.208,0.0128349522788361,100.689,1.0,0.00983390533882721,100.689,0.003553900965108264,
power,D_trp_power_law,in_spec,100,0.75,False,0.0,,0.85,c2_anderson_darling,permutation,,0.05,1000,1000,0,0,0.215,0.012991343271578963,100.689,1.0,0.00983390533882721,100.689,0.003553900965108264,
power,D_trp_power_law,in_spec,100,0.75,False,0.0,,0.85,c5_rank_autocorr,permutation,studentized,0.05,1000,1000,0,0,0.062,0.007626008130076967,100.689,1.0,0.00983390533882721,100.689,0.003553900965108264,
power,D_trp_power_law,in_spec,100,0.75,False,0.0,,0.85,c5_rank_autocorr,permutation,unstudentized,0.05,1000,1000,0,0,0.054,0.007147307185227175,100.689,1.0,0.00983390533882721,100.689,0.003553900965108264,
power,D_trp_power_law,in_spec,100,0.75,False,0.0,,0.85,c6_exchangeability,permutation,,0.05,1000,1000,0,0,0.058,0.007391616873188166,100.689,1.0,0.00983390533882721,100.689,0.003553900965108264,
power,D_trp_power_law,in_spec,100,0.75,False,0.0,,0.85,cvm_cramer_von_mises,asymptotic,,0.05,1000,1000,0,0,0.185,0.012279047194306243,100.689,1.0,0.00983390533882721,100.689,0.003553900965108264,
power,D_trp_power_law,in_spec,100,0.75,False,0.0,,0.85,cvm_cramer_von_mises,permutation,,0.05,1000,1000,0,0,0.19,0.012405643876881199,100.689,1.0,0.00983390533882721,100.689,0.003553900965108264,
power,D_trp_power_law,in_spec,100,0.75,False,0.0,,1.2,c1_lewis_robinson,asymptotic,,0.05,1000,1000,0,0,0.19,0.012405643876881199,99.557,1.0,0.009944608530485198,99.557,-0.0016145058198530676,
power,D_trp_power_law,in_spec,100,0.75,False,0.0,,1.2,c1_lewis_robinson,permutation,,0.05,1000,1000,0,0,0.195,0.012528966437819204,99.557,1.0,0.009944608530485198,99.557,-0.0016145058198530676,
power,D_trp_power_law,in_spec,100,0.75,False,0.0,,1.2,c2_anderson_darling,asymptotic,,0.05,1000,1000,0,0,0.17,0.011878552100319299,99.557,1.0,0.009944608530485198,99.557,-0.0016145058198530676,
power,D_trp_power_law,in_spec,100,0.75,False,0.0,,1.2,c2_anderson_darling,permutation,,0.05,1000,1000,0,0,0.182,0.012201475320632338,99.557,1.0,0.009944608530485198,99.557,-0.0016145058198530676,
power,D_trp_power_law,in_spec,100,0.75,False,0.0,,1.2,c5_rank_autocorr,permutation,studentized,0.05,1000,1000,0,0,0.05,0.006892024376045111,99.557,1.0,0.009944608530485198,99.557,-0.0016145058198530676,
power,D_trp_power_law,in_spec,100,0.75,False,0.0,,1.2,c5_rank_autocorr,permutation,unstudentized,0.05,1000,1000,0,0,0.05,0.006892024376045111,99.557,1.0,0.009944608530485198,99.557,-0.0016145058198530676,
power,D_trp_power_law,in_spec,100,0.75,False,0.0,,1.2,c6_exchangeability,permutation,,0.05,1000,1000,0,0,0.051,0.00695693898205238,99.557,1.0,0.009944608530485198,99.557,-0.0016145058198530676,
power,D_trp_power_law,in_spec,100,0.75,False,0.0,,1.2,cvm_cramer_von_mises,asymptotic,,0.05,1000,1000,0,0,0.181,0.0121753439376471,99.557,1.0,0.009944608530485198,99.557,-0.0016145058198530676,
power,D_trp_power_law,in_spec,100,0.75,False,0.0,,1.2,cvm_cramer_von_mises,permutation,,0.05,1000,1000,0,0,0.185,0.012279047194306243,99.557,1.0,0.009944608530485198,99.557,-0.0016145058198530676,
power,D_trp_power_law,in_spec,100,0.75,False,0.0,,1.5,c1_lewis_robinson,asymptotic,,0.05,1000,1000,0,0,0.708,0.014378317008607092,100.063,1.0,0.00989481808376953,100.063,0.0369978270085611,
power,D_trp_power_law,in_spec,100,0.75,False,0.0,,1.5,c1_lewis_robinson,permutation,,0.05,1000,1000,0,0,0.708,0.014378317008607092,100.063,1.0,0.00989481808376953,100.063,0.0369978270085611,
power,D_trp_power_law,in_spec,100,0.75,False,0.0,,1.5,c2_anderson_darling,asymptotic,,0.05,1000,1000,0,0,0.685,0.014689281806814109,100.063,1.0,0.00989481808376953,100.063,0.0369978270085611,
power,D_trp_power_law,in_spec,100,0.75,False,0.0,,1.5,c2_anderson_darling,permutation,,0.05,1000,1000,0,0,0.712,0.014319776534569246,100.063,1.0,0.00989481808376953,100.063,0.0369978270085611,
power,D_trp_power_law,in_spec,100,0.75,False,0.0,,1.5,c5_rank_autocorr,permutation,studentized,0.05,1000,1000,0,0,0.091,0.009094998625618368,100.063,1.0,0.00989481808376953,100.063,0.0369978270085611,
power,D_trp_power_law,in_spec,100,0.75,False,0.0,,1.5,c5_rank_autocorr,permutation,unstudentized,0.05,1000,1000,0,0,0.066,0.007851369307324678,100.063,1.0,0.00989481808376953,100.063,0.0369978270085611,
power,D_trp_power_law,in_spec,100,0.75,False,0.0,,1.5,c6_exchangeability,permutation,,0.05,1000,1000,0,0,0.074,0.00827792244467173,100.063,1.0,0.00989481808376953,100.063,0.0369978270085611,
power,D_trp_power_law,in_spec,100,0.75,False,0.0,,1.5,cvm_cramer_von_mises,asymptotic,,0.05,1000,1000,0,0,0.691,0.014612289348353324,100.063,1.0,0.00989481808376953,100.063,0.0369978270085611,
power,D_trp_power_law,in_spec,100,0.75,False,0.0,,1.5,cvm_cramer_von_mises,permutation,,0.05,1000,1000,0,0,0.707,0.014392741226048637,100.063,1.0,0.00989481808376953,100.063,0.0369978270085611,
power,E_copula_ar1_durations,in_spec,100,0.75,False,0.0,0.05,,c1_lewis_robinson,asymptotic,,0.05,1000,1000,0,0,0.066,0.007851369307324678,100.348,1.0,0.00986699293523306,100.348,0.0410502394383024,
power,E_copula_ar1_durations,in_spec,100,0.75,False,0.0,0.05,,c1_lewis_robinson,permutation,,0.05,1000,1000,0,0,0.061,0.0075682891065286355,100.348,1.0,0.00986699293523306,100.348,0.0410502394383024,
power,E_copula_ar1_durations,in_spec,100,0.75,False,0.0,0.05,,c2_anderson_darling,asymptotic,,0.05,1000,1000,0,0,0.063,0.007683163410991596,100.348,1.0,0.00986699293523306,100.348,0.0410502394383024,
power,E_copula_ar1_durations,in_spec,100,0.75,False,0.0,0.05,,c2_anderson_darling,permutation,,0.05,1000,1000,0,0,0.068,0.007960904471226871,100.348,1.0,0.00986699293523306,100.348,0.0410502394383024,
power,E_copula_ar1_durations,in_spec,100,0.75,False,0.0,0.05,,c5_rank_autocorr,permutation,studentized,0.05,1000,1000,0,0,0.067,0.007906389820898032,100.348,1.0,0.00986699293523306,100.348,0.0410502394383024,
power,E_copula_ar1_durations,in_spec,100,0.75,False,0.0,0.05,,c5_rank_autocorr,permutation,unstudentized,0.05,1000,1000,0,0,0.07,0.008068457101577725,100.348,1.0,0.00986699293523306,100.348,0.0410502394383024,
power,E_copula_ar1_durations,in_spec,100,0.75,False,0.0,0.05,,c6_exchangeability,permutation,,0.05,1000,1000,0,0,0.072,0.008174105455644672,100.348,1.0,0.00986699293523306,100.348,0.0410502394383024,
power,E_copula_ar1_durations,in_spec,100,0.75,False,0.0,0.05,,cvm_cramer_von_mises,asymptotic,,0.05,1000,1000,0,0,0.06,0.007509993342207435,100.348,1.0,0.00986699293523306,100.348,0.0410502394383024,
power,E_copula_ar1_durations,in_spec,100,0.75,False,0.0,0.05,,cvm_cramer_von_mises,permutation,,0.05,1000,1000,0,0,0.062,0.007626008130076967,100.348,1.0,0.00986699293523306,100.348,0.0410502394383024,
power,E_copula_ar1_durations,in_spec,100,0.75,False,0.0,0.1,,c1_lewis_robinson,asymptotic,,0.05,1000,1000,0,0,0.07,0.008068457101577725,101.012,1.0,0.00980276830176842,101.012,0.08178215440138874,
power,E_copula_ar1_durations,in_spec,100,0.75,False,0.0,0.1,,c1_lewis_robinson,permutation,,0.05,1000,1000,0,0,0.071,0.008121514637061242,101.012,1.0,0.00980276830176842,101.012,0.08178215440138874,
power,E_copula_ar1_durations,in_spec,100,0.75,False,0.0,0.1,,c2_anderson_darling,asymptotic,,0.05,1000,1000,0,0,0.077,0.00843036179532053,101.012,1.0,0.00980276830176842,101.012,0.08178215440138874,
power,E_copula_ar1_durations,in_spec,100,0.75,False,0.0,0.1,,c2_anderson_darling,permutation,,0.05,1000,1000,0,0,0.082,0.008676174272108648,101.012,1.0,0.00980276830176842,101.012,0.08178215440138874,
power,E_copula_ar1_durations,in_spec,100,0.75,False,0.0,0.1,,c5_rank_autocorr,permutation,studentized,0.05,1000,1000,0,0,0.068,0.007960904471226871,101.012,1.0,0.00980276830176842,101.012,0.08178215440138874,
power,E_copula_ar1_durations,in_spec,100,0.75,False,0.0,0.1,,c5_rank_autocorr,permutation,unstudentized,0.05,1000,1000,0,0,0.068,0.007960904471226871,101.012,1.0,0.00980276830176842,101.012,0.08178215440138874,
power,E_copula_ar1_durations,in_spec,100,0.75,False,0.0,0.1,,c6_exchangeability,permutation,,0.05,1000,1000,0,0,0.062,0.007626008130076967,101.012,1.0,0.00980276830176842,101.012,0.08178215440138874,
power,E_copula_ar1_durations,in_spec,100,0.75,False,0.0,0.1,,cvm_cramer_von_mises,asymptotic,,0.05,1000,1000,0,0,0.077,0.00843036179532053,101.012,1.0,0.00980276830176842,101.012,0.08178215440138874,
power,E_copula_ar1_durations,in_spec,100,0.75,False,0.0,0.1,,cvm_cramer_von_mises,permutation,,0.05,1000,1000,0,0,0.084,0.008771772910877254,101.012,1.0,0.00980276830176842,101.012,0.08178215440138874,
power,E_copula_ar1_durations,in_spec,100,0.75,False,0.0,0.15,,c1_lewis_robinson,asymptotic,,0.05,1000,1000,0,0,0.069,0.008014923580421713,101.145,1.0,0.009790004405501982,101.145,0.12520072800147514,
power,E_copula_ar1_durations,in_spec,100,0.75,False,0.0,0.15,,c1_lewis_robinson,permutation,,0.05,1000,1000,0,0,0.069,0.008014923580421713,101.145,1.0,0.009790004405501982,101.145,0.12520072800147514,
power,E_copula_ar1_durations,in_spec,100,0.75,False,0.0,0.15,,c2_anderson_darling,asymptotic,,0.05,1000,1000,0,0,0.079,0.008529888627643388,101.145,1.0,0.009790004405501982,101.145,0.12520072800147514,
power,E_copula_ar1_durations,in_spec,100,0.75,False,0.0,0.15,,c2_anderson_darling,permutation,,0.05,1000,1000,0,0,0.085,0.008819013550278738,101.145,1.0,0.009790004405501982,101.145,0.12520072800147514,
power,E_copula_ar1_durations,in_spec,100,0.75,False,0.0,0.15,,c5_rank_autocorr,permutation,studentized,0.05,1000,1000,0,0,0.138,0.01090669519148674,101.145,1.0,0.009790004405501982,101.145,0.12520072800147514,
power,E_copula_ar1_durations,in_spec,100,0.75,False,0.0,0.15,,c5_rank_autocorr,permutation,unstudentized,0.05,1000,1000,0,0,0.118,0.01020176455325254,101.145,1.0,0.009790004405501982,101.145,0.12520072800147514,
power,E_copula_ar1_durations,in_spec,100,0.75,False,0.0,0.15,,c6_exchangeability,permutation,,0.05,1000,1000,0,0,0.109,0.00985489725973843,101.145,1.0,0.009790004405501982,101.145,0.12520072800147514,
power,E_copula_ar1_durations,in_spec,100,0.75,False,0.0,0.15,,cvm_cramer_von_mises,asymptotic,,0.05,1000,1000,0,0,0.072,0.008174105455644672,101.145,1.0,0.009790004405501982,101.145,0.12520072800147514,
power,E_copula_ar1_durations,in_spec,100,0.75,False,0.0,0.15,,cvm_cramer_von_mises,permutation,,0.05,1000,1000,0,0,0.075,0.008329165624478841,101.145,1.0,0.009790004405501982,101.145,0.12520072800147514,
power,E_copula_ar1_durations,in_spec,100,0.75,False,0.0,0.2,,c1_lewis_robinson,asymptotic,,0.05,1000,1000,0,0,0.074,0.00827792244467173,101.299,1.0,0.00977526662039707,101.299,0.17534019380326635,
power,E_copula_ar1_durations,in_spec,100,0.75,False,0.0,0.2,,c1_lewis_robinson,permutation,,0.05,1000,1000,0,0,0.076,0.008379976133617566,101.299,1.0,0.00977526662039707,101.299,0.17534019380326635,
power,E_copula_ar1_durations,in_spec,100,0.75,False,0.0,0.2,,c2_anderson_darling,asymptotic,,0.05,1000,1000,0,0,0.087,0.00891240708226459,101.299,1.0,0.00977526662039707,101.299,0.17534019380326635,
power,E_copula_ar1_durations,in_spec,100,0.75,False,0.0,0.2,,c2_anderson_darling,permutation,,0.05,1000,1000,0,0,0.089,0.00900438781928011,101.299,1.0,0.00977526662039707,101.299,0.17534019380326635,
power,E_copula_ar1_durations,in_spec,100,0.75,False,0.0,0.2,,c5_rank_autocorr,permutation,studentized,0.05,1000,1000,0,0,0.274,0.014104041973845655,101.299,1.0,0.00977526662039707,101.299,0.17534019380326635,
power,E_copula_ar1_durations,in_spec,100,0.75,False,0.0,0.2,,c5_rank_autocorr,permutation,unstudentized,0.05,1000,1000,0,0,0.253,0.013747399754135324,101.299,1.0,0.00977526662039707,101.299,0.17534019380326635,
power,E_copula_ar1_durations,in_spec,100,0.75,False,0.0,0.2,,c6_exchangeability,permutation,,0.05,1000,1000,0,0,0.251,0.013711272734505722,101.299,1.0,0.00977526662039707,101.299,0.17534019380326635,
power,E_copula_ar1_durations,in_spec,100,0.75,False,0.0,0.2,,cvm_cramer_von_mises,asymptotic,,0.05,1000,1000,0,0,0.081,0.008627803892068943,101.299,1.0,0.00977526662039707,101.299,0.17534019380326635,
power,E_copula_ar1_durations,in_spec,100,0.75,False,0.0,0.2,,cvm_cramer_von_mises,permutation,,0.05,1000,1000,0,0,0.08,0.008579044235810887,101.299,1.0,0.00977526662039707,101.299,0.17534019380326635,
power,E_copula_ar1_durations,in_spec,100,0.75,False,0.0,0.3,,c1_lewis_robinson,asymptotic,,0.05,1000,1000,0,0,0.142,0.011037934589405754,101.121,1.0,0.009792305206568678,101.121,0.26094682703654937,
power,E_copula_ar1_durations,in_spec,100,0.75,False,0.0,0.3,,c1_lewis_robinson,permutation,,0.05,1000,1000,0,0,0.141,0.011005407761641547,101.121,1.0,0.009792305206568678,101.121,0.26094682703654937,
power,E_copula_ar1_durations,in_spec,100,0.75,False,0.0,0.3,,c2_anderson_darling,asymptotic,,0.05,1000,1000,0,0,0.175,0.012015614840697915,101.121,1.0,0.009792305206568678,101.121,0.26094682703654937,
power,E_copula_ar1_durations,in_spec,100,0.75,False,0.0,0.3,,c2_anderson_darling,permutation,,0.05,1000,1000,0,0,0.186,0.012304633273690036,101.121,1.0,0.009792305206568678,101.121,0.26094682703654937,
power,E_copula_ar1_durations,in_spec,100,0.75,False,0.0,0.3,,c5_rank_autocorr,permutation,studentized,0.05,1000,1000,0,0,0.604,0.01546557467409472,101.121,1.0,0.009792305206568678,101.121,0.26094682703654937,
power,E_copula_ar1_durations,in_spec,100,0.75,False,0.0,0.3,,c5_rank_autocorr,permutation,unstudentized,0.05,1000,1000,0,0,0.567,0.015668790636165896,101.121,1.0,0.009792305206568678,101.121,0.26094682703654937,
power,E_copula_ar1_durations,in_spec,100,0.75,False,0.0,0.3,,c6_exchangeability,permutation,,0.05,1000,1000,0,0,0.52,0.0157987341265052,101.121,1.0,0.009792305206568678,101.121,0.26094682703654937,
power,E_copula_ar1_durations,in_spec,100,0.75,False,0.0,0.3,,cvm_cramer_von_mises,asymptotic,,0.05,1000,1000,0,0,0.162,0.011651437679531225,101.121,1.0,0.009792305206568678,101.121,0.26094682703654937,
power,E_copula_ar1_durations,in_spec,100,0.75,False,0.0,0.3,,cvm_cramer_von_mises,permutation,,0.05,1000,1000,0,0,0.165,0.011737759581794134,101.121,1.0,0.009792305206568678,101.121,0.26094682703654937,
power,E_copula_ar1_durations,in_spec,100,0.75,False,0.0,0.5,,c1_lewis_robinson,asymptotic,,0.05,1000,1000,0,0,0.261,0.013888088421377507,102.273,1.0,0.009683073020053645,102.273,0.4500034651755179,
power,E_copula_ar1_durations,in_spec,100,0.75,False,0.0,0.5,,c1_lewis_robinson,permutation,,0.05,1000,1000,0,0,0.259,0.013853483316480371,102.273,1.0,0.009683073020053645,102.273,0.4500034651755179,
power,E_copula_ar1_durations,in_spec,100,0.75,False,0.0,0.5,,c2_anderson_darling,asymptotic,,0.05,1000,1000,0,0,0.373,0.015292841462592882,102.273,1.0,0.009683073020053645,102.273,0.4500034651755179,
power,E_copula_ar1_durations,in_spec,100,0.75,False,0.0,0.5,,c2_anderson_darling,permutation,,0.05,1000,1000,0,0,0.37,0.015267612779999367,102.273,1.0,0.009683073020053645,102.273,0.4500034651755179,
power,E_copula_ar1_durations,in_spec,100,0.75,False,0.0,0.5,,c5_rank_autocorr,permutation,studentized,0.05,1000,1000,0,0,0.98,0.0044271887242357325,102.273,1.0,0.009683073020053645,102.273,0.4500034651755179,
power,E_copula_ar1_durations,in_spec,100,0.75,False,0.0,0.5,,c5_rank_autocorr,permutation,unstudentized,0.05,1000,1000,0,0,0.977,0.004740358636221528,102.273,1.0,0.009683073020053645,102.273,0.4500034651755179,
power,E_copula_ar1_durations,in_spec,100,0.75,False,0.0,0.5,,c6_exchangeability,permutation,,0.05,1000,1000,0,0,0.963,0.005969170796685251,102.273,1.0,0.009683073020053645,102.273,0.4500034651755179,
power,E_copula_ar1_durations,in_spec,100,0.75,False,0.0,0.5,,cvm_cramer_von_mises,asymptotic,,0.05,1000,1000,0,0,0.335,0.014925649064613574,102.273,1.0,0.009683073020053645,102.273,0.4500034651755179,
power,E_copula_ar1_durations,in_spec,100,0.75,False,0.0,0.5,,cvm_cramer_von_mises,permutation,,0.05,1000,1000,0,0,0.333,0.014903388876359632,102.273,1.0,0.009683073020053645,102.273,0.4500034651755179,
power,D_trp_power_law,in_spec,100,1.5,False,0.0,,0.7,c1_lewis_robinson,asymptotic,,0.05,1000,1000,0,0,0.983,0.004087909000944127,99.672,1.0,0.009933248569612207,99.672,0.17803449066174623,
power,D_trp_power_law,in_spec,100,1.5,False,0.0,,0.7,c1_lewis_robinson,permutation,,0.05,1000,1000,0,0,0.984,0.00396787096564392,99.672,1.0,0.009933248569612207,99.672,0.17803449066174623,
power,D_trp_power_law,in_spec,100,1.5,False,0.0,,0.7,c2_anderson_darling,asymptotic,,0.05,1000,1000,0,0,0.995,0.002230470802319547,99.672,1.0,0.009933248569612207,99.672,0.17803449066174623,
power,D_trp_power_law,in_spec,100,1.5,False,0.0,,0.7,c2_anderson_darling,permutation,,0.05,1000,1000,0,0,0.994,0.002442130217658347,99.672,1.0,0.009933248569612207,99.672,0.17803449066174623,
power,D_trp_power_law,in_spec,100,1.5,False,0.0,,0.7,c5_rank_autocorr,permutation,studentized,0.05,1000,1000,0,0,0.567,0.015668790636165896,99.672,1.0,0.009933248569612207,99.672,0.17803449066174623,
power,D_trp_power_law,in_spec,100,1.5,False,0.0,,0.7,c5_rank_autocorr,permutation,unstudentized,0.05,1000,1000,0,0,0.511,0.015807561481771943,99.672,1.0,0.009933248569612207,99.672,0.17803449066174623,
power,D_trp_power_law,in_spec,100,1.5,False,0.0,,0.7,c6_exchangeability,permutation,,0.05,1000,1000,0,0,0.645,0.015131919904625453,99.672,1.0,0.009933248569612207,99.672,0.17803449066174623,
power,D_trp_power_law,in_spec,100,1.5,False,0.0,,0.7,cvm_cramer_von_mises,asymptotic,,0.05,1000,1000,0,0,0.983,0.004087909000944127,99.672,1.0,0.009933248569612207,99.672,0.17803449066174623,
power,D_trp_power_law,in_spec,100,1.5,False,0.0,,0.7,cvm_cramer_von_mises,permutation,,0.05,1000,1000,0,0,0.981,0.004317290817167639,99.672,1.0,0.009933248569612207,99.672,0.17803449066174623,
power,D_trp_power_law,in_spec,100,1.5,False,0.0,,0.85,c1_lewis_robinson,asymptotic,,0.05,1000,1000,0,0,0.49,0.0158082257068907,99.402,1.0,0.009959960956953048,99.402,0.03245194956858182,
power,D_trp_power_law,in_spec,100,1.5,False,0.0,,0.85,c1_lewis_robinson,permutation,,0.05,1000,1000,0,0,0.478,0.015796075461962062,99.402,1.0,0.009959960956953048,99.402,0.03245194956858182,
power,D_trp_power_law,in_spec,100,1.5,False,0.0,,0.85,c2_anderson_darling,asymptotic,,0.05,1000,1000,0,0,0.529,0.01578477114183161,99.402,1.0,0.009959960956953048,99.402,0.03245194956858182,
power,D_trp_power_law,in_spec,100,1.5,False,0.0,,0.85,c2_anderson_darling,permutation,,0.05,1000,1000,0,0,0.52,0.0157987341265052,99.402,1.0,0.009959960956953048,99.402,0.03245194956858182,
power,D_trp_power_law,in_spec,100,1.5,False,0.0,,0.85,c5_rank_autocorr,permutation,studentized,0.05,1000,1000,0,0,0.09,0.009049861877399014,99.402,1.0,0.009959960956953048,99.402,0.03245194956858182,
power,D_trp_power_law,in_spec,100,1.5,False,0.0,,0.85,c5_rank_autocorr,permutation,unstudentized,0.05,1000,1000,0,0,0.07,0.008068457101577725,99.402,1.0,0.009959960956953048,99.402,0.03245194956858182,
power,D_trp_power_law,in_spec,100,1.5,False,0.0,,0.85,c6_exchangeability,permutation,,0.05,1000,1000,0,0,0.081,0.008627803892068943,99.402,1.0,0.009959960956953048,99.402,0.03245194956858182,
power,D_trp_power_law,in_spec,100,1.5,False,0.0,,0.85,cvm_cramer_von_mises,asymptotic,,0.05,1000,1000,0,0,0.473,0.01578831846651188,99.402,1.0,0.009959960956953048,99.402,0.03245194956858182,
power,D_trp_power_law,in_spec,100,1.5,False,0.0,,0.85,cvm_cramer_von_mises,permutation,,0.05,1000,1000,0,0,0.468,0.015778973350633434,99.402,1.0,0.009959960956953048,99.402,0.03245194956858182,
power,D_trp_power_law,in_spec,100,1.5,False,0.0,,1.2,c1_lewis_robinson,asymptotic,,0.05,1000,1000,0,0,0.669,0.014880826589944525,100.167,1.0,0.00988464617909002,100.167,0.028915989012253653,
power,D_trp_power_law,in_spec,100,1.5,False,0.0,,1.2,c1_lewis_robinson,permutation,,0.05,1000,1000,0,0,0.657,0.015011695440555674,100.167,1.0,0.00988464617909002,100.167,0.028915989012253653,
power,D_trp_power_law,in_spec,100,1.5,False,0.0,,1.2,c2_anderson_darling,asymptotic,,0.05,1000,1000,0,0,0.677,0.014787528529135624,100.167,1.0,0.00988464617909002,100.167,0.028915989012253653,
power,D_trp_power_law,in_spec,100,1.5,False,0.0,,1.2,c2_anderson_darling,permutation,,0.05,1000,1000,0,0,0.672,0.014846413708367418,100.167,1.0,0.00988464617909002,100.167,0.028915989012253653,
power,D_trp_power_law,in_spec,100,1.5,False,0.0,,1.2,c5_rank_autocorr,permutation,studentized,0.05,1000,1000,0,0,0.07,0.008068457101577725,100.167,1.0,0.00988464617909002,100.167,0.028915989012253653,
power,D_trp_power_law,in_spec,100,1.5,False,0.0,,1.2,c5_rank_autocorr,permutation,unstudentized,0.05,1000,1000,0,0,0.063,0.007683163410991596,100.167,1.0,0.00988464617909002,100.167,0.028915989012253653,
power,D_trp_power_law,in_spec,100,1.5,False,0.0,,1.2,c6_exchangeability,permutation,,0.05,1000,1000,0,0,0.075,0.008329165624478841,100.167,1.0,0.00988464617909002,100.167,0.028915989012253653,
power,D_trp_power_law,in_spec,100,1.5,False,0.0,,1.2,cvm_cramer_von_mises,asymptotic,,0.05,1000,1000,0,0,0.644,0.015141466243399283,100.167,1.0,0.00988464617909002,100.167,0.028915989012253653,
power,D_trp_power_law,in_spec,100,1.5,False,0.0,,1.2,cvm_cramer_von_mises,permutation,,0.05,1000,1000,0,0,0.637,0.015206281596761254,100.167,1.0,0.00988464617909002,100.167,0.028915989012253653,
power,D_trp_power_law,in_spec,100,1.5,False,0.0,,1.5,c1_lewis_robinson,asymptotic,,0.05,1000,1000,0,0,1.0,0.0,99.797,1.0,0.009920930186414278,99.797,0.11742079814385536,
power,D_trp_power_law,in_spec,100,1.5,False,0.0,,1.5,c1_lewis_robinson,permutation,,0.05,1000,1000,0,0,1.0,0.0,99.797,1.0,0.009920930186414278,99.797,0.11742079814385536,
power,D_trp_power_law,in_spec,100,1.5,False,0.0,,1.5,c2_anderson_darling,asymptotic,,0.05,1000,1000,0,0,1.0,0.0,99.797,1.0,0.009920930186414278,99.797,0.11742079814385536,
power,D_trp_power_law,in_spec,100,1.5,False,0.0,,1.5,c2_anderson_darling,permutation,,0.05,1000,1000,0,0,1.0,0.0,99.797,1.0,0.009920930186414278,99.797,0.11742079814385536,
power,D_trp_power_law,in_spec,100,1.5,False,0.0,,1.5,c5_rank_autocorr,permutation,studentized,0.05,1000,1000,0,0,0.306,0.0145727142289966,99.797,1.0,0.009920930186414278,99.797,0.11742079814385536,
power,D_trp_power_law,in_spec,100,1.5,False,0.0,,1.5,c5_rank_autocorr,permutation,unstudentized,0.05,1000,1000,0,0,0.257,0.013818502089589886,99.797,1.0,0.009920930186414278,99.797,0.11742079814385536,
power,D_trp_power_law,in_spec,100,1.5,False,0.0,,1.5,c6_exchangeability,permutation,,0.05,1000,1000,0,0,0.374,0.015301111070768685,99.797,1.0,0.009920930186414278,99.797,0.11742079814385536,
power,D_trp_power_law,in_spec,100,1.5,False,0.0,,1.5,cvm_cramer_von_mises,asymptotic,,0.05,1000,1000,0,0,1.0,0.0,99.797,1.0,0.009920930186414278,99.797,0.11742079814385536,
power,D_trp_power_law,in_spec,100,1.5,False,0.0,,1.5,cvm_cramer_von_mises,permutation,,0.05,1000,1000,0,0,1.0,0.0,99.797,1.0,0.009920930186414278,99.797,0.11742079814385536,
power,E_copula_ar1_durations,in_spec,100,1.5,False,0.0,0.05,,c1_lewis_robinson,asymptotic,,0.05,1000,1000,0,0,0.061,0.0075682891065286355,99.389,1.0,0.009961250734642242,99.389,0.03898116661187907,
power,E_copula_ar1_durations,in_spec,100,1.5,False,0.0,0.05,,c1_lewis_robinson,permutation,,0.05,1000,1000,0,0,0.057,0.007331507348424334,99.389,1.0,0.009961250734642242,99.389,0.03898116661187907,
power,E_copula_ar1_durations,in_spec,100,1.5,False,0.0,0.05,,c2_anderson_darling,asymptotic,,0.05,1000,1000,0,0,0.07,0.008068457101577725,99.389,1.0,0.009961250734642242,99.389,0.03898116661187907,
power,E_copula_ar1_durations,in_spec,100,1.5,False,0.0,0.05,,c2_anderson_darling,permutation,,0.05,1000,1000,0,0,0.069,0.008014923580421713,99.389,1.0,0.009961250734642242,99.389,0.03898116661187907,
power,E_copula_ar1_durations,in_spec,100,1.5,False,0.0,0.05,,c5_rank_autocorr,permutation,studentized,0.05,1000,1000,0,0,0.057,0.007331507348424334,99.389,1.0,0.009961250734642242,99.389,0.03898116661187907,
power,E_copula_ar1_durations,in_spec,100,1.5,False,0.0,0.05,,c5_rank_autocorr,permutation,unstudentized,0.05,1000,1000,0,0,0.04,0.0061967733539318665,99.389,1.0,0.009961250734642242,99.389,0.03898116661187907,
power,E_copula_ar1_durations,in_spec,100,1.5,False,0.0,0.05,,c6_exchangeability,permutation,,0.05,1000,1000,0,0,0.041,0.006270486424512854,99.389,1.0,0.009961250734642242,99.389,0.03898116661187907,
power,E_copula_ar1_durations,in_spec,100,1.5,False,0.0,0.05,,cvm_cramer_von_mises,asymptotic,,0.05,1000,1000,0,0,0.071,0.008121514637061242,99.389,1.0,0.009961250734642242,99.389,0.03898116661187907,
power,E_copula_ar1_durations,in_spec,100,1.5,False,0.0,0.05,,cvm_cramer_von_mises,permutation,,0.05,1000,1000,0,0,0.068,0.007960904471226871,99.389,1.0,0.009961250734642242,99.389,0.03898116661187907,
power,E_copula_ar1_durations,in_spec,100,1.5,False,0.0,0.1,,c1_lewis_robinson,asymptotic,,0.05,1000,1000,0,0,0.076,0.008379976133617566,99.844,1.0,0.009916306374201739,99.844,0.08240954935975493,
power,E_copula_ar1_durations,in_spec,100,1.5,False,0.0,0.1,,c1_lewis_robinson,permutation,,0.05,1000,1000,0,0,0.076,0.008379976133617566,99.844,1.0,0.009916306374201739,99.844,0.08240954935975493,
power,E_copula_ar1_durations,in_spec,100,1.5,False,0.0,0.1,,c2_anderson_darling,asymptotic,,0.05,1000,1000,0,0,0.079,0.008529888627643388,99.844,1.0,0.009916306374201739,99.844,0.08240954935975493,
power,E_copula_ar1_durations,in_spec,100,1.5,False,0.0,0.1,,c2_anderson_darling,permutation,,0.05,1000,1000,0,0,0.078,0.008480330182251162,99.844,1.0,0.009916306374201739,99.844,0.08240954935975493,
power,E_copula_ar1_durations,in_spec,100,1.5,False,0.0,0.1,,c5_rank_autocorr,permutation,studentized,0.05,1000,1000,0,0,0.102,0.009570579919733181,99.844,1.0,0.009916306374201739,99.844,0.08240954935975493,
power,E_copula_ar1_durations,in_spec,100,1.5,False,0.0,0.1,,c5_rank_autocorr,permutation,unstudentized,0.05,1000,1000,0,0,0.085,0.008819013550278738,99.844,1.0,0.009916306374201739,99.844,0.08240954935975493,
power,E_copula_ar1_durations,in_spec,100,1.5,False,0.0,0.1,,c6_exchangeability,permutation,,0.05,1000,1000,0,0,0.096,0.009315793041926168,99.844,1.0,0.009916306374201739,99.844,0.08240954935975493,
power,E_copula_ar1_durations,in_spec,100,1.5,False,0.0,0.1,,cvm_cramer_von_mises,asymptotic,,0.05,1000,1000,0,0,0.081,0.008627803892068943,99.844,1.0,0.009916306374201739,99.844,0.08240954935975493,
power,E_copula_ar1_durations,in_spec,100,1.5,False,0.0,0.1,,cvm_cramer_von_mises,permutation,,0.05,1000,1000,0,0,0.082,0.008676174272108648,99.844,1.0,0.009916306374201739,99.844,0.08240954935975493,
power,E_copula_ar1_durations,in_spec,100,1.5,False,0.0,0.15,,c1_lewis_robinson,asymptotic,,0.05,1000,1000,0,0,0.083,0.008724161850859944,99.825,1.0,0.009918175055789735,99.825,0.13291199689928265,
power,E_copula_ar1_durations,in_spec,100,1.5,False,0.0,0.15,,c1_lewis_robinson,permutation,,0.05,1000,1000,0,0,0.078,0.008480330182251162,99.825,1.0,0.009918175055789735,99.825,0.13291199689928265,
power,E_copula_ar1_durations,in_spec,100,1.5,False,0.0,0.15,,c2_anderson_darling,asymptotic,,0.05,1000,1000,0,0,0.088,0.008958571314668427,99.825,1.0,0.009918175055789735,99.825,0.13291199689928265,
power,E_copula_ar1_durations,in_spec,100,1.5,False,0.0,0.15,,c2_anderson_darling,permutation,,0.05,1000,1000,0,0,0.093,0.009184280047995052,99.825,1.0,0.009918175055789735,99.825,0.13291199689928265,
power,E_copula_ar1_durations,in_spec,100,1.5,False,0.0,0.15,,c5_rank_autocorr,permutation,studentized,0.05,1000,1000,0,0,0.148,0.011229247525992114,99.825,1.0,0.009918175055789735,99.825,0.13291199689928265,
power,E_copula_ar1_durations,in_spec,100,1.5,False,0.0,0.15,,c5_rank_autocorr,permutation,unstudentized,0.05,1000,1000,0,0,0.138,0.01090669519148674,99.825,1.0,0.009918175055789735,99.825,0.13291199689928265,
power,E_copula_ar1_durations,in_spec,100,1.5,False,0.0,0.15,,c6_exchangeability,permutation,,0.05,1000,1000,0,0,0.147,0.011197812286335219,99.825,1.0,0.009918175055789735,99.825,0.13291199689928265,
power,E_copula_ar1_durations,in_spec,100,1.5,False,0.0,0.15,,cvm_cramer_von_mises,asymptotic,,0.05,1000,1000,0,0,0.084,0.008771772910877254,99.825,1.0,0.009918175055789735,99.825,0.13291199689928265,
power,E_copula_ar1_durations,in_spec,100,1.5,False,0.0,0.15,,cvm_cramer_von_mises,permutation,,0.05,1000,1000,0,0,0.085,0.008819013550278738,99.825,1.0,0.009918175055789735,99.825,0.13291199689928265,
power,E_copula_ar1_durations,in_spec,100,1.5,False,0.0,0.2,,c1_lewis_robinson,asymptotic,,0.05,1000,1000,0,0,0.104,0.009653186002558949,100.206,1.0,0.009880837104519495,100.206,0.17202169560174396,
power,E_copula_ar1_durations,in_spec,100,1.5,False,0.0,0.2,,c1_lewis_robinson,permutation,,0.05,1000,1000,0,0,0.104,0.009653186002558949,100.206,1.0,0.009880837104519495,100.206,0.17202169560174396,
power,E_copula_ar1_durations,in_spec,100,1.5,False,0.0,0.2,,c2_anderson_darling,asymptotic,,0.05,1000,1000,0,0,0.13,0.010634848376916336,100.206,1.0,0.009880837104519495,100.206,0.17202169560174396,
power,E_copula_ar1_durations,in_spec,100,1.5,False,0.0,0.2,,c2_anderson_darling,permutation,,0.05,1000,1000,0,0,0.128,0.010564847372300274,100.206,1.0,0.009880837104519495,100.206,0.17202169560174396,
power,E_copula_ar1_durations,in_spec,100,1.5,False,0.0,0.2,,c5_rank_autocorr,permutation,studentized,0.05,1000,1000,0,0,0.258,0.013836039895866157,100.206,1.0,0.009880837104519495,100.206,0.17202169560174396,
power,E_copula_ar1_durations,in_spec,100,1.5,False,0.0,0.2,,c5_rank_autocorr,permutation,unstudentized,0.05,1000,1000,0,0,0.236,0.013427732496590778,100.206,1.0,0.009880837104519495,100.206,0.17202169560174396,
power,E_copula_ar1_durations,in_spec,100,1.5,False,0.0,0.2,,c6_exchangeability,permutation,,0.05,1000,1000,0,0,0.23,0.013307892395116516,100.206,1.0,0.009880837104519495,100.206,0.17202169560174396,
power,E_copula_ar1_durations,in_spec,100,1.5,False,0.0,0.2,,cvm_cramer_von_mises,asymptotic,,0.05,1000,1000,0,0,0.109,0.00985489725973843,100.206,1.0,0.009880837104519495,100.206,0.17202169560174396,
power,E_copula_ar1_durations,in_spec,100,1.5,False,0.0,0.2,,cvm_cramer_von_mises,permutation,,0.05,1000,1000,0,0,0.113,0.01001154333756789,100.206,1.0,0.009880837104519495,100.206,0.17202169560174396,
power,E_copula_ar1_durations,in_spec,100,1.5,False,0.0,0.3,,c1_lewis_robinson,asymptotic,,0.05,1000,1000,0,0,0.135,0.010806248192596726,99.83,1.0,0.00991768322919766,99.83,0.26481263053869086,
power,E_copula_ar1_durations,in_spec,100,1.5,False,0.0,0.3,,c1_lewis_robinson,permutation,,0.05,1000,1000,0,0,0.133,0.010738295954200556,99.83,1.0,0.00991768322919766,99.83,0.26481263053869086,
power,E_copula_ar1_durations,in_spec,100,1.5,False,0.0,0.3,,c2_anderson_darling,asymptotic,,0.05,1000,1000,0,0,0.191,0.012430567163247218,99.83,1.0,0.00991768322919766,99.83,0.26481263053869086,
power,E_copula_ar1_durations,in_spec,100,1.5,False,0.0,0.3,,c2_anderson_darling,permutation,,0.05,1000,1000,0,0,0.182,0.012201475320632338,99.83,1.0,0.00991768322919766,99.83,0.26481263053869086,
power,E_copula_ar1_durations,in_spec,100,1.5,False,0.0,0.3,,c5_rank_autocorr,permutation,studentized,0.05,1000,1000,0,0,0.601,0.015485444778888335,99.83,1.0,0.00991768322919766,99.83,0.26481263053869086,
power,E_copula_ar1_durations,in_spec,100,1.5,False,0.0,0.3,,c5_rank_autocorr,permutation,unstudentized,0.05,1000,1000,0,0,0.564,0.015681326474504636,99.83,1.0,0.00991768322919766,99.83,0.26481263053869086,
power,E_copula_ar1_durations,in_spec,100,1.5,False,0.0,0.3,,c6_exchangeability,permutation,,0.05,1000,1000,0,0,0.54,0.015760710643876435,99.83,1.0,0.00991768322919766,99.83,0.26481263053869086,
power,E_copula_ar1_durations,in_spec,100,1.5,False,0.0,0.3,,cvm_cramer_von_mises,asymptotic,,0.05,1000,1000,0,0,0.175,0.012015614840697915,99.83,1.0,0.00991768322919766,99.83,0.26481263053869086,
power,E_copula_ar1_durations,in_spec,100,1.5,False,0.0,0.3,,cvm_cramer_von_mises,permutation,,0.05,1000,1000,0,0,0.173,0.011961229033840962,99.83,1.0,0.00991768322919766,99.83,0.26481263053869086,
power,E_copula_ar1_durations,in_spec,100,1.5,False,0.0,0.5,,c1_lewis_robinson,asymptotic,,0.05,1000,1000,0,0,0.224,0.013184233007649706,99.91,1.0,0.009909820632246557,99.91,0.4500809565643832,
power,E_copula_ar1_durations,in_spec,100,1.5,False,0.0,0.5,,c1_lewis_robinson,permutation,,0.05,1000,1000,0,0,0.221,0.013120937466507492,99.91,1.0,0.009909820632246557,99.91,0.4500809565643832,
power,E_copula_ar1_durations,in_spec,100,1.5,False,0.0,0.5,,c2_anderson_darling,asymptotic,,0.05,1000,1000,0,0,0.368,0.015250442616527561,99.91,1.0,0.009909820632246557,99.91,0.4500809565643832,
power,E_copula_ar1_durations,in_spec,100,1.5,False,0.0,0.5,,c2_anderson_darling,permutation,,0.05,1000,1000,0,0,0.357,0.015150940564862632,99.91,1.0,0.009909820632246557,99.91,0.4500809565643832,
power,E_copula_ar1_durations,in_spec,100,1.5,False,0.0,0.5,,c5_rank_autocorr,permutation,studentized,0.05,1000,1000,0,0,0.983,0.004087909000944127,99.91,1.0,0.009909820632246557,99.91,0.4500809565643832,
power,E_copula_ar1_durations,in_spec,100,1.5,False,0.0,0.5,,c5_rank_autocorr,permutation,unstudentized,0.05,1000,1000,0,0,0.978,0.004638534251247911,99.91,1.0,0.009909820632246557,99.91,0.4500809565643832,
power,E_copula_ar1_durations,in_spec,100,1.5,False,0.0,0.5,,c6_exchangeability,permutation,,0.05,1000,1000,0,0,0.959,0.006270486424512857,99.91,1.0,0.009909820632246557,99.91,0.4500809565643832,
power,E_copula_ar1_durations,in_spec,100,1.5,False,0.0,0.5,,cvm_cramer_von_mises,asymptotic,,0.05,1000,1000,0,0,0.308,0.014599178059055242,99.91,1.0,0.009909820632246557,99.91,0.4500809565643832,
power,E_copula_ar1_durations,in_spec,100,1.5,False,0.0,0.5,,cvm_cramer_von_mises,permutation,,0.05,1000,1000,0,0,0.309,0.014612289348353324,99.91,1.0,0.009909820632246557,99.91,0.4500809565643832,
power,C_ar1_reads_carved,calendar,100,,False,0.0,0.05,,c1_lewis_robinson,asymptotic,,0.05,1000,1000,0,0,0.06,0.007509993342207435,98.284,1.0,0.01007211635308811,9.51,-0.011082849634317628,
power,C_ar1_reads_carved,calendar,100,,False,0.0,0.05,,c1_lewis_robinson,permutation,,0.05,1000,1000,0,0,0.06,0.007509993342207435,98.284,1.0,0.01007211635308811,9.51,-0.011082849634317628,
power,C_ar1_reads_carved,calendar,100,,False,0.0,0.05,,c2_anderson_darling,asymptotic,,0.05,1000,1000,0,0,0.068,0.007960904471226871,98.284,1.0,0.01007211635308811,9.51,-0.011082849634317628,
power,C_ar1_reads_carved,calendar,100,,False,0.0,0.05,,c2_anderson_darling,permutation,,0.05,1000,1000,0,0,0.062,0.007626008130076967,98.284,1.0,0.01007211635308811,9.51,-0.011082849634317628,
power,C_ar1_reads_carved,calendar,100,,False,0.0,0.05,,c5_rank_autocorr,permutation,studentized,0.05,1000,1000,0,0,0.066,0.007851369307324678,98.284,1.0,0.01007211635308811,9.51,-0.011082849634317628,
power,C_ar1_reads_carved,calendar,100,,False,0.0,0.05,,c5_rank_autocorr,permutation,unstudentized,0.05,1000,1000,0,0,0.062,0.007626008130076967,98.284,1.0,0.01007211635308811,9.51,-0.011082849634317628,
power,C_ar1_reads_carved,calendar,100,,False,0.0,0.05,,c6_exchangeability,permutation,,0.05,1000,1000,0,0,0.052,0.007021111023192838,98.284,1.0,0.01007211635308811,9.51,-0.011082849634317628,
power,C_ar1_reads_carved,calendar,100,,False,0.0,0.05,,cvm_cramer_von_mises,asymptotic,,0.05,1000,1000,0,0,0.06,0.007509993342207435,98.284,1.0,0.01007211635308811,9.51,-0.011082849634317628,
power,C_ar1_reads_carved,calendar,100,,False,0.0,0.05,,cvm_cramer_von_mises,permutation,,0.05,1000,1000,0,0,0.06,0.007509993342207435,98.284,1.0,0.01007211635308811,9.51,-0.011082849634317628,
power,C_ar1_reads_carved,in_spec,100,,False,0.0,0.05,,c5_rank_autocorr,permutation,studentized,0.05,1000,1000,0,0,0.046,0.006624499981130651,98.661,1.0,0.010034015311907367,7.23,-0.007564169477639279,
power,C_ar1_reads_carved,in_spec,100,,False,0.0,0.05,,c5_rank_autocorr,permutation,unstudentized,0.05,1000,1000,0,0,0.045,0.0065555320150236475,98.661,1.0,0.010034015311907367,7.23,-0.007564169477639279,
power,C_ar1_reads_carved,in_spec,100,,False,0.0,0.05,,c6_exchangeability,permutation,,0.05,1000,1000,0,0,0.055,0.00720936890441875,98.661,1.0,0.010034015311907367,7.23,-0.007564169477639279,
power,C_ar1_reads_carved,in_spec,100,,False,0.0,0.05,,cvm_cramer_von_mises,permutation,,0.05,1000,1000,0,0,0.06,0.007509993342207435,98.661,1.0,0.010034015311907367,7.23,-0.007564169477639279,
power,C_ar1_reads_carved,calendar,100,,False,0.0,0.1,,c1_lewis_robinson,asymptotic,,0.05,1000,1000,0,0,0.058,0.007391616873188166,94.755,1.0,0.010443318886742207,9.902,-0.005733574855705526,
power,C_ar1_reads_carved,calendar,100,,False,0.0,0.1,,c1_lewis_robinson,permutation,,0.05,1000,1000,0,0,0.053,0.00708456067798138,94.755,1.0,0.010443318886742207,9.902,-0.005733574855705526,
power,C_ar1_reads_carved,calendar,100,,False,0.0,0.1,,c2_anderson_darling,asymptotic,,0.05,1000,1000,0,0,0.061,0.0075682891065286355,94.755,1.0,0.010443318886742207,9.902,-0.005733574855705526,
power,C_ar1_reads_carved,calendar,100,,False,0.0,0.1,,c2_anderson_darling,permutation,,0.05,1000,1000,0,0,0.053,0.00708456067798138,94.755,1.0,0.010443318886742207,9.902,-0.005733574855705526,
power,C_ar1_reads_carved,calendar,100,,False,0.0,0.1,,c5_rank_autocorr,permutation,studentized,0.05,1000,1000,0,0,0.044,0.006485676526007136,94.755,1.0,0.010443318886742207,9.902,-0.005733574855705526,
power,C_ar1_reads_carved,calendar,100,,False,0.0,0.1,,c5_rank_autocorr,permutation,unstudentized,0.05,1000,1000,0,0,0.042,0.0063431853196954605,94.755,1.0,0.010443318886742207,9.902,-0.005733574855705526,
power,C_ar1_reads_carved,calendar,100,,False,0.0,0.1,,c6_exchangeability,permutation,,0.05,1000,1000,0,0,0.042,0.0063431853196954605,94.755,1.0,0.010443318886742207,9.902,-0.005733574855705526,
power,C_ar1_reads_carved,calendar,100,,False,0.0,0.1,,cvm_cramer_von_mises,asymptotic,,0.05,1000,1000,0,0,0.056,0.007270763371201128,94.755,1.0,0.010443318886742207,9.902,-0.005733574855705526,
power,C_ar1_reads_carved,calendar,100,,False,0.0,0.1,,cvm_cramer_von_mises,permutation,,0.05,1000,1000,0,0,0.054,0.007147307185227175,94.755,1.0,0.010443318886742207,9.902,-0.005733574855705526,
power,C_ar1_reads_carved,in_spec,100,,False,0.0,0.1,,c5_rank_autocorr,permutation,studentized,0.05,1000,1000,0,0,0.054,0.007147307185227175,95.57,1.0,0.010355182768975874,7.437,-0.008769932911085177,
power,C_ar1_reads_carved,in_spec,100,,False,0.0,0.1,,c5_rank_autocorr,permutation,unstudentized,0.05,1000,1000,0,0,0.056,0.007270763371201128,95.57,1.0,0.010355182768975874,7.437,-0.008769932911085177,
power,C_ar1_reads_carved,in_spec,100,,False,0.0,0.1,,c6_exchangeability,permutation,,0.05,1000,1000,0,0,0.054,0.007147307185227175,95.57,1.0,0.010355182768975874,7.437,-0.008769932911085177,
power,C_ar1_reads_carved,in_spec,100,,False,0.0,0.1,,cvm_cramer_von_mises,permutation,,0.05,1000,1000,0,0,0.049,0.006826346021115542,95.57,1.0,0.010355182768975874,7.437,-0.008769932911085177,
power,C_ar1_reads_carved,calendar,100,,False,0.0,0.15,,c1_lewis_robinson,asymptotic,,0.05,1000,1000,0,0,0.053,0.00708456067798138,91.758,1.0,0.010780741283770672,10.218,-0.009973682692042143,
power,C_ar1_reads_carved,calendar,100,,False,0.0,0.15,,c1_lewis_robinson,permutation,,0.05,1000,1000,0,0,0.047,0.006692607862410586,91.758,1.0,0.010780741283770672,10.218,-0.009973682692042143,
power,C_ar1_reads_carved,calendar,100,,False,0.0,0.15,,c2_anderson_darling,asymptotic,,0.05,1000,1000,0,0,0.059,0.007451107300260815,91.758,1.0,0.010780741283770672,10.218,-0.009973682692042143,
power,C_ar1_reads_carved,calendar,100,,False,0.0,0.15,,c2_anderson_darling,permutation,,0.05,1000,1000,0,0,0.052,0.007021111023192838,91.758,1.0,0.010780741283770672,10.218,-0.009973682692042143,
power,C_ar1_reads_carved,calendar,100,,False,0.0,0.15,,c5_rank_autocorr,permutation,studentized,0.05,1000,1000,0,0,0.037,0.005969170796685248,91.758,1.0,0.010780741283770672,10.218,-0.009973682692042143,
power,C_ar1_reads_carved,calendar,100,,False,0.0,0.15,,c5_rank_autocorr,permutation,unstudentized,0.05,1000,1000,0,0,0.039,0.006122009474020765,91.758,1.0,0.010780741283770672,10.218,-0.009973682692042143,
power,C_ar1_reads_carved,calendar,100,,False,0.0,0.15,,c6_exchangeability,permutation,,0.05,1000,1000,0,0,0.045,0.0065555320150236475,91.758,1.0,0.010780741283770672,10.218,-0.009973682692042143,
power,C_ar1_reads_carved,calendar,100,,False,0.0,0.15,,cvm_cramer_von_mises,asymptotic,,0.05,1000,1000,0,0,0.05,0.006892024376045111,91.758,1.0,0.010780741283770672,10.218,-0.009973682692042143,
power,C_ar1_reads_carved,calendar,100,,False,0.0,0.15,,cvm_cramer_von_mises,permutation,,0.05,1000,1000,0,0,0.047,0.006692607862410586,91.758,1.0,0.010780741283770672,10.218,-0.009973682692042143,
power,C_ar1_reads_carved,in_spec,100,,False,0.0,0.15,,c5_rank_autocorr,permutation,studentized,0.05,1000,1000,0,0,0.051,0.00695693898205238,92.164,1.0,0.010733759821390236,7.674,-0.011601183057118547,
power,C_ar1_reads_carved,in_spec,100,,False,0.0,0.15,,c5_rank_autocorr,permutation,unstudentized,0.05,1000,1000,0,0,0.051,0.00695693898205238,92.164,1.0,0.010733759821390236,7.674,-0.011601183057118547,
power,C_ar1_reads_carved,in_spec,100,,False,0.0,0.15,,c6_exchangeability,permutation,,0.05,1000,1000,0,0,0.046,0.006624499981130651,92.164,1.0,0.010733759821390236,7.674,-0.011601183057118547,
power,C_ar1_reads_carved,in_spec,100,,False,0.0,0.15,,cvm_cramer_von_mises,permutation,,0.05,1000,1000,0,0,0.038,0.006046155803483731,92.164,1.0,0.010733759821390236,7.674,-0.011601183057118547,
power,C_ar1_reads_carved,calendar,100,,False,0.0,0.2,,c1_lewis_robinson,asymptotic,,0.05,1000,1000,0,0,0.06,0.007509993342207435,88.502,1.0,0.011172934683023843,10.601,-0.008929068987705764,
power,C_ar1_reads_carved,calendar,100,,False,0.0,0.2,,c1_lewis_robinson,permutation,,0.05,1000,1000,0,0,0.06,0.007509993342207435,88.502,1.0,0.011172934683023843,10.601,-0.008929068987705764,
power,C_ar1_reads_carved,calendar,100,,False,0.0,0.2,,c2_anderson_darling,asymptotic,,0.05,1000,1000,0,0,0.064,0.007739767438366608,88.502,1.0,0.011172934683023843,10.601,-0.008929068987705764,
power,C_ar1_reads_carved,calendar,100,,False,0.0,0.2,,c2_anderson_darling,permutation,,0.05,1000,1000,0,0,0.056,0.007270763371201128,88.502,1.0,0.011172934683023843,10.601,-0.008929068987705764,
power,C_ar1_reads_carved,calendar,100,,False,0.0,0.2,,c5_rank_autocorr,permutation,studentized,0.05,1000,1000,0,0,0.063,0.007683163410991596,88.502,1.0,0.011172934683023843,10.601,-0.008929068987705764,
power,C_ar1_reads_carved,calendar,100,,False,0.0,0.2,,c5_rank_autocorr,permutation,unstudentized,0.05,1000,1000,0,0,0.063,0.007683163410991596,88.502,1.0,0.011172934683023843,10.601,-0.008929068987705764,
power,C_ar1_reads_carved,calendar,100,,False,0.0,0.2,,c6_exchangeability,permutation,,0.05,1000,1000,0,0,0.053,0.00708456067798138,88.502,1.0,0.011172934683023843,10.601,-0.008929068987705764,
power,C_ar1_reads_carved,calendar,100,,False,0.0,0.2,,cvm_cramer_von_mises,asymptotic,,0.05,1000,1000,0,0,0.061,0.0075682891065286355,88.502,1.0,0.011172934683023843,10.601,-0.008929068987705764,
power,C_ar1_reads_carved,calendar,100,,False,0.0,0.2,,cvm_cramer_von_mises,permutation,,0.05,1000,1000,0,0,0.058,0.007391616873188166,88.502,1.0,0.011172934683023843,10.601,-0.008929068987705764,
power,C_ar1_reads_carved,in_spec,100,,False,0.0,0.2,,c5_rank_autocorr,permutation,studentized,0.05,1000,1000,0,0,0.061,0.0075682891065286355,88.575,1.0,0.011163829193413341,7.93,-0.016262889321134382,
power,C_ar1_reads_carved,in_spec,100,,False,0.0,0.2,,c5_rank_autocorr,permutation,unstudentized,0.05,1000,1000,0,0,0.054,0.007147307185227175,88.575,1.0,0.011163829193413341,7.93,-0.016262889321134382,
power,C_ar1_reads_carved,in_spec,100,,False,0.0,0.2,,c6_exchangeability,permutation,,0.05,1000,1000,0,0,0.057,0.007331507348424334,88.575,1.0,0.011163829193413341,7.93,-0.016262889321134382,
power,C_ar1_reads_carved,in_spec,100,,False,0.0,0.2,,cvm_cramer_von_mises,permutation,,0.05,1000,1000,0,0,0.054,0.007147307185227175,88.575,1.0,0.011163829193413341,7.93,-0.016262889321134382,
power,C_ar1_reads_carved,calendar,100,,False,0.0,0.3,,c1_lewis_robinson,asymptotic,,0.05,1000,1000,0,0,0.046,0.006624499981130651,81.722,1.0,0.012088682575372937,11.507,-0.012365838437900333,
power,C_ar1_reads_carved,calendar,100,,False,0.0,0.3,,c1_lewis_robinson,permutation,,0.05,1000,1000,0,0,0.045,0.0065555320150236475,81.722,1.0,0.012088682575372937,11.507,-0.012365838437900333,
power,C_ar1_reads_carved,calendar,100,,False,0.0,0.3,,c2_anderson_darling,asymptotic,,0.05,1000,1000,0,0,0.054,0.007147307185227175,81.722,1.0,0.012088682575372937,11.507,-0.012365838437900333,
power,C_ar1_reads_carved,calendar,100,,False,0.0,0.3,,c2_anderson_darling,permutation,,0.05,1000,1000,0,0,0.047,0.006692607862410586,81.722,1.0,0.012088682575372937,11.507,-0.012365838437900333,
power,C_ar1_reads_carved,calendar,100,,False,0.0,0.3,,c5_rank_autocorr,permutation,studentized,0.05,1000,1000,0,0,0.036,0.005891010100144117,81.722,1.0,0.012088682575372937,11.507,-0.012365838437900333,
power,C_ar1_reads_carved,calendar,100,,False,0.0,0.3,,c5_rank_autocorr,permutation,unstudentized,0.05,1000,1000,0,0,0.041,0.006270486424512854,81.722,1.0,0.012088682575372937,11.507,-0.012365838437900333,
power,C_ar1_reads_carved,calendar,100,,False,0.0,0.3,,c6_exchangeability,permutation,,0.05,1000,1000,0,0,0.04,0.0061967733539318665,81.722,1.0,0.012088682575372937,11.507,-0.012365838437900333,
power,C_ar1_reads_carved,calendar,100,,False,0.0,0.3,,cvm_cramer_von_mises,asymptotic,,0.05,1000,1000,0,0,0.049,0.006826346021115542,81.722,1.0,0.012088682575372937,11.507,-0.012365838437900333,
power,C_ar1_reads_carved,calendar,100,,False,0.0,0.3,,cvm_cramer_von_mises,permutation,,0.05,1000,1000,0,0,0.045,0.0065555320150236475,81.722,1.0,0.012088682575372937,11.507,-0.012365838437900333,
power,C_ar1_reads_carved,in_spec,100,,False,0.0,0.3,,c5_rank_autocorr,permutation,studentized,0.05,1000,1000,0,0,0.05,0.006892024376045111,82.353,1.0,0.011997168668194306,8.518,-0.0027036076966314355,
power,C_ar1_reads_carved,in_spec,100,,False,0.0,0.3,,c5_rank_autocorr,permutation,unstudentized,0.05,1000,1000,0,0,0.047,0.006692607862410586,82.353,1.0,0.011997168668194306,8.518,-0.0027036076966314355,
power,C_ar1_reads_carved,in_spec,100,,False,0.0,0.3,,c6_exchangeability,permutation,,0.05,1000,1000,0,0,0.049,0.006826346021115542,82.353,1.0,0.011997168668194306,8.518,-0.0027036076966314355,
power,C_ar1_reads_carved,in_spec,100,,False,0.0,0.3,,cvm_cramer_von_mises,permutation,,0.05,1000,1000,0,0,0.053,0.00708456067798138,82.353,1.0,0.011997168668194306,8.518,-0.0027036076966314355,
power,C_ar1_reads_carved,calendar,100,,False,0.0,0.5,,c1_lewis_robinson,asymptotic,,0.05,1000,1000,0,0,0.051,0.00695693898205238,67.844,1.0,0.01452559409679856,13.589,-0.01984403023896865,
power,C_ar1_reads_carved,calendar,100,,False,0.0,0.5,,c1_lewis_robinson,permutation,,0.05,1000,1000,0,0,0.051,0.00695693898205238,67.844,1.0,0.01452559409679856,13.589,-0.01984403023896865,
power,C_ar1_reads_carved,calendar,100,,False,0.0,0.5,,c2_anderson_darling,asymptotic,,0.05,1000,1000,0,0,0.052,0.007021111023192838,67.844,1.0,0.01452559409679856,13.589,-0.01984403023896865,
power,C_ar1_reads_carved,calendar,100,,False,0.0,0.5,,c2_anderson_darling,permutation,,0.05,1000,1000,0,0,0.05,0.006892024376045111,67.844,1.0,0.01452559409679856,13.589,-0.01984403023896865,
power,C_ar1_reads_carved,calendar,100,,False,0.0,0.5,,c5_rank_autocorr,permutation,studentized,0.05,1000,1000,0,0,0.051,0.00695693898205238,67.844,1.0,0.01452559409679856,13.589,-0.01984403023896865,
power,C_ar1_reads_carved,calendar,100,,False,0.0,0.5,,c5_rank_autocorr,permutation,unstudentized,0.05,1000,1000,0,0,0.053,0.00708456067798138,67.844,1.0,0.01452559409679856,13.589,-0.01984403023896865,
power,C_ar1_reads_carved,calendar,100,,False,0.0,0.5,,c6_exchangeability,permutation,,0.05,1000,1000,0,0,0.048,0.006759881655768835,67.844,1.0,0.01452559409679856,13.589,-0.01984403023896865,
power,C_ar1_reads_carved,calendar,100,,False,0.0,0.5,,cvm_cramer_von_mises,asymptotic,,0.05,1000,1000,0,0,0.048,0.006759881655768835,67.844,1.0,0.01452559409679856,13.589,-0.01984403023896865,
power,C_ar1_reads_carved,calendar,100,,False,0.0,0.5,,cvm_cramer_von_mises,permutation,,0.05,1000,1000,0,0,0.053,0.00708456067798138,67.844,1.0,0.01452559409679856,13.589,-0.01984403023896865,
power,C_ar1_reads_carved,in_spec,100,,False,0.0,0.5,,c5_rank_autocorr,permutation,studentized,0.05,1000,1000,0,0,0.053,0.00708456067798138,68.249,1.0,0.014440641742119021,9.943,-0.012449571766313235,
power,C_ar1_reads_carved,in_spec,100,,False,0.0,0.5,,c5_rank_autocorr,permutation,unstudentized,0.05,1000,1000,0,0,0.048,0.006759881655768835,68.249,1.0,0.014440641742119021,9.943,-0.012449571766313235,
power,C_ar1_reads_carved,in_spec,100,,False,0.0,0.5,,c6_exchangeability,permutation,,0.05,1000,1000,0,0,0.048,0.006759881655768835,68.249,1.0,0.014440641742119021,9.943,-0.012449571766313235,
power,C_ar1_reads_carved,in_spec,100,,False,0.0,0.5,,cvm_cramer_von_mises,permutation,,0.05,1000,1000,0,0,0.051,0.00695693898205238,68.249,1.0,0.014440641742119021,9.943,-0.012449571766313235,
power,D_trp_power_law,in_spec,355,0.75,False,0.0,,0.7,c1_lewis_robinson,asymptotic,,0.05,1000,1000,0,0,0.989,0.0032983329122452166,353.418,1.0,0.002821527123340237,353.418,0.06895088277612006,
power,D_trp_power_law,in_spec,355,0.75,False,0.0,,0.7,c1_lewis_robinson,permutation,,0.05,1000,1000,0,0,0.988,0.003443254274665176,353.418,1.0,0.002821527123340237,353.418,0.06895088277612006,
power,D_trp_power_law,in_spec,355,0.75,False,0.0,,0.7,c2_anderson_darling,asymptotic,,0.05,1000,1000,0,0,0.996,0.0019959959919799443,353.418,1.0,0.002821527123340237,353.418,0.06895088277612006,
power,D_trp_power_law,in_spec,355,0.75,False,0.0,,0.7,c2_anderson_darling,permutation,,0.05,1000,1000,0,0,0.996,0.0019959959919799443,353.418,1.0,0.002821527123340237,353.418,0.06895088277612006,
power,D_trp_power_law,in_spec,355,0.75,False,0.0,,0.7,c5_rank_autocorr,permutation,studentized,0.05,1000,1000,0,0,0.365,0.015224158433227107,353.418,1.0,0.002821527123340237,353.418,0.06895088277612006,
power,D_trp_power_law,in_spec,355,0.75,False,0.0,,0.7,c5_rank_autocorr,permutation,unstudentized,0.05,1000,1000,0,0,0.345,0.015032464867745409,353.418,1.0,0.002821527123340237,353.418,0.06895088277612006,
power,D_trp_power_law,in_spec,355,0.75,False,0.0,,0.7,c6_exchangeability,permutation,,0.05,1000,1000,0,0,0.454,0.015744332313566048,353.418,1.0,0.002821527123340237,353.418,0.06895088277612006,
power,D_trp_power_law,in_spec,355,0.75,False,0.0,,0.7,cvm_cramer_von_mises,asymptotic,,0.05,1000,1000,0,0,0.985,0.0038438262187565153,353.418,1.0,0.002821527123340237,353.418,0.06895088277612006,
power,D_trp_power_law,in_spec,355,0.75,False,0.0,,0.7,cvm_cramer_von_mises,permutation,,0.05,1000,1000,0,0,0.984,0.00396787096564392,353.418,1.0,0.002821527123340237,353.418,0.06895088277612006,
power,D_trp_power_law,in_spec,355,0.75,False,0.0,,0.85,c1_lewis_robinson,asymptotic,,0.05,1000,1000,0,0,0.508,0.015809364313595912,356.623,1.0,0.002796240733957268,356.623,0.011509023637764184,
power,D_trp_power_law,in_spec,355,0.75,False,0.0,,0.85,c1_lewis_robinson,permutation,,0.05,1000,1000,0,0,0.507,0.015809838708854686,356.623,1.0,0.002796240733957268,356.623,0.011509023637764184,
power,D_trp_power_law,in_spec,355,0.75,False,0.0,,0.85,c2_anderson_darling,asymptotic,,0.05,1000,1000,0,0,0.565,0.015677212762477903,356.623,1.0,0.002796240733957268,356.623,0.011509023637764184,
power,D_trp_power_law,in_spec,355,0.75,False,0.0,,0.85,c2_anderson_darling,permutation,,0.05,1000,1000,0,0,0.565,0.015677212762477903,356.623,1.0,0.002796240733957268,356.623,0.011509023637764184,
power,D_trp_power_law,in_spec,355,0.75,False,0.0,,0.85,c5_rank_autocorr,permutation,studentized,0.05,1000,1000,0,0,0.07,0.008068457101577725,356.623,1.0,0.002796240733957268,356.623,0.011509023637764184,
power,D_trp_power_law,in_spec,355,0.75,False,0.0,,0.85,c5_rank_autocorr,permutation,unstudentized,0.05,1000,1000,0,0,0.064,0.007739767438366608,356.623,1.0,0.002796240733957268,356.623,0.011509023637764184,
power,D_trp_power_law,in_spec,355,0.75,False,0.0,,0.85,c6_exchangeability,permutation,,0.05,1000,1000,0,0,0.078,0.008480330182251162,356.623,1.0,0.002796240733957268,356.623,0.011509023637764184,
power,D_trp_power_law,in_spec,355,0.75,False,0.0,,0.85,cvm_cramer_von_mises,asymptotic,,0.05,1000,1000,0,0,0.505,0.01581059771166163,356.623,1.0,0.002796240733957268,356.623,0.011509023637764184,
power,D_trp_power_law,in_spec,355,0.75,False,0.0,,0.85,cvm_cramer_von_mises,permutation,,0.05,1000,1000,0,0,0.502,0.01581126180922952,356.623,1.0,0.002796240733957268,356.623,0.011509023637764184,
power,D_trp_power_law,in_spec,355,0.75,False,0.0,,1.2,c1_lewis_robinson,asymptotic,,0.05,1000,1000,0,0,0.588,0.01556457516284977,354.939,1.0,0.002809470162022144,354.939,0.004412942111030887,
power,D_trp_power_law,in_spec,355,0.75,False,0.0,,1.2,c1_lewis_robinson,permutation,,0.05,1000,1000,0,0,0.583,0.015592017188292218,354.939,1.0,0.002809470162022144,354.939,0.004412942111030887,
power,D_trp_power_law,in_spec,355,0.75,False,0.0,,1.2,c2_anderson_darling,asymptotic,,0.05,1000,1000,0,0,0.579,0.015612783224012303,354.939,1.0,0.002809470162022144,354.939,0.004412942111030887,
power,D_trp_power_law,in_spec,355,0.75,False,0.0,,1.2,c2_anderson_darling,permutation,,0.05,1000,1000,0,0,0.588,0.01556457516284977,354.939,1.0,0.002809470162022144,354.939,0.004412942111030887,
power,D_trp_power_law,in_spec,355,0.75,False,0.0,,1.2,c5_rank_autocorr,permutation,studentized,0.05,1000,1000,0,0,0.054,0.007147307185227175,354.939,1.0,0.002809470162022144,354.939,0.004412942111030887,
power,D_trp_power_law,in_spec,355,0.75,False,0.0,,1.2,c5_rank_autocorr,permutation,unstudentized,0.05,1000,1000,0,0,0.051,0.00695693898205238,354.939,1.0,0.002809470162022144,354.939,0.004412942111030887,
power,D_trp_power_law,in_spec,355,0.75,False,0.0,,1.2,c6_exchangeability,permutation,,0.05,1000,1000,0,0,0.051,0.00695693898205238,354.939,1.0,0.002809470162022144,354.939,0.004412942111030887,
power,D_trp_power_law,in_spec,355,0.75,False,0.0,,1.2,cvm_cramer_von_mises,asymptotic,,0.05,1000,1000,0,0,0.571,0.015651166090742248,354.939,1.0,0.002809470162022144,354.939,0.004412942111030887,
power,D_trp_power_law,in_spec,355,0.75,False,0.0,,1.2,cvm_cramer_von_mises,permutation,,0.05,1000,1000,0,0,0.567,0.015668790636165896,354.939,1.0,0.002809470162022144,354.939,0.004412942111030887,
power,D_trp_power_law,in_spec,355,0.75,False,0.0,,1.5,c1_lewis_robinson,asymptotic,,0.05,1000,1000,0,0,0.999,0.0009994998749374613,353.323,1.0,0.002822283622570367,353.323,0.04000349160905971,
power,D_trp_power_law,in_spec,355,0.75,False,0.0,,1.5,c1_lewis_robinson,permutation,,0.05,1000,1000,0,0,0.999,0.0009994998749374613,353.323,1.0,0.002822283622570367,353.323,0.04000349160905971,
power,D_trp_power_law,in_spec,355,0.75,False,0.0,,1.5,c2_anderson_darling,asymptotic,,0.05,1000,1000,0,0,0.999,0.0009994998749374613,353.323,1.0,0.002822283622570367,353.323,0.04000349160905971,
power,D_trp_power_law,in_spec,355,0.75,False,0.0,,1.5,c2_anderson_darling,permutation,,0.05,1000,1000,0,0,1.0,0.0,353.323,1.0,0.002822283622570367,353.323,0.04000349160905971,
power,D_trp_power_law,in_spec,355,0.75,False,0.0,,1.5,c5_rank_autocorr,permutation,studentized,0.05,1000,1000,0,0,0.15,0.011291589790636216,353.323,1.0,0.002822283622570367,353.323,0.04000349160905971,
power,D_trp_power_law,in_spec,355,0.75,False,0.0,,1.5,c5_rank_autocorr,permutation,unstudentized,0.05,1000,1000,0,0,0.143,0.011070275515993266,353.323,1.0,0.002822283622570367,353.323,0.04000349160905971,
power,D_trp_power_law,in_spec,355,0.75,False,0.0,,1.5,c6_exchangeability,permutation,,0.05,1000,1000,0,0,0.19,0.012405643876881199,353.323,1.0,0.002822283622570367,353.323,0.04000349160905971,
power,D_trp_power_law,in_spec,355,0.75,False,0.0,,1.5,cvm_cramer_von_mises,asymptotic,,0.05,1000,1000,0,0,0.999,0.0009994998749374613,353.323,1.0,0.002822283622570367,353.323,0.04000349160905971,
power,D_trp_power_law,in_spec,355,0.75,False,0.0,,1.5,cvm_cramer_von_mises,permutation,,0.05,1000,1000,0,0,0.999,0.0009994998749374613,353.323,1.0,0.002822283622570367,353.323,0.04000349160905971,
power,E_copula_ar1_durations,in_spec,355,0.75,False,0.0,0.05,,c1_lewis_robinson,asymptotic,,0.05,1000,1000,0,0,0.058,0.007391616873188166,355.508,1.0,0.002804986143368452,355.508,0.04439857303038648,
power,E_copula_ar1_durations,in_spec,355,0.75,False,0.0,0.05,,c1_lewis_robinson,permutation,,0.05,1000,1000,0,0,0.056,0.007270763371201128,355.508,1.0,0.002804986143368452,355.508,0.04439857303038648,
power,E_copula_ar1_durations,in_spec,355,0.75,False,0.0,0.05,,c2_anderson_darling,asymptotic,,0.05,1000,1000,0,0,0.064,0.007739767438366608,355.508,1.0,0.002804986143368452,355.508,0.04439857303038648,
power,E_copula_ar1_durations,in_spec,355,0.75,False,0.0,0.05,,c2_anderson_darling,permutation,,0.05,1000,1000,0,0,0.063,0.007683163410991596,355.508,1.0,0.002804986143368452,355.508,0.04439857303038648,
power,E_copula_ar1_durations,in_spec,355,0.75,False,0.0,0.05,,c5_rank_autocorr,permutation,studentized,0.05,1000,1000,0,0,0.085,0.008819013550278738,355.508,1.0,0.002804986143368452,355.508,0.04439857303038648,
power,E_copula_ar1_durations,in_spec,355,0.75,False,0.0,0.05,,c5_rank_autocorr,permutation,unstudentized,0.05,1000,1000,0,0,0.079,0.008529888627643388,355.508,1.0,0.002804986143368452,355.508,0.04439857303038648,
power,E_copula_ar1_durations,in_spec,355,0.75,False,0.0,0.05,,c6_exchangeability,permutation,,0.05,1000,1000,0,0,0.086,0.008865889690267977,355.508,1.0,0.002804986143368452,355.508,0.04439857303038648,
power,E_copula_ar1_durations,in_spec,355,0.75,False,0.0,0.05,,cvm_cramer_von_mises,asymptotic,,0.05,1000,1000,0,0,0.058,0.007391616873188166,355.508,1.0,0.002804986143368452,355.508,0.04439857303038648,
power,E_copula_ar1_durations,in_spec,355,0.75,False,0.0,0.05,,cvm_cramer_von_mises,permutation,,0.05,1000,1000,0,0,0.055,0.00720936890441875,355.508,1.0,0.002804986143368452,355.508,0.04439857303038648,
power,E_copula_ar1_durations,in_spec,355,0.75,False,0.0,0.1,,c1_lewis_robinson,asymptotic,,0.05,1000,1000,0,0,0.065,0.007795832219846705,355.202,1.0,0.002807395803504753,355.202,0.09138234273627269,
power,E_copula_ar1_durations,in_spec,355,0.75,False,0.0,0.1,,c1_lewis_robinson,permutation,,0.05,1000,1000,0,0,0.062,0.007626008130076967,355.202,1.0,0.002807395803504753,355.202,0.09138234273627269,
power,E_copula_ar1_durations,in_spec,355,0.75,False,0.0,0.1,,c2_anderson_darling,asymptotic,,0.05,1000,1000,0,0,0.068,0.007960904471226871,355.202,1.0,0.002807395803504753,355.202,0.09138234273627269,
power,E_copula_ar1_durations,in_spec,355,0.75,False,0.0,0.1,,c2_anderson_darling,permutation,,0.05,1000,1000,0,0,0.069,0.008014923580421713,355.202,1.0,0.002807395803504753,355.202,0.09138234273627269,
power,E_copula_ar1_durations,in_spec,355,0.75,False,0.0,0.1,,c5_rank_autocorr,permutation,studentized,0.05,1000,1000,0,0,0.247,0.013637851736985557,355.202,1.0,0.002807395803504753,355.202,0.09138234273627269,
power,E_copula_ar1_durations,in_spec,355,0.75,False,0.0,0.1,,c5_rank_autocorr,permutation,unstudentized,0.05,1000,1000,0,0,0.234,0.013388203763014663,355.202,1.0,0.002807395803504753,355.202,0.09138234273627269,
power,E_copula_ar1_durations,in_spec,355,0.75,False,0.0,0.1,,c6_exchangeability,permutation,,0.05,1000,1000,0,0,0.219,0.013078187947877183,355.202,1.0,0.002807395803504753,355.202,0.09138234273627269,
power,E_copula_ar1_durations,in_spec,355,0.75,False,0.0,0.1,,cvm_cramer_von_mises,asymptotic,,0.05,1000,1000,0,0,0.068,0.007960904471226871,355.202,1.0,0.002807395803504753,355.202,0.09138234273627269,
power,E_copula_ar1_durations,in_spec,355,0.75,False,0.0,0.1,,cvm_cramer_von_mises,permutation,,0.05,1000,1000,0,0,0.068,0.007960904471226871,355.202,1.0,0.002807395803504753,355.202,0.09138234273627269,
power,E_copula_ar1_durations,in_spec,355,0.75,False,0.0,0.15,,c1_lewis_robinson,asymptotic,,0.05,1000,1000,0,0,0.072,0.008174105455644672,355.112,1.0,0.0028081053151817405,355.112,0.1410911807038621,
power,E_copula_ar1_durations,in_spec,355,0.75,False,0.0,0.15,,c1_lewis_robinson,permutation,,0.05,1000,1000,0,0,0.07,0.008068457101577725,355.112,1.0,0.0028081053151817405,355.112,0.1410911807038621,
power,E_copula_ar1_durations,in_spec,355,0.75,False,0.0,0.15,,c2_anderson_darling,asymptotic,,0.05,1000,1000,0,0,0.081,0.008627803892068943,355.112,1.0,0.0028081053151817405,355.112,0.1410911807038621,
power,E_copula_ar1_durations,in_spec,355,0.75,False,0.0,0.15,,c2_anderson_darling,permutation,,0.05,1000,1000,0,0,0.082,0.008676174272108648,355.112,1.0,0.0028081053151817405,355.112,0.1410911807038621,
power,E_copula_ar1_durations,in_spec,355,0.75,False,0.0,0.15,,c5_rank_autocorr,permutation,studentized,0.05,1000,1000,0,0,0.579,0.015612783224012303,355.112,1.0,0.0028081053151817405,355.112,0.1410911807038621,
power,E_copula_ar1_durations,in_spec,355,0.75,False,0.0,0.15,,c5_rank_autocorr,permutation,unstudentized,0.05,1000,1000,0,0,0.56,0.015697133496278867,355.112,1.0,0.0028081053151817405,355.112,0.1410911807038621,
power,E_copula_ar1_durations,in_spec,355,0.75,False,0.0,0.15,,c6_exchangeability,permutation,,0.05,1000,1000,0,0,0.52,0.0157987341265052,355.112,1.0,0.0028081053151817405,355.112,0.1410911807038621,
power,E_copula_ar1_durations,in_spec,355,0.75,False,0.0,0.15,,cvm_cramer_von_mises,asymptotic,,0.05,1000,1000,0,0,0.077,0.00843036179532053,355.112,1.0,0.0028081053151817405,355.112,0.1410911807038621,
power,E_copula_ar1_durations,in_spec,355,0.75,False,0.0,0.15,,cvm_cramer_von_mises,permutation,,0.05,1000,1000,0,0,0.075,0.008329165624478841,355.112,1.0,0.0028081053151817405,355.112,0.1410911807038621,
power,E_copula_ar1_durations,in_spec,355,0.75,False,0.0,0.2,,c1_lewis_robinson,asymptotic,,0.05,1000,1000,0,0,0.092,0.00913980306133562,355.942,1.0,0.0028015756061208824,355.942,0.18288267715707596,
power,E_copula_ar1_durations,in_spec,355,0.75,False,0.0,0.2,,c1_lewis_robinson,permutation,,0.05,1000,1000,0,0,0.089,0.00900438781928011,355.942,1.0,0.0028015756061208824,355.942,0.18288267715707596,
power,E_copula_ar1_durations,in_spec,355,0.75,False,0.0,0.2,,c2_anderson_darling,asymptotic,,0.05,1000,1000,0,0,0.105,0.009694070352540258,355.942,1.0,0.0028015756061208824,355.942,0.18288267715707596,
power,E_copula_ar1_durations,in_spec,355,0.75,False,0.0,0.2,,c2_anderson_darling,permutation,,0.05,1000,1000,0,0,0.106,0.009734680272099337,355.942,1.0,0.0028015756061208824,355.942,0.18288267715707596,
power,E_copula_ar1_durations,in_spec,355,0.75,False,0.0,0.2,,c5_rank_autocorr,permutation,studentized,0.05,1000,1000,0,0,0.841,0.011563693181678596,355.942,1.0,0.0028015756061208824,355.942,0.18288267715707596,
power,E_copula_ar1_durations,in_spec,355,0.75,False,0.0,0.2,,c5_rank_autocorr,permutation,unstudentized,0.05,1000,1000,0,0,0.828,0.011933817494833748,355.942,1.0,0.0028015756061208824,355.942,0.18288267715707596,
power,E_copula_ar1_durations,in_spec,355,0.75,False,0.0,0.2,,c6_exchangeability,permutation,,0.05,1000,1000,0,0,0.782,0.013056645817360598,355.942,1.0,0.0028015756061208824,355.942,0.18288267715707596,
power,E_copula_ar1_durations,in_spec,355,0.75,False,0.0,0.2,,cvm_cramer_von_mises,asymptotic,,0.05,1000,1000,0,0,0.101,0.009528850927577786,355.942,1.0,0.0028015756061208824,355.942,0.18288267715707596,
power,E_copula_ar1_durations,in_spec,355,0.75,False,0.0,0.2,,cvm_cramer_von_mises,permutation,,0.05,1000,1000,0,0,0.106,0.009734680272099337,355.942,1.0,0.0028015756061208824,355.942,0.18288267715707596,
power,E_copula_ar1_durations,in_spec,355,0.75,False,0.0,0.3,,c1_lewis_robinson,asymptotic,,0.05,1000,1000,0,0,0.131,0.010669536072388528,357.495,1.0,0.002789439183252207,357.495,0.2817861993638953,
power,E_copula_ar1_durations,in_spec,355,0.75,False,0.0,0.3,,c1_lewis_robinson,permutation,,0.05,1000,1000,0,0,0.133,0.010738295954200556,357.495,1.0,0.002789439183252207,357.495,0.2817861993638953,
power,E_copula_ar1_durations,in_spec,355,0.75,False,0.0,0.3,,c2_anderson_darling,asymptotic,,0.05,1000,1000,0,0,0.171,0.011906258858264422,357.495,1.0,0.002789439183252207,357.495,0.2817861993638953,
power,E_copula_ar1_durations,in_spec,355,0.75,False,0.0,0.3,,c2_anderson_darling,permutation,,0.05,1000,1000,0,0,0.173,0.011961229033840962,357.495,1.0,0.002789439183252207,357.495,0.2817861993638953,
power,E_copula_ar1_durations,in_spec,355,0.75,False,0.0,0.3,,c5_rank_autocorr,permutation,studentized,0.05,1000,1000,0,0,1.0,0.0,357.495,1.0,0.002789439183252207,357.495,0.2817861993638953,
power,E_copula_ar1_durations,in_spec,355,0.75,False,0.0,0.3,,c5_rank_autocorr,permutation,unstudentized,0.05,1000,1000,0,0,1.0,0.0,357.495,1.0,0.002789439183252207,357.495,0.2817861993638953,
power,E_copula_ar1_durations,in_spec,355,0.75,False,0.0,0.3,,c6_exchangeability,permutation,,0.05,1000,1000,0,0,0.991,0.0029864694875387575,357.495,1.0,0.002789439183252207,357.495,0.2817861993638953,
power,E_copula_ar1_durations,in_spec,355,0.75,False,0.0,0.3,,cvm_cramer_von_mises,asymptotic,,0.05,1000,1000,0,0,0.165,0.011737759581794134,357.495,1.0,0.002789439183252207,357.495,0.2817861993638953,
power,E_copula_ar1_durations,in_spec,355,0.75,False,0.0,0.3,,cvm_cramer_von_mises,permutation,,0.05,1000,1000,0,0,0.166,0.011766222843376714,357.495,1.0,0.002789439183252207,357.495,0.2817861993638953,
power,E_copula_ar1_durations,in_spec,355,0.75,False,0.0,0.5,,c1_lewis_robinson,asymptotic,,0.05,1000,1000,0,0,0.244,0.013581752464244074,355.834,1.0,0.0028024235358738237,355.834,0.4730966700876238,
power,E_copula_ar1_durations,in_spec,355,0.75,False,0.0,0.5,,c1_lewis_robinson,permutation,,0.05,1000,1000,0,0,0.239,0.01348625225924534,355.834,1.0,0.0028024235358738237,355.834,0.4730966700876238,
power,E_copula_ar1_durations,in_spec,355,0.75,False,0.0,0.5,,c2_anderson_darling,asymptotic,,0.05,1000,1000,0,0,0.374,0.015301111070768685,355.834,1.0,0.0028024235358738237,355.834,0.4730966700876238,
power,E_copula_ar1_durations,in_spec,355,0.75,False,0.0,0.5,,c2_anderson_darling,permutation,,0.05,1000,1000,0,0,0.376,0.015317441039547044,355.834,1.0,0.0028024235358738237,355.834,0.4730966700876238,
power,E_copula_ar1_durations,in_spec,355,0.75,False,0.0,0.5,,c5_rank_autocorr,permutation,studentized,0.05,1000,1000,0,0,1.0,0.0,355.834,1.0,0.0028024235358738237,355.834,0.4730966700876238,
power,E_copula_ar1_durations,in_spec,355,0.75,False,0.0,0.5,,c5_rank_autocorr,permutation,unstudentized,0.05,1000,1000,0,0,1.0,0.0,355.834,1.0,0.0028024235358738237,355.834,0.4730966700876238,
power,E_copula_ar1_durations,in_spec,355,0.75,False,0.0,0.5,,c6_exchangeability,permutation,,0.05,1000,1000,0,0,1.0,0.0,355.834,1.0,0.0028024235358738237,355.834,0.4730966700876238,
power,E_copula_ar1_durations,in_spec,355,0.75,False,0.0,0.5,,cvm_cramer_von_mises,asymptotic,,0.05,1000,1000,0,0,0.335,0.014925649064613574,355.834,1.0,0.0028024235358738237,355.834,0.4730966700876238,
power,E_copula_ar1_durations,in_spec,355,0.75,False,0.0,0.5,,cvm_cramer_von_mises,permutation,,0.05,1000,1000,0,0,0.331,0.014880826589944525,355.834,1.0,0.0028024235358738237,355.834,0.4730966700876238,
power,D_trp_power_law,in_spec,355,1.5,False,0.0,,0.7,c1_lewis_robinson,asymptotic,,0.05,1000,1000,0,0,1.0,0.0,354.173,1.0,0.002815529333592362,354.173,0.1912864943985837,
power,D_trp_power_law,in_spec,355,1.5,False,0.0,,0.7,c1_lewis_robinson,permutation,,0.05,1000,1000,0,0,1.0,0.0,354.173,1.0,0.002815529333592362,354.173,0.1912864943985837,
power,D_trp_power_law,in_spec,355,1.5,False,0.0,,0.7,c2_anderson_darling,asymptotic,,0.05,1000,1000,0,0,1.0,0.0,354.173,1.0,0.002815529333592362,354.173,0.1912864943985837,
power,D_trp_power_law,in_spec,355,1.5,False,0.0,,0.7,c2_anderson_darling,permutation,,0.05,1000,1000,0,0,1.0,0.0,354.173,1.0,0.002815529333592362,354.173,0.1912864943985837,
power,D_trp_power_law,in_spec,355,1.5,False,0.0,,0.7,c5_rank_autocorr,permutation,studentized,0.05,1000,1000,0,0,0.99,0.003146426544510456,354.173,1.0,0.002815529333592362,354.173,0.1912864943985837,
power,D_trp_power_law,in_spec,355,1.5,False,0.0,,0.7,c5_rank_autocorr,permutation,unstudentized,0.05,1000,1000,0,0,0.989,0.0032983329122452166,354.173,1.0,0.002815529333592362,354.173,0.1912864943985837,
power,D_trp_power_law,in_spec,355,1.5,False,0.0,,0.7,c6_exchangeability,permutation,,0.05,1000,1000,0,0,0.999,0.0009994998749374613,354.173,1.0,0.002815529333592362,354.173,0.1912864943985837,
power,D_trp_power_law,in_spec,355,1.5,False,0.0,,0.7,cvm_cramer_von_mises,asymptotic,,0.05,1000,1000,0,0,1.0,0.0,354.173,1.0,0.002815529333592362,354.173,0.1912864943985837,
power,D_trp_power_law,in_spec,355,1.5,False,0.0,,0.7,cvm_cramer_von_mises,permutation,,0.05,1000,1000,0,0,1.0,0.0,354.173,1.0,0.002815529333592362,354.173,0.1912864943985837,
power,D_trp_power_law,in_spec,355,1.5,False,0.0,,0.85,c1_lewis_robinson,asymptotic,,0.05,1000,1000,0,0,0.967,0.005648982209212561,354.068,1.0,0.0028163619363051587,354.068,0.04359737083485162,
power,D_trp_power_law,in_spec,355,1.5,False,0.0,,0.85,c1_lewis_robinson,permutation,,0.05,1000,1000,0,0,0.965,0.005811626278418119,354.068,1.0,0.0028163619363051587,354.068,0.04359737083485162,
power,D_trp_power_law,in_spec,355,1.5,False,0.0,,0.85,c2_anderson_darling,asymptotic,,0.05,1000,1000,0,0,0.979,0.00453420334788814,354.068,1.0,0.0028163619363051587,354.068,0.04359737083485162,
power,D_trp_power_law,in_spec,355,1.5,False,0.0,,0.85,c2_anderson_darling,permutation,,0.05,1000,1000,0,0,0.977,0.004740358636221528,354.068,1.0,0.0028163619363051587,354.068,0.04359737083485162,
power,D_trp_power_law,in_spec,355,1.5,False,0.0,,0.85,c5_rank_autocorr,permutation,studentized,0.05,1000,1000,0,0,0.173,0.011961229033840962,354.068,1.0,0.0028163619363051587,354.068,0.04359737083485162,
power,D_trp_power_law,in_spec,355,1.5,False,0.0,,0.85,c5_rank_autocorr,permutation,unstudentized,0.05,1000,1000,0,0,0.163,0.011680368144883106,354.068,1.0,0.0028163619363051587,354.068,0.04359737083485162,
power,D_trp_power_law,in_spec,355,1.5,False,0.0,,0.85,c6_exchangeability,permutation,,0.05,1000,1000,0,0,0.22,0.013099618315050252,354.068,1.0,0.0028163619363051587,354.068,0.04359737083485162,
power,D_trp_power_law,in_spec,355,1.5,False,0.0,,0.85,cvm_cramer_von_mises,asymptotic,,0.05,1000,1000,0,0,0.967,0.005648982209212561,354.068,1.0,0.0028163619363051587,354.068,0.04359737083485162,
power,D_trp_power_law,in_spec,355,1.5,False,0.0,,0.85,cvm_cramer_von_mises,permutation,,0.05,1000,1000,0,0,0.963,0.005969170796685251,354.068,1.0,0.0028163619363051587,354.068,0.04359737083485162,
power,D_trp_power_law,in_spec,355,1.5,False,0.0,,1.2,c1_lewis_robinson,asymptotic,,0.05,1000,1000,0,0,0.995,0.002230470802319547,355.59,1.0,0.0028043411200538437,355.59,0.03747209106635499,
power,D_trp_power_law,in_spec,355,1.5,False,0.0,,1.2,c1_lewis_robinson,permutation,,0.05,1000,1000,0,0,0.995,0.002230470802319547,355.59,1.0,0.0028043411200538437,355.59,0.03747209106635499,
power,D_trp_power_law,in_spec,355,1.5,False,0.0,,1.2,c2_anderson_darling,asymptotic,,0.05,1000,1000,0,0,0.995,0.002230470802319547,355.59,1.0,0.0028043411200538437,355.59,0.03747209106635499,
power,D_trp_power_law,in_spec,355,1.5,False,0.0,,1.2,c2_anderson_darling,permutation,,0.05,1000,1000,0,0,0.995,0.002230470802319547,355.59,1.0,0.0028043411200538437,355.59,0.03747209106635499,
power,D_trp_power_law,in_spec,355,1.5,False,0.0,,1.2,c5_rank_autocorr,permutation,studentized,0.05,1000,1000,0,0,0.166,0.011766222843376714,355.59,1.0,0.0028043411200538437,355.59,0.03747209106635499,
power,D_trp_power_law,in_spec,355,1.5,False,0.0,,1.2,c5_rank_autocorr,permutation,unstudentized,0.05,1000,1000,0,0,0.155,0.011444430960078356,355.59,1.0,0.0028043411200538437,355.59,0.03747209106635499,
power,D_trp_power_law,in_spec,355,1.5,False,0.0,,1.2,c6_exchangeability,permutation,,0.05,1000,1000,0,0,0.194,0.012504559168559283,355.59,1.0,0.0028043411200538437,355.59,0.03747209106635499,
power,D_trp_power_law,in_spec,355,1.5,False,0.0,,1.2,cvm_cramer_von_mises,asymptotic,,0.05,1000,1000,0,0,0.994,0.002442130217658347,355.59,1.0,0.0028043411200538437,355.59,0.03747209106635499,
power,D_trp_power_law,in_spec,355,1.5,False,0.0,,1.2,cvm_cramer_von_mises,permutation,,0.05,1000,1000,0,0,0.994,0.002442130217658347,355.59,1.0,0.0028043411200538437,355.59,0.03747209106635499,
power,D_trp_power_law,in_spec,355,1.5,False,0.0,,1.5,c1_lewis_robinson,asymptotic,,0.05,1000,1000,0,0,1.0,0.0,354.332,1.0,0.0028142694719304764,354.332,0.13251699405983303,
power,D_trp_power_law,in_spec,355,1.5,False,0.0,,1.5,c1_lewis_robinson,permutation,,0.05,1000,1000,0,0,1.0,0.0,354.332,1.0,0.0028142694719304764,354.332,0.13251699405983303,
power,D_trp_power_law,in_spec,355,1.5,False,0.0,,1.5,c2_anderson_darling,asymptotic,,0.05,1000,1000,0,0,1.0,0.0,354.332,1.0,0.0028142694719304764,354.332,0.13251699405983303,
power,D_trp_power_law,in_spec,355,1.5,False,0.0,,1.5,c2_anderson_darling,permutation,,0.05,1000,1000,0,0,1.0,0.0,354.332,1.0,0.0028142694719304764,354.332,0.13251699405983303,
power,D_trp_power_law,in_spec,355,1.5,False,0.0,,1.5,c5_rank_autocorr,permutation,studentized,0.05,1000,1000,0,0,0.866,0.010772372069326236,354.332,1.0,0.0028142694719304764,354.332,0.13251699405983303,
power,D_trp_power_law,in_spec,355,1.5,False,0.0,,1.5,c5_rank_autocorr,permutation,unstudentized,0.05,1000,1000,0,0,0.847,0.011383804285035824,354.332,1.0,0.0028142694719304764,354.332,0.13251699405983303,
power,D_trp_power_law,in_spec,355,1.5,False,0.0,,1.5,c6_exchangeability,permutation,,0.05,1000,1000,0,0,0.95,0.006892024376045114,354.332,1.0,0.0028142694719304764,354.332,0.13251699405983303,
power,D_trp_power_law,in_spec,355,1.5,False,0.0,,1.5,cvm_cramer_von_mises,asymptotic,,0.05,1000,1000,0,0,1.0,0.0,354.332,1.0,0.0028142694719304764,354.332,0.13251699405983303,
power,D_trp_power_law,in_spec,355,1.5,False,0.0,,1.5,cvm_cramer_von_mises,permutation,,0.05,1000,1000,0,0,1.0,0.0,354.332,1.0,0.0028142694719304764,354.332,0.13251699405983303,
power,E_copula_ar1_durations,in_spec,355,1.5,False,0.0,0.05,,c1_lewis_robinson,asymptotic,,0.05,1000,1000,0,0,0.069,0.008014923580421713,354.646,1.0,0.0028117847522536456,354.646,0.045628083893579474,
power,E_copula_ar1_durations,in_spec,355,1.5,False,0.0,0.05,,c1_lewis_robinson,permutation,,0.05,1000,1000,0,0,0.065,0.007795832219846705,354.646,1.0,0.0028117847522536456,354.646,0.045628083893579474,
power,E_copula_ar1_durations,in_spec,355,1.5,False,0.0,0.05,,c2_anderson_darling,asymptotic,,0.05,1000,1000,0,0,0.07,0.008068457101577725,354.646,1.0,0.0028117847522536456,354.646,0.045628083893579474,
power,E_copula_ar1_durations,in_spec,355,1.5,False,0.0,0.05,,c2_anderson_darling,permutation,,0.05,1000,1000,0,0,0.068,0.007960904471226871,354.646,1.0,0.0028117847522536456,354.646,0.045628083893579474,
power,E_copula_ar1_durations,in_spec,355,1.5,False,0.0,0.05,,c5_rank_autocorr,permutation,studentized,0.05,1000,1000,0,0,0.09,0.009049861877399014,354.646,1.0,0.0028117847522536456,354.646,0.045628083893579474,
power,E_copula_ar1_durations,in_spec,355,1.5,False,0.0,0.05,,c5_rank_autocorr,permutation,unstudentized,0.05,1000,1000,0,0,0.083,0.008724161850859944,354.646,1.0,0.0028117847522536456,354.646,0.045628083893579474,
power,E_copula_ar1_durations,in_spec,355,1.5,False,0.0,0.05,,c6_exchangeability,permutation,,0.05,1000,1000,0,0,0.081,0.008627803892068943,354.646,1.0,0.0028117847522536456,354.646,0.045628083893579474,
power,E_copula_ar1_durations,in_spec,355,1.5,False,0.0,0.05,,cvm_cramer_von_mises,asymptotic,,0.05,1000,1000,0,0,0.072,0.008174105455644672,354.646,1.0,0.0028117847522536456,354.646,0.045628083893579474,
power,E_copula_ar1_durations,in_spec,355,1.5,False,0.0,0.05,,cvm_cramer_von_mises,permutation,,0.05,1000,1000,0,0,0.068,0.007960904471226871,354.646,1.0,0.0028117847522536456,354.646,0.045628083893579474,
power,E_copula_ar1_durations,in_spec,355,1.5,False,0.0,0.1,,c1_lewis_robinson,asymptotic,,0.05,1000,1000,0,0,0.067,0.007906389820898032,354.453,1.0,0.0028133114645255493,354.453,0.0915556930172036,
power,E_copula_ar1_durations,in_spec,355,1.5,False,0.0,0.1,,c1_lewis_robinson,permutation,,0.05,1000,1000,0,0,0.066,0.007851369307324678,354.453,1.0,0.0028133114645255493,354.453,0.0915556930172036,
power,E_copula_ar1_durations,in_spec,355,1.5,False,0.0,0.1,,c2_anderson_darling,asymptotic,,0.05,1000,1000,0,0,0.086,0.008865889690267977,354.453,1.0,0.0028133114645255493,354.453,0.0915556930172036,
power,E_copula_ar1_durations,in_spec,355,1.5,False,0.0,0.1,,c2_anderson_darling,permutation,,0.05,1000,1000,0,0,0.089,0.00900438781928011,354.453,1.0,0.0028133114645255493,354.453,0.0915556930172036,
power,E_copula_ar1_durations,in_spec,355,1.5,False,0.0,0.1,,c5_rank_autocorr,permutation,studentized,0.05,1000,1000,0,0,0.258,0.013836039895866157,354.453,1.0,0.0028133114645255493,354.453,0.0915556930172036,
power,E_copula_ar1_durations,in_spec,355,1.5,False,0.0,0.1,,c5_rank_autocorr,permutation,unstudentized,0.05,1000,1000,0,0,0.241,0.013524755080961725,354.453,1.0,0.0028133114645255493,354.453,0.0915556930172036,
power,E_copula_ar1_durations,in_spec,355,1.5,False,0.0,0.1,,c6_exchangeability,permutation,,0.05,1000,1000,0,0,0.212,0.012925014506761685,354.453,1.0,0.0028133114645255493,354.453,0.0915556930172036,
power,E_copula_ar1_durations,in_spec,355,1.5,False,0.0,0.1,,cvm_cramer_von_mises,asymptotic,,0.05,1000,1000,0,0,0.072,0.008174105455644672,354.453,1.0,0.0028133114645255493,354.453,0.0915556930172036,
power,E_copula_ar1_durations,in_spec,355,1.5,False,0.0,0.1,,cvm_cramer_von_mises,permutation,,0.05,1000,1000,0,0,0.072,0.008174105455644672,354.453,1.0,0.0028133114645255493,354.453,0.0915556930172036,
power,E_copula_ar1_durations,in_spec,355,1.5,False,0.0,0.15,,c1_lewis_robinson,asymptotic,,0.05,1000,1000,0,0,0.084,0.008771772910877254,354.605,1.0,0.002812108941100378,354.605,0.1396694288406315,
power,E_copula_ar1_durations,in_spec,355,1.5,False,0.0,0.15,,c1_lewis_robinson,permutation,,0.05,1000,1000,0,0,0.08,0.008579044235810887,354.605,1.0,0.002812108941100378,354.605,0.1396694288406315,
power,E_copula_ar1_durations,in_spec,355,1.5,False,0.0,0.15,,c2_anderson_darling,asymptotic,,0.05,1000,1000,0,0,0.108,0.009815090422405696,354.605,1.0,0.002812108941100378,354.605,0.1396694288406315,
power,E_copula_ar1_durations,in_spec,355,1.5,False,0.0,0.15,,c2_anderson_darling,permutation,,0.05,1000,1000,0,0,0.103,0.009612023720320296,354.605,1.0,0.002812108941100378,354.605,0.1396694288406315,
power,E_copula_ar1_durations,in_spec,355,1.5,False,0.0,0.15,,c5_rank_autocorr,permutation,studentized,0.05,1000,1000,0,0,0.582,0.015597307459943206,354.605,1.0,0.002812108941100378,354.605,0.1396694288406315,
power,E_copula_ar1_durations,in_spec,355,1.5,False,0.0,0.15,,c5_rank_autocorr,permutation,unstudentized,0.05,1000,1000,0,0,0.569,0.015660108556456435,354.605,1.0,0.002812108941100378,354.605,0.1396694288406315,
power,E_copula_ar1_durations,in_spec,355,1.5,False,0.0,0.15,,c6_exchangeability,permutation,,0.05,1000,1000,0,0,0.533,0.015776913513105152,354.605,1.0,0.002812108941100378,354.605,0.1396694288406315,
power,E_copula_ar1_durations,in_spec,355,1.5,False,0.0,0.15,,cvm_cramer_von_mises,asymptotic,,0.05,1000,1000,0,0,0.103,0.009612023720320296,354.605,1.0,0.002812108941100378,354.605,0.1396694288406315,
power,E_copula_ar1_durations,in_spec,355,1.5,False,0.0,0.15,,cvm_cramer_von_mises,permutation,,0.05,1000,1000,0,0,0.101,0.009528850927577786,354.605,1.0,0.002812108941100378,354.605,0.1396694288406315,
power,E_copula_ar1_durations,in_spec,355,1.5,False,0.0,0.2,,c1_lewis_robinson,asymptotic,,0.05,1000,1000,0,0,0.103,0.009612023720320296,355.049,1.0,0.0028086021867776627,355.049,0.18425511673670728,
power,E_copula_ar1_durations,in_spec,355,1.5,False,0.0,0.2,,c1_lewis_robinson,permutation,,0.05,1000,1000,0,0,0.103,0.009612023720320296,355.049,1.0,0.0028086021867776627,355.049,0.18425511673670728,
power,E_copula_ar1_durations,in_spec,355,1.5,False,0.0,0.2,,c2_anderson_darling,asymptotic,,0.05,1000,1000,0,0,0.131,0.010669536072388528,355.049,1.0,0.0028086021867776627,355.049,0.18425511673670728,
power,E_copula_ar1_durations,in_spec,355,1.5,False,0.0,0.2,,c2_anderson_darling,permutation,,0.05,1000,1000,0,0,0.128,0.010564847372300274,355.049,1.0,0.0028086021867776627,355.049,0.18425511673670728,
power,E_copula_ar1_durations,in_spec,355,1.5,False,0.0,0.2,,c5_rank_autocorr,permutation,studentized,0.05,1000,1000,0,0,0.835,0.011737759581794136,355.049,1.0,0.0028086021867776627,355.049,0.18425511673670728,
power,E_copula_ar1_durations,in_spec,355,1.5,False,0.0,0.2,,c5_rank_autocorr,permutation,unstudentized,0.05,1000,1000,0,0,0.82,0.012149074038789953,355.049,1.0,0.0028086021867776627,355.049,0.18425511673670728,
power,E_copula_ar1_durations,in_spec,355,1.5,False,0.0,0.2,,c6_exchangeability,permutation,,0.05,1000,1000,0,0,0.769,0.01332812815064441,355.049,1.0,0.0028086021867776627,355.049,0.18425511673670728,
power,E_copula_ar1_durations,in_spec,355,1.5,False,0.0,0.2,,cvm_cramer_von_mises,asymptotic,,0.05,1000,1000,0,0,0.115,0.010088359628799918,355.049,1.0,0.0028086021867776627,355.049,0.18425511673670728,
power,E_copula_ar1_durations,in_spec,355,1.5,False,0.0,0.2,,cvm_cramer_von_mises,permutation,,0.05,1000,1000,0,0,0.112,0.00997276290703835,355.049,1.0,0.0028086021867776627,355.049,0.18425511673670728,
power,E_copula_ar1_durations,in_spec,355,1.5,False,0.0,0.3,,c1_lewis_robinson,asymptotic,,0.05,1000,1000,0,0,0.155,0.011444430960078356,354.381,1.0,0.0028138814399194106,354.381,0.2816606047688015,
power,E_copula_ar1_durations,in_spec,355,1.5,False,0.0,0.3,,c1_lewis_robinson,permutation,,0.05,1000,1000,0,0,0.146,0.011166198995181842,354.381,1.0,0.0028138814399194106,354.381,0.2816606047688015,
power,E_copula_ar1_durations,in_spec,355,1.5,False,0.0,0.3,,c2_anderson_darling,asymptotic,,0.05,1000,1000,0,0,0.219,0.013078187947877183,354.381,1.0,0.0028138814399194106,354.381,0.2816606047688015,
power,E_copula_ar1_durations,in_spec,355,1.5,False,0.0,0.3,,c2_anderson_darling,permutation,,0.05,1000,1000,0,0,0.212,0.012925014506761685,354.381,1.0,0.0028138814399194106,354.381,0.2816606047688015,
power,E_copula_ar1_durations,in_spec,355,1.5,False,0.0,0.3,,c5_rank_autocorr,permutation,studentized,0.05,1000,1000,0,0,0.997,0.0017294507798720387,354.381,1.0,0.0028138814399194106,354.381,0.2816606047688015,
power,E_copula_ar1_durations,in_spec,355,1.5,False,0.0,0.3,,c5_rank_autocorr,permutation,unstudentized,0.05,1000,1000,0,0,0.994,0.002442130217658347,354.381,1.0,0.0028138814399194106,354.381,0.2816606047688015,
power,E_copula_ar1_durations,in_spec,355,1.5,False,0.0,0.3,,c6_exchangeability,permutation,,0.05,1000,1000,0,0,0.991,0.0029864694875387575,354.381,1.0,0.0028138814399194106,354.381,0.2816606047688015,
power,E_copula_ar1_durations,in_spec,355,1.5,False,0.0,0.3,,cvm_cramer_von_mises,asymptotic,,0.05,1000,1000,0,0,0.192,0.012455360291858283,354.381,1.0,0.0028138814399194106,354.381,0.2816606047688015,
power,E_copula_ar1_durations,in_spec,355,1.5,False,0.0,0.3,,cvm_cramer_von_mises,permutation,,0.05,1000,1000,0,0,0.186,0.012304633273690036,354.381,1.0,0.0028138814399194106,354.381,0.2816606047688015,
power,E_copula_ar1_durations,in_spec,355,1.5,False,0.0,0.5,,c1_lewis_robinson,asymptotic,,0.05,1000,1000,0,0,0.264,0.013939296969359681,353.073,1.0,0.0028242763497922747,353.073,0.47347806369783574,
power,E_copula_ar1_durations,in_spec,355,1.5,False,0.0,0.5,,c1_lewis_robinson,permutation,,0.05,1000,1000,0,0,0.255,0.013783141876945184,353.073,1.0,0.0028242763497922747,353.073,0.47347806369783574,
power,E_copula_ar1_durations,in_spec,355,1.5,False,0.0,0.5,,c2_anderson_darling,asymptotic,,0.05,1000,1000,0,0,0.431,0.015660108556456432,353.073,1.0,0.0028242763497922747,353.073,0.47347806369783574,
power,E_copula_ar1_durations,in_spec,355,1.5,False,0.0,0.5,,c2_anderson_darling,permutation,,0.05,1000,1000,0,0,0.434,0.015673034167001616,353.073,1.0,0.0028242763497922747,353.073,0.47347806369783574,
power,E_copula_ar1_durations,in_spec,355,1.5,False,0.0,0.5,,c5_rank_autocorr,permutation,studentized,0.05,1000,1000,0,0,1.0,0.0,353.073,1.0,0.0028242763497922747,353.073,0.47347806369783574,
power,E_copula_ar1_durations,in_spec,355,1.5,False,0.0,0.5,,c5_rank_autocorr,permutation,unstudentized,0.05,1000,1000,0,0,1.0,0.0,353.073,1.0,0.0028242763497922747,353.073,0.47347806369783574,
power,E_copula_ar1_durations,in_spec,355,1.5,False,0.0,0.5,,c6_exchangeability,permutation,,0.05,1000,1000,0,0,1.0,0.0,353.073,1.0,0.0028242763497922747,353.073,0.47347806369783574,
power,E_copula_ar1_durations,in_spec,355,1.5,False,0.0,0.5,,cvm_cramer_von_mises,asymptotic,,0.05,1000,1000,0,0,0.37,0.015267612779999367,353.073,1.0,0.0028242763497922747,353.073,0.47347806369783574,
power,E_copula_ar1_durations,in_spec,355,1.5,False,0.0,0.5,,cvm_cramer_von_mises,permutation,,0.05,1000,1000,0,0,0.364,0.015215255502291114,353.073,1.0,0.0028242763497922747,353.073,0.47347806369783574,
power,C_ar1_reads_carved,calendar,355,,False,0.0,0.05,,c1_lewis_robinson,asymptotic,,0.05,1000,1000,0,0,0.049,0.006826346021115542,345.15,1.0,0.0028889209880109783,11.745,-0.0025658649705667786,
power,C_ar1_reads_carved,calendar,355,,False,0.0,0.05,,c1_lewis_robinson,permutation,,0.05,1000,1000,0,0,0.047,0.006692607862410586,345.15,1.0,0.0028889209880109783,11.745,-0.0025658649705667786,
power,C_ar1_reads_carved,calendar,355,,False,0.0,0.05,,c2_anderson_darling,asymptotic,,0.05,1000,1000,0,0,0.047,0.006692607862410586,345.15,1.0,0.0028889209880109783,11.745,-0.0025658649705667786,
power,C_ar1_reads_carved,calendar,355,,False,0.0,0.05,,c2_anderson_darling,permutation,,0.05,1000,1000,0,0,0.049,0.006826346021115542,345.15,1.0,0.0028889209880109783,11.745,-0.0025658649705667786,
power,C_ar1_reads_carved,calendar,355,,False,0.0,0.05,,c5_rank_autocorr,permutation,studentized,0.05,1000,1000,0,0,0.048,0.006759881655768835,345.15,1.0,0.0028889209880109783,11.745,-0.0025658649705667786,
power,C_ar1_reads_carved,calendar,355,,False,0.0,0.05,,c5_rank_autocorr,permutation,unstudentized,0.05,1000,1000,0,0,0.049,0.006826346021115542,345.15,1.0,0.0028889209880109783,11.745,-0.0025658649705667786,
power,C_ar1_reads_carved,calendar,355,,False,0.0,0.05,,c6_exchangeability,permutation,,0.05,1000,1000,0,0,0.057,0.007331507348424334,345.15,1.0,0.0028889209880109783,11.745,-0.0025658649705667786,
power,C_ar1_reads_carved,calendar,355,,False,0.0,0.05,,cvm_cramer_von_mises,asymptotic,,0.05,1000,1000,0,0,0.049,0.006826346021115542,345.15,1.0,0.0028889209880109783,11.745,-0.0025658649705667786,
power,C_ar1_reads_carved,calendar,355,,False,0.0,0.05,,cvm_cramer_von_mises,permutation,,0.05,1000,1000,0,0,0.048,0.006759881655768835,345.15,1.0,0.0028889209880109783,11.745,-0.0025658649705667786,
power,C_ar1_reads_carved,in_spec,355,,False,0.0,0.05,,c5_rank_autocorr,permutation,studentized,0.05,1000,1000,0,0,0.045,0.0065555320150236475,345.361,1.0,0.002887161083378325,9.072,-0.00043561188539642103,
power,C_ar1_reads_carved,in_spec,355,,False,0.0,0.05,,c5_rank_autocorr,permutation,unstudentized,0.05,1000,1000,0,0,0.051,0.00695693898205238,345.361,1.0,0.002887161083378325,9.072,-0.00043561188539642103,
power,C_ar1_reads_carved,in_spec,355,,False,0.0,0.05,,c6_exchangeability,permutation,,0.05,1000,1000,0,0,0.047,0.006692607862410586,345.361,1.0,0.002887161083378325,9.072,-0.00043561188539642103,
power,C_ar1_reads_carved,in_spec,355,,False,0.0,0.05,,cvm_cramer_von_mises,permutation,,0.05,1000,1000,0,0,0.04,0.0061967733539318665,345.361,1.0,0.002887161083378325,9.072,-0.00043561188539642103,
power,C_ar1_reads_carved,calendar,355,,False,0.0,0.1,,c1_lewis_robinson,asymptotic,,0.05,1000,1000,0,0,0.052,0.007021111023192838,334.102,1.0,0.0029841660151237537,12.222,-0.005834452651493472,
power,C_ar1_reads_carved,calendar,355,,False,0.0,0.1,,c1_lewis_robinson,permutation,,0.05,1000,1000,0,0,0.053,0.00708456067798138,334.102,1.0,0.0029841660151237537,12.222,-0.005834452651493472,
power,C_ar1_reads_carved,calendar,355,,False,0.0,0.1,,c2_anderson_darling,asymptotic,,0.05,1000,1000,0,0,0.045,0.0065555320150236475,334.102,1.0,0.0029841660151237537,12.222,-0.005834452651493472,
power,C_ar1_reads_carved,calendar,355,,False,0.0,0.1,,c2_anderson_darling,permutation,,0.05,1000,1000,0,0,0.042,0.0063431853196954605,334.102,1.0,0.0029841660151237537,12.222,-0.005834452651493472,
power,C_ar1_reads_carved,calendar,355,,False,0.0,0.1,,c5_rank_autocorr,permutation,studentized,0.05,1000,1000,0,0,0.05,0.006892024376045111,334.102,1.0,0.0029841660151237537,12.222,-0.005834452651493472,
power,C_ar1_reads_carved,calendar,355,,False,0.0,0.1,,c5_rank_autocorr,permutation,unstudentized,0.05,1000,1000,0,0,0.053,0.00708456067798138,334.102,1.0,0.0029841660151237537,12.222,-0.005834452651493472,
power,C_ar1_reads_carved,calendar,355,,False,0.0,0.1,,c6_exchangeability,permutation,,0.05,1000,1000,0,0,0.052,0.007021111023192838,334.102,1.0,0.0029841660151237537,12.222,-0.005834452651493472,
power,C_ar1_reads_carved,calendar,355,,False,0.0,0.1,,cvm_cramer_von_mises,asymptotic,,0.05,1000,1000,0,0,0.048,0.006759881655768835,334.102,1.0,0.0029841660151237537,12.222,-0.005834452651493472,
power,C_ar1_reads_carved,calendar,355,,False,0.0,0.1,,cvm_cramer_von_mises,permutation,,0.05,1000,1000,0,0,0.044,0.006485676526007136,334.102,1.0,0.0029841660151237537,12.222,-0.005834452651493472,
power,C_ar1_reads_carved,in_spec,355,,False,0.0,0.1,,c5_rank_autocorr,permutation,studentized,0.05,1000,1000,0,0,0.056,0.007270763371201128,334.474,1.0,0.0029808569367521776,9.394,-0.0034614722736880607,
power,C_ar1_reads_carved,in_spec,355,,False,0.0,0.1,,c5_rank_autocorr,permutation,unstudentized,0.05,1000,1000,0,0,0.055,0.00720936890441875,334.474,1.0,0.0029808569367521776,9.394,-0.0034614722736880607,
power,C_ar1_reads_carved,in_spec,355,,False,0.0,0.1,,c6_exchangeability,permutation,,0.05,1000,1000,0,0,0.043,0.006414904519944158,334.474,1.0,0.0029808569367521776,9.394,-0.0034614722736880607,
power,C_ar1_reads_carved,in_spec,355,,False,0.0,0.1,,cvm_cramer_von_mises,permutation,,0.05,1000,1000,0,0,0.06,0.007509993342207435,334.474,1.0,0.0029808569367521776,9.394,-0.0034614722736880607,
power,C_ar1_reads_carved,calendar,355,,False,0.0,0.15,,c1_lewis_robinson,asymptotic,,0.05,1000,1000,0,0,0.056,0.007270763371201128,322.529,1.0,0.0030909130247983954,12.662,-0.0008278802773830868,
power,C_ar1_reads_carved,calendar,355,,False,0.0,0.15,,c1_lewis_robinson,permutation,,0.05,1000,1000,0,0,0.053,0.00708456067798138,322.529,1.0,0.0030909130247983954,12.662,-0.0008278802773830868,
power,C_ar1_reads_carved,calendar,355,,False,0.0,0.15,,c2_anderson_darling,asymptotic,,0.05,1000,1000,0,0,0.054,0.007147307185227175,322.529,1.0,0.0030909130247983954,12.662,-0.0008278802773830868,
power,C_ar1_reads_carved,calendar,355,,False,0.0,0.15,,c2_anderson_darling,permutation,,0.05,1000,1000,0,0,0.055,0.00720936890441875,322.529,1.0,0.0030909130247983954,12.662,-0.0008278802773830868,
power,C_ar1_reads_carved,calendar,355,,False,0.0,0.15,,c5_rank_autocorr,permutation,studentized,0.05,1000,1000,0,0,0.046,0.006624499981130651,322.529,1.0,0.0030909130247983954,12.662,-0.0008278802773830868,
power,C_ar1_reads_carved,calendar,355,,False,0.0,0.15,,c5_rank_autocorr,permutation,unstudentized,0.05,1000,1000,0,0,0.05,0.006892024376045111,322.529,1.0,0.0030909130247983954,12.662,-0.0008278802773830868,
power,C_ar1_reads_carved,calendar,355,,False,0.0,0.15,,c6_exchangeability,permutation,,0.05,1000,1000,0,0,0.046,0.006624499981130651,322.529,1.0,0.0030909130247983954,12.662,-0.0008278802773830868,
power,C_ar1_reads_carved,calendar,355,,False,0.0,0.15,,cvm_cramer_von_mises,asymptotic,,0.05,1000,1000,0,0,0.055,0.00720936890441875,322.529,1.0,0.0030909130247983954,12.662,-0.0008278802773830868,
power,C_ar1_reads_carved,calendar,355,,False,0.0,0.15,,cvm_cramer_von_mises,permutation,,0.05,1000,1000,0,0,0.053,0.00708456067798138,322.529,1.0,0.0030909130247983954,12.662,-0.0008278802773830868,
power,C_ar1_reads_carved,in_spec,355,,False,0.0,0.15,,c5_rank_autocorr,permutation,studentized,0.05,1000,1000,0,0,0.043,0.006414904519944158,322.46,1.0,0.0030915723737092687,9.784,-0.0030399740752764005,
power,C_ar1_reads_carved,in_spec,355,,False,0.0,0.15,,c5_rank_autocorr,permutation,unstudentized,0.05,1000,1000,0,0,0.048,0.006759881655768835,322.46,1.0,0.0030915723737092687,9.784,-0.0030399740752764005,
power,C_ar1_reads_carved,in_spec,355,,False,0.0,0.15,,c6_exchangeability,permutation,,0.05,1000,1000,0,0,0.058,0.007391616873188166,322.46,1.0,0.0030915723737092687,9.784,-0.0030399740752764005,
power,C_ar1_reads_carved,in_spec,355,,False,0.0,0.15,,cvm_cramer_von_mises,permutation,,0.05,1000,1000,0,0,0.054,0.007147307185227175,322.46,1.0,0.0030915723737092687,9.784,-0.0030399740752764005,
power,C_ar1_reads_carved,calendar,355,,False,0.0,0.2,,c1_lewis_robinson,asymptotic,,0.05,1000,1000,0,0,0.059,0.007451107300260815,310.613,1.0,0.003209108734231242,13.245,-0.0016872822481393338,
power,C_ar1_reads_carved,calendar,355,,False,0.0,0.2,,c1_lewis_robinson,permutation,,0.05,1000,1000,0,0,0.058,0.007391616873188166,310.613,1.0,0.003209108734231242,13.245,-0.0016872822481393338,
power,C_ar1_reads_carved,calendar,355,,False,0.0,0.2,,c2_anderson_darling,asymptotic,,0.05,1000,1000,0,0,0.061,0.0075682891065286355,310.613,1.0,0.003209108734231242,13.245,-0.0016872822481393338,
power,C_ar1_reads_carved,calendar,355,,False,0.0,0.2,,c2_anderson_darling,permutation,,0.05,1000,1000,0,0,0.063,0.007683163410991596,310.613,1.0,0.003209108734231242,13.245,-0.0016872822481393338,
power,C_ar1_reads_carved,calendar,355,,False,0.0,0.2,,c5_rank_autocorr,permutation,studentized,0.05,1000,1000,0,0,0.048,0.006759881655768835,310.613,1.0,0.003209108734231242,13.245,-0.0016872822481393338,
power,C_ar1_reads_carved,calendar,355,,False,0.0,0.2,,c5_rank_autocorr,permutation,unstudentized,0.05,1000,1000,0,0,0.044,0.006485676526007136,310.613,1.0,0.003209108734231242,13.245,-0.0016872822481393338,
power,C_ar1_reads_carved,calendar,355,,False,0.0,0.2,,c6_exchangeability,permutation,,0.05,1000,1000,0,0,0.045,0.0065555320150236475,310.613,1.0,0.003209108734231242,13.245,-0.0016872822481393338,
power,C_ar1_reads_carved,calendar,355,,False,0.0,0.2,,cvm_cramer_von_mises,asymptotic,,0.05,1000,1000,0,0,0.065,0.007795832219846705,310.613,1.0,0.003209108734231242,13.245,-0.0016872822481393338,
power,C_ar1_reads_carved,calendar,355,,False,0.0,0.2,,cvm_cramer_von_mises,permutation,,0.05,1000,1000,0,0,0.063,0.007683163410991596,310.613,1.0,0.003209108734231242,13.245,-0.0016872822481393338,
power,C_ar1_reads_carved,in_spec,355,,False,0.0,0.2,,c5_rank_autocorr,permutation,studentized,0.05,1000,1000,0,0,0.033,0.005648982209212559,311.094,1.0,0.0032041628483726057,10.187,-0.003690351064191223,
power,C_ar1_reads_carved,in_spec,355,,False,0.0,0.2,,c5_rank_autocorr,permutation,unstudentized,0.05,1000,1000,0,0,0.04,0.0061967733539318665,311.094,1.0,0.0032041628483726057,10.187,-0.003690351064191223,
power,C_ar1_reads_carved,in_spec,355,,False,0.0,0.2,,c6_exchangeability,permutation,,0.05,1000,1000,0,0,0.037,0.005969170796685248,311.094,1.0,0.0032041628483726057,10.187,-0.003690351064191223,
power,C_ar1_reads_carved,in_spec,355,,False,0.0,0.2,,cvm_cramer_von_mises,permutation,,0.05,1000,1000,0,0,0.043,0.006414904519944158,311.094,1.0,0.0032041628483726057,10.187,-0.003690351064191223,
power,C_ar1_reads_carved,calendar,355,,False,0.0,0.3,,c1_lewis_robinson,asymptotic,,0.05,1000,1000,0,0,0.043,0.006414904519944158,288.031,1.0,0.003459836488127571,14.44,-0.001622647624444194,
power,C_ar1_reads_carved,calendar,355,,False,0.0,0.3,,c1_lewis_robinson,permutation,,0.05,1000,1000,0,0,0.041,0.006270486424512854,288.031,1.0,0.003459836488127571,14.44,-0.001622647624444194,
power,C_ar1_reads_carved,calendar,355,,False,0.0,0.3,,c2_anderson_darling,asymptotic,,0.05,1000,1000,0,0,0.042,0.0063431853196954605,288.031,1.0,0.003459836488127571,14.44,-0.001622647624444194,
power,C_ar1_reads_carved,calendar,355,,False,0.0,0.3,,c2_anderson_darling,permutation,,0.05,1000,1000,0,0,0.038,0.006046155803483731,288.031,1.0,0.003459836488127571,14.44,-0.001622647624444194,
power,C_ar1_reads_carved,calendar,355,,False,0.0,0.3,,c5_rank_autocorr,permutation,studentized,0.05,1000,1000,0,0,0.048,0.006759881655768835,288.031,1.0,0.003459836488127571,14.44,-0.001622647624444194,
power,C_ar1_reads_carved,calendar,355,,False,0.0,0.3,,c5_rank_autocorr,permutation,unstudentized,0.05,1000,1000,0,0,0.045,0.0065555320150236475,288.031,1.0,0.003459836488127571,14.44,-0.001622647624444194,
power,C_ar1_reads_carved,calendar,355,,False,0.0,0.3,,c6_exchangeability,permutation,,0.05,1000,1000,0,0,0.054,0.007147307185227175,288.031,1.0,0.003459836488127571,14.44,-0.001622647624444194,
power,C_ar1_reads_carved,calendar,355,,False,0.0,0.3,,cvm_cramer_von_mises,asymptotic,,0.05,1000,1000,0,0,0.043,0.006414904519944158,288.031,1.0,0.003459836488127571,14.44,-0.001622647624444194,
power,C_ar1_reads_carved,calendar,355,,False,0.0,0.3,,cvm_cramer_von_mises,permutation,,0.05,1000,1000,0,0,0.043,0.006414904519944158,288.031,1.0,0.003459836488127571,14.44,-0.001622647624444194,
power,C_ar1_reads_carved,in_spec,355,,False,0.0,0.3,,c5_rank_autocorr,permutation,studentized,0.05,1000,1000,0,0,0.054,0.007147307185227175,287.965,1.0,0.0034606267194989015,10.985,-0.0024785271779947955,
power,C_ar1_reads_carved,in_spec,355,,False,0.0,0.3,,c5_rank_autocorr,permutation,unstudentized,0.05,1000,1000,0,0,0.058,0.007391616873188166,287.965,1.0,0.0034606267194989015,10.985,-0.0024785271779947955,
power,C_ar1_reads_carved,in_spec,355,,False,0.0,0.3,,c6_exchangeability,permutation,,0.05,1000,1000,0,0,0.057,0.007331507348424334,287.965,1.0,0.0034606267194989015,10.985,-0.0024785271779947955,
power,C_ar1_reads_carved,in_spec,355,,False,0.0,0.3,,cvm_cramer_von_mises,permutation,,0.05,1000,1000,0,0,0.063,0.007683163410991596,287.965,1.0,0.0034606267194989015,10.985,-0.0024785271779947955,
power,C_ar1_reads_carved,calendar,355,,False,0.0,0.5,,c1_lewis_robinson,asymptotic,,0.05,1000,1000,0,0,0.037,0.005969170796685248,237.964,1.0,0.00418473075442326,17.708,-0.005421951525613947,
power,C_ar1_reads_carved,calendar,355,,False,0.0,0.5,,c1_lewis_robinson,permutation,,0.05,1000,1000,0,0,0.038,0.006046155803483731,237.964,1.0,0.00418473075442326,17.708,-0.005421951525613947,
power,C_ar1_reads_carved,calendar,355,,False,0.0,0.5,,c2_anderson_darling,asymptotic,,0.05,1000,1000,0,0,0.037,0.005969170796685248,237.964,1.0,0.00418473075442326,17.708,-0.005421951525613947,
power,C_ar1_reads_carved,calendar,355,,False,0.0,0.5,,c2_anderson_darling,permutation,,0.05,1000,1000,0,0,0.037,0.005969170796685248,237.964,1.0,0.00418473075442326,17.708,-0.005421951525613947,
power,C_ar1_reads_carved,calendar,355,,False,0.0,0.5,,c5_rank_autocorr,permutation,studentized,0.05,1000,1000,0,0,0.035,0.005811626278418116,237.964,1.0,0.00418473075442326,17.708,-0.005421951525613947,
power,C_ar1_reads_carved,calendar,355,,False,0.0,0.5,,c5_rank_autocorr,permutation,unstudentized,0.05,1000,1000,0,0,0.035,0.005811626278418116,237.964,1.0,0.00418473075442326,17.708,-0.005421951525613947,
power,C_ar1_reads_carved,calendar,355,,False,0.0,0.5,,c6_exchangeability,permutation,,0.05,1000,1000,0,0,0.033,0.005648982209212559,237.964,1.0,0.00418473075442326,17.708,-0.005421951525613947,
power,C_ar1_reads_carved,calendar,355,,False,0.0,0.5,,cvm_cramer_von_mises,asymptotic,,0.05,1000,1000,0,0,0.038,0.006046155803483731,237.964,1.0,0.00418473075442326,17.708,-0.005421951525613947,
power,C_ar1_reads_carved,calendar,355,,False,0.0,0.5,,cvm_cramer_von_mises,permutation,,0.05,1000,1000,0,0,0.035,0.005811626278418116,237.964,1.0,0.00418473075442326,17.708,-0.005421951525613947,
power,C_ar1_reads_carved,in_spec,355,,False,0.0,0.5,,c5_rank_autocorr,permutation,studentized,0.05,1000,1000,0,0,0.053,0.00708456067798138,238.737,1.0,0.0041712376479225155,13.373,-0.0033651460805529075,
power,C_ar1_reads_carved,in_spec,355,,False,0.0,0.5,,c5_rank_autocorr,permutation,unstudentized,0.05,1000,1000,0,0,0.056,0.007270763371201128,238.737,1.0,0.0041712376479225155,13.373,-0.0033651460805529075,
power,C_ar1_reads_carved,in_spec,355,,False,0.0,0.5,,c6_exchangeability,permutation,,0.05,1000,1000,0,0,0.058,0.007391616873188166,238.737,1.0,0.0041712376479225155,13.373,-0.0033651460805529075,
power,C_ar1_reads_carved,in_spec,355,,False,0.0,0.5,,cvm_cramer_von_mises,permutation,,0.05,1000,1000,0,0,0.053,0.00708456067798138,238.737,1.0,0.0041712376479225155,13.373,-0.0033651460805529075,
power,D_trp_power_law,in_spec,500,0.75,False,0.0,,0.7,c1_lewis_robinson,asymptotic,,0.05,1000,1000,0,0,1.0,0.0,502.305,1.0,0.0019868668103833658,502.305,0.06521668808476241,
power,D_trp_power_law,in_spec,500,0.75,False,0.0,,0.7,c1_lewis_robinson,permutation,,0.05,1000,1000,0,0,1.0,0.0,502.305,1.0,0.0019868668103833658,502.305,0.06521668808476241,
power,D_trp_power_law,in_spec,500,0.75,False,0.0,,0.7,c2_anderson_darling,asymptotic,,0.05,1000,1000,0,0,1.0,0.0,502.305,1.0,0.0019868668103833658,502.305,0.06521668808476241,
power,D_trp_power_law,in_spec,500,0.75,False,0.0,,0.7,c2_anderson_darling,permutation,,0.05,1000,1000,0,0,1.0,0.0,502.305,1.0,0.0019868668103833658,502.305,0.06521668808476241,
power,D_trp_power_law,in_spec,500,0.75,False,0.0,,0.7,c5_rank_autocorr,permutation,studentized,0.05,1000,1000,0,0,0.481,0.01579996835439869,502.305,1.0,0.0019868668103833658,502.305,0.06521668808476241,
power,D_trp_power_law,in_spec,500,0.75,False,0.0,,0.7,c5_rank_autocorr,permutation,unstudentized,0.05,1000,1000,0,0,0.457,0.015752809273269323,502.305,1.0,0.0019868668103833658,502.305,0.06521668808476241,
power,D_trp_power_law,in_spec,500,0.75,False,0.0,,0.7,c6_exchangeability,permutation,,0.05,1000,1000,0,0,0.596,0.015517216245190372,502.305,1.0,0.0019868668103833658,502.305,0.06521668808476241,
power,D_trp_power_law,in_spec,500,0.75,False,0.0,,0.7,cvm_cramer_von_mises,asymptotic,,0.05,1000,1000,0,0,1.0,0.0,502.305,1.0,0.0019868668103833658,502.305,0.06521668808476241,
power,D_trp_power_law,in_spec,500,0.75,False,0.0,,0.7,cvm_cramer_von_mises,permutation,,0.05,1000,1000,0,0,1.0,0.0,502.305,1.0,0.0019868668103833658,502.305,0.06521668808476241,
power,D_trp_power_law,in_spec,500,0.75,False,0.0,,0.85,c1_lewis_robinson,asymptotic,,0.05,1000,1000,0,0,0.644,0.015141466243399283,498.973,1.0,0.002000108005832315,498.973,0.011318595640255495,
power,D_trp_power_law,in_spec,500,0.75,False,0.0,,0.85,c1_lewis_robinson,permutation,,0.05,1000,1000,0,0,0.637,0.015206281596761254,498.973,1.0,0.002000108005832315,498.973,0.011318595640255495,
power,D_trp_power_law,in_spec,500,0.75,False,0.0,,0.85,c2_anderson_darling,asymptotic,,0.05,1000,1000,0,0,0.679,0.0147634345597493,498.973,1.0,0.002000108005832315,498.973,0.011318595640255495,
power,D_trp_power_law,in_spec,500,0.75,False,0.0,,0.85,c2_anderson_darling,permutation,,0.05,1000,1000,0,0,0.681,0.01473902981881779,498.973,1.0,0.002000108005832315,498.973,0.011318595640255495,
power,D_trp_power_law,in_spec,500,0.75,False,0.0,,0.85,c5_rank_autocorr,permutation,studentized,0.05,1000,1000,0,0,0.076,0.008379976133617566,498.973,1.0,0.002000108005832315,498.973,0.011318595640255495,
power,D_trp_power_law,in_spec,500,0.75,False,0.0,,0.85,c5_rank_autocorr,permutation,unstudentized,0.05,1000,1000,0,0,0.071,0.008121514637061242,498.973,1.0,0.002000108005832315,498.973,0.011318595640255495,
power,D_trp_power_law,in_spec,500,0.75,False,0.0,,0.85,c6_exchangeability,permutation,,0.05,1000,1000,0,0,0.082,0.008676174272108648,498.973,1.0,0.002000108005832315,498.973,0.011318595640255495,
power,D_trp_power_law,in_spec,500,0.75,False,0.0,,0.85,cvm_cramer_von_mises,asymptotic,,0.05,1000,1000,0,0,0.62,0.015349267083479915,498.973,1.0,0.002000108005832315,498.973,0.011318595640255495,
power,D_trp_power_law,in_spec,500,0.75,False,0.0,,0.85,cvm_cramer_von_mises,permutation,,0.05,1000,1000,0,0,0.621,0.015341414537127925,498.973,1.0,0.002000108005832315,498.973,0.011318595640255495,
power,D_trp_power_law,in_spec,500,0.75,False,0.0,,1.2,c1_lewis_robinson,asymptotic,,0.05,1000,1000,0,0,0.747,0.013747399754135324,500.575,1.0,0.0019937197826845436,500.575,0.008340092233130125,
power,D_trp_power_law,in_spec,500,0.75,False,0.0,,1.2,c1_lewis_robinson,permutation,,0.05,1000,1000,0,0,0.738,0.013905250806799567,500.575,1.0,0.0019937197826845436,500.575,0.008340092233130125,
power,D_trp_power_law,in_spec,500,0.75,False,0.0,,1.2,c2_anderson_darling,asymptotic,,0.05,1000,1000,0,0,0.76,0.013505554412907307,500.575,1.0,0.0019937197826845436,500.575,0.008340092233130125,
power,D_trp_power_law,in_spec,500,0.75,False,0.0,,1.2,c2_anderson_darling,permutation,,0.05,1000,1000,0,0,0.752,0.01365635383255721,500.575,1.0,0.0019937197826845436,500.575,0.008340092233130125,
power,D_trp_power_law,in_spec,500,0.75,False,0.0,,1.2,c5_rank_autocorr,permutation,studentized,0.05,1000,1000,0,0,0.059,0.007451107300260815,500.575,1.0,0.0019937197826845436,500.575,0.008340092233130125,
power,D_trp_power_law,in_spec,500,0.75,False,0.0,,1.2,c5_rank_autocorr,permutation,unstudentized,0.05,1000,1000,0,0,0.054,0.007147307185227175,500.575,1.0,0.0019937197826845436,500.575,0.008340092233130125,
power,D_trp_power_law,in_spec,500,0.75,False,0.0,,1.2,c6_exchangeability,permutation,,0.05,1000,1000,0,0,0.064,0.007739767438366608,500.575,1.0,0.0019937197826845436,500.575,0.008340092233130125,
power,D_trp_power_law,in_spec,500,0.75,False,0.0,,1.2,cvm_cramer_von_mises,asymptotic,,0.05,1000,1000,0,0,0.728,0.014071815803228808,500.575,1.0,0.0019937197826845436,500.575,0.008340092233130125,
power,D_trp_power_law,in_spec,500,0.75,False,0.0,,1.2,cvm_cramer_von_mises,permutation,,0.05,1000,1000,0,0,0.722,0.01416742743055351,500.575,1.0,0.0019937197826845436,500.575,0.008340092233130125,
power,D_trp_power_law,in_spec,500,0.75,False,0.0,,1.5,c1_lewis_robinson,asymptotic,,0.05,1000,1000,0,0,1.0,0.0,502.195,1.0,0.0019873011456791106,502.195,0.04023752590218528,
power,D_trp_power_law,in_spec,500,0.75,False,0.0,,1.5,c1_lewis_robinson,permutation,,0.05,1000,1000,0,0,1.0,0.0,502.195,1.0,0.0019873011456791106,502.195,0.04023752590218528,
power,D_trp_power_law,in_spec,500,0.75,False,0.0,,1.5,c2_anderson_darling,asymptotic,,0.05,1000,1000,0,0,1.0,0.0,502.195,1.0,0.0019873011456791106,502.195,0.04023752590218528,
power,D_trp_power_law,in_spec,500,0.75,False,0.0,,1.5,c2_anderson_darling,permutation,,0.05,1000,1000,0,0,1.0,0.0,502.195,1.0,0.0019873011456791106,502.195,0.04023752590218528,
power,D_trp_power_law,in_spec,500,0.75,False,0.0,,1.5,c5_rank_autocorr,permutation,studentized,0.05,1000,1000,0,0,0.24,0.013505554412907307,502.195,1.0,0.0019873011456791106,502.195,0.04023752590218528,
power,D_trp_power_law,in_spec,500,0.75,False,0.0,,1.5,c5_rank_autocorr,permutation,unstudentized,0.05,1000,1000,0,0,0.215,0.012991343271578963,502.195,1.0,0.0019873011456791106,502.195,0.04023752590218528,
power,D_trp_power_law,in_spec,500,0.75,False,0.0,,1.5,c6_exchangeability,permutation,,0.05,1000,1000,0,0,0.3,0.014491376746189439,502.195,1.0,0.0019873011456791106,502.195,0.04023752590218528,
power,D_trp_power_law,in_spec,500,0.75,False,0.0,,1.5,cvm_cramer_von_mises,asymptotic,,0.05,1000,1000,0,0,1.0,0.0,502.195,1.0,0.0019873011456791106,502.195,0.04023752590218528,
power,D_trp_power_law,in_spec,500,0.75,False,0.0,,1.5,cvm_cramer_von_mises,permutation,,0.05,1000,1000,0,0,1.0,0.0,502.195,1.0,0.0019873011456791106,502.195,0.04023752590218528,
power,E_copula_ar1_durations,in_spec,500,0.75,False,0.0,0.05,,c1_lewis_robinson,asymptotic,,0.05,1000,1000,0,0,0.05,0.006892024376045111,498.735,1.0,0.002001060562097912,498.735,0.045363755413933914,
power,E_copula_ar1_durations,in_spec,500,0.75,False,0.0,0.05,,c1_lewis_robinson,permutation,,0.05,1000,1000,0,0,0.049,0.006826346021115542,498.735,1.0,0.002001060562097912,498.735,0.045363755413933914,
power,E_copula_ar1_durations,in_spec,500,0.75,False,0.0,0.05,,c2_anderson_darling,asymptotic,,0.05,1000,1000,0,0,0.047,0.006692607862410586,498.735,1.0,0.002001060562097912,498.735,0.045363755413933914,
power,E_copula_ar1_durations,in_spec,500,0.75,False,0.0,0.05,,c2_anderson_darling,permutation,,0.05,1000,1000,0,0,0.051,0.00695693898205238,498.735,1.0,0.002001060562097912,498.735,0.045363755413933914,
power,E_copula_ar1_durations,in_spec,500,0.75,False,0.0,0.05,,c5_rank_autocorr,permutation,studentized,0.05,1000,1000,0,0,0.086,0.008865889690267977,498.735,1.0,0.002001060562097912,498.735,0.045363755413933914,
power,E_copula_ar1_durations,in_spec,500,0.75,False,0.0,0.05,,c5_rank_autocorr,permutation,unstudentized,0.05,1000,1000,0,0,0.086,0.008865889690267977,498.735,1.0,0.002001060562097912,498.735,0.045363755413933914,
power,E_copula_ar1_durations,in_spec,500,0.75,False,0.0,0.05,,c6_exchangeability,permutation,,0.05,1000,1000,0,0,0.097,0.00935900635751467,498.735,1.0,0.002001060562097912,498.735,0.045363755413933914,
power,E_copula_ar1_durations,in_spec,500,0.75,False,0.0,0.05,,cvm_cramer_von_mises,asymptotic,,0.05,1000,1000,0,0,0.051,0.00695693898205238,498.735,1.0,0.002001060562097912,498.735,0.045363755413933914,
power,E_copula_ar1_durations,in_spec,500,0.75,False,0.0,0.05,,cvm_cramer_von_mises,permutation,,0.05,1000,1000,0,0,0.048,0.006759881655768835,498.735,1.0,0.002001060562097912,498.735,0.045363755413933914,
power,E_copula_ar1_durations,in_spec,500,0.75,False,0.0,0.1,,c1_lewis_robinson,asymptotic,,0.05,1000,1000,0,0,0.074,0.00827792244467173,499.69,1.0,0.0019972438035510995,499.69,0.09406343868400835,
power,E_copula_ar1_durations,in_spec,500,0.75,False,0.0,0.1,,c1_lewis_robinson,permutation,,0.05,1000,1000,0,0,0.073,0.008226238508577295,499.69,1.0,0.0019972438035510995,499.69,0.09406343868400835,
power,E_copula_ar1_durations,in_spec,500,0.75,False,0.0,0.1,,c2_anderson_darling,asymptotic,,0.05,1000,1000,0,0,0.073,0.008226238508577295,499.69,1.0,0.0019972438035510995,499.69,0.09406343868400835,
power,E_copula_ar1_durations,in_spec,500,0.75,False,0.0,0.1,,c2_anderson_darling,permutation,,0.05,1000,1000,0,0,0.07,0.008068457101577725,499.69,1.0,0.0019972438035510995,499.69,0.09406343868400835,
power,E_copula_ar1_durations,in_spec,500,0.75,False,0.0,0.1,,c5_rank_autocorr,permutation,studentized,0.05,1000,1000,0,0,0.361,0.01518812035770062,499.69,1.0,0.0019972438035510995,499.69,0.09406343868400835,
power,E_copula_ar1_durations,in_spec,500,0.75,False,0.0,0.1,,c5_rank_autocorr,permutation,unstudentized,0.05,1000,1000,0,0,0.349,0.01507312177354114,499.69,1.0,0.0019972438035510995,499.69,0.09406343868400835,
power,E_copula_ar1_durations,in_spec,500,0.75,False,0.0,0.1,,c6_exchangeability,permutation,,0.05,1000,1000,0,0,0.325,0.014811313243598625,499.69,1.0,0.0019972438035510995,499.69,0.09406343868400835,
power,E_copula_ar1_durations,in_spec,500,0.75,False,0.0,0.1,,cvm_cramer_von_mises,asymptotic,,0.05,1000,1000,0,0,0.072,0.008174105455644672,499.69,1.0,0.0019972438035510995,499.69,0.09406343868400835,
power,E_copula_ar1_durations,in_spec,500,0.75,False,0.0,0.1,,cvm_cramer_von_mises,permutation,,0.05,1000,1000,0,0,0.066,0.007851369307324678,499.69,1.0,0.0019972438035510995,499.69,0.09406343868400835,
power,E_copula_ar1_durations,in_spec,500,0.75,False,0.0,0.15,,c1_lewis_robinson,asymptotic,,0.05,1000,1000,0,0,0.078,0.008480330182251162,499.427,1.0,0.001998293457387391,499.427,0.1400485915673193,
power,E_copula_ar1_durations,in_spec,500,0.75,False,0.0,0.15,,c1_lewis_robinson,permutation,,0.05,1000,1000,0,0,0.078,0.008480330182251162,499.427,1.0,0.001998293457387391,499.427,0.1400485915673193,
power,E_copula_ar1_durations,in_spec,500,0.75,False,0.0,0.15,,c2_anderson_darling,asymptotic,,0.05,1000,1000,0,0,0.088,0.008958571314668427,499.427,1.0,0.001998293457387391,499.427,0.1400485915673193,
power,E_copula_ar1_durations,in_spec,500,0.75,False,0.0,0.15,,c2_anderson_darling,permutation,,0.05,1000,1000,0,0,0.085,0.008819013550278738,499.427,1.0,0.001998293457387391,499.427,0.1400485915673193,
power,E_copula_ar1_durations,in_spec,500,0.75,False,0.0,0.15,,c5_rank_autocorr,permutation,studentized,0.05,1000,1000,0,0,0.733,0.013989674763910703,499.427,1.0,0.001998293457387391,499.427,0.1400485915673193,
power,E_copula_ar1_durations,in_spec,500,0.75,False,0.0,0.15,,c5_rank_autocorr,permutation,unstudentized,0.05,1000,1000,0,0,0.722,0.01416742743055351,499.427,1.0,0.001998293457387391,499.427,0.1400485915673193,
power,E_copula_ar1_durations,in_spec,500,0.75,False,0.0,0.15,,c6_exchangeability,permutation,,0.05,1000,1000,0,0,0.672,0.014846413708367418,499.427,1.0,0.001998293457387391,499.427,0.1400485915673193,
power,E_copula_ar1_durations,in_spec,500,0.75,False,0.0,0.15,,cvm_cramer_von_mises,asymptotic,,0.05,1000,1000,0,0,0.09,0.009049861877399014,499.427,1.0,0.001998293457387391,499.427,0.1400485915673193,
power,E_copula_ar1_durations,in_spec,500,0.75,False,0.0,0.15,,cvm_cramer_von_mises,permutation,,0.05,1000,1000,0,0,0.089,0.00900438781928011,499.427,1.0,0.001998293457387391,499.427,0.1400485915673193,
power,E_copula_ar1_durations,in_spec,500,0.75,False,0.0,0.2,,c1_lewis_robinson,asymptotic,,0.05,1000,1000,0,0,0.096,0.009315793041926168,500.527,1.0,0.00199391059703665,500.527,0.1889182028857419,
power,E_copula_ar1_durations,in_spec,500,0.75,False,0.0,0.2,,c1_lewis_robinson,permutation,,0.05,1000,1000,0,0,0.095,0.00927227048785787,500.527,1.0,0.00199391059703665,500.527,0.1889182028857419,
power,E_copula_ar1_durations,in_spec,500,0.75,False,0.0,0.2,,c2_anderson_darling,asymptotic,,0.05,1000,1000,0,0,0.108,0.009815090422405696,500.527,1.0,0.00199391059703665,500.527,0.1889182028857419,
power,E_copula_ar1_durations,in_spec,500,0.75,False,0.0,0.2,,c2_anderson_darling,permutation,,0.05,1000,1000,0,0,0.107,0.009775019181566858,500.527,1.0,0.00199391059703665,500.527,0.1889182028857419,
power,E_copula_ar1_durations,in_spec,500,0.75,False,0.0,0.2,,c5_rank_autocorr,permutation,studentized,0.05,1000,1000,0,0,0.96,0.00619677335393187,500.527,1.0,0.00199391059703665,500.527,0.1889182028857419,
power,E_copula_ar1_durations,in_spec,500,0.75,False,0.0,0.2,,c5_rank_autocorr,permutation,unstudentized,0.05,1000,1000,0,0,0.954,0.006624499981130654,500.527,1.0,0.00199391059703665,500.527,0.1889182028857419,
power,E_copula_ar1_durations,in_spec,500,0.75,False,0.0,0.2,,c6_exchangeability,permutation,,0.05,1000,1000,0,0,0.933,0.007906389820898028,500.527,1.0,0.00199391059703665,500.527,0.1889182028857419,
power,E_copula_ar1_durations,in_spec,500,0.75,False,0.0,0.2,,cvm_cramer_von_mises,asymptotic,,0.05,1000,1000,0,0,0.11,0.009894442884771228,500.527,1.0,0.00199391059703665,500.527,0.1889182028857419,
power,E_copula_ar1_durations,in_spec,500,0.75,False,0.0,0.2,,cvm_cramer_von_mises,permutation,,0.05,1000,1000,0,0,0.113,0.01001154333756789,500.527,1.0,0.00199391059703665,500.527,0.1889182028857419,
power,E_copula_ar1_durations,in_spec,500,0.75,False,0.0,0.3,,c1_lewis_robinson,asymptotic,,0.05,1000,1000,0,0,0.115,0.010088359628799918,497.218,1.0,0.0020071534950563807,497.218,0.2832008490182427,
power,E_copula_ar1_durations,in_spec,500,0.75,False,0.0,0.3,,c1_lewis_robinson,permutation,,0.05,1000,1000,0,0,0.111,0.00993373041711924,497.218,1.0,0.0020071534950563807,497.218,0.2832008490182427,
power,E_copula_ar1_durations,in_spec,500,0.75,False,0.0,0.3,,c2_anderson_darling,asymptotic,,0.05,1000,1000,0,0,0.152,0.011353237423748346,497.218,1.0,0.0020071534950563807,497.218,0.2832008490182427,
power,E_copula_ar1_durations,in_spec,500,0.75,False,0.0,0.3,,c2_anderson_darling,permutation,,0.05,1000,1000,0,0,0.147,0.011197812286335219,497.218,1.0,0.0020071534950563807,497.218,0.2832008490182427,
power,E_copula_ar1_durations,in_spec,500,0.75,False,0.0,0.3,,c5_rank_autocorr,permutation,studentized,0.05,1000,1000,0,0,1.0,0.0,497.218,1.0,0.0020071534950563807,497.218,0.2832008490182427,
power,E_copula_ar1_durations,in_spec,500,0.75,False,0.0,0.3,,c5_rank_autocorr,permutation,unstudentized,0.05,1000,1000,0,0,1.0,0.0,497.218,1.0,0.0020071534950563807,497.218,0.2832008490182427,
power,E_copula_ar1_durations,in_spec,500,0.75,False,0.0,0.3,,c6_exchangeability,permutation,,0.05,1000,1000,0,0,1.0,0.0,497.218,1.0,0.0020071534950563807,497.218,0.2832008490182427,
power,E_copula_ar1_durations,in_spec,500,0.75,False,0.0,0.3,,cvm_cramer_von_mises,asymptotic,,0.05,1000,1000,0,0,0.139,0.010939789760319894,497.218,1.0,0.0020071534950563807,497.218,0.2832008490182427,
power,E_copula_ar1_durations,in_spec,500,0.75,False,0.0,0.3,,cvm_cramer_von_mises,permutation,,0.05,1000,1000,0,0,0.139,0.010939789760319894,497.218,1.0,0.0020071534950563807,497.218,0.2832008490182427,
power,E_copula_ar1_durations,in_spec,500,0.75,False,0.0,0.5,,c1_lewis_robinson,asymptotic,,0.05,1000,1000,0,0,0.216,0.013013224043256921,502.719,1.0,0.001985233830766757,502.719,0.4759878979863337,
power,E_copula_ar1_durations,in_spec,500,0.75,False,0.0,0.5,,c1_lewis_robinson,permutation,,0.05,1000,1000,0,0,0.208,0.0128349522788361,502.719,1.0,0.001985233830766757,502.719,0.4759878979863337,
power,E_copula_ar1_durations,in_spec,500,0.75,False,0.0,0.5,,c2_anderson_darling,asymptotic,,0.05,1000,1000,0,0,0.345,0.015032464867745409,502.719,1.0,0.001985233830766757,502.719,0.4759878979863337,
power,E_copula_ar1_durations,in_spec,500,0.75,False,0.0,0.5,,c2_anderson_darling,permutation,,0.05,1000,1000,0,0,0.353,0.015112610628213776,502.719,1.0,0.001985233830766757,502.719,0.4759878979863337,
power,E_copula_ar1_durations,in_spec,500,0.75,False,0.0,0.5,,c5_rank_autocorr,permutation,studentized,0.05,1000,1000,0,0,1.0,0.0,502.719,1.0,0.001985233830766757,502.719,0.4759878979863337,
power,E_copula_ar1_durations,in_spec,500,0.75,False,0.0,0.5,,c5_rank_autocorr,permutation,unstudentized,0.05,1000,1000,0,0,1.0,0.0,502.719,1.0,0.001985233830766757,502.719,0.4759878979863337,
power,E_copula_ar1_durations,in_spec,500,0.75,False,0.0,0.5,,c6_exchangeability,permutation,,0.05,1000,1000,0,0,1.0,0.0,502.719,1.0,0.001985233830766757,502.719,0.4759878979863337,
power,E_copula_ar1_durations,in_spec,500,0.75,False,0.0,0.5,,cvm_cramer_von_mises,asymptotic,,0.05,1000,1000,0,0,0.299,0.014477534320456644,502.719,1.0,0.001985233830766757,502.719,0.4759878979863337,
power,E_copula_ar1_durations,in_spec,500,0.75,False,0.0,0.5,,cvm_cramer_von_mises,permutation,,0.05,1000,1000,0,0,0.291,0.014363808687113596,502.719,1.0,0.001985233830766757,502.719,0.4759878979863337,
power,D_trp_power_law,in_spec,500,1.5,False,0.0,,0.7,c1_lewis_robinson,asymptotic,,0.05,1000,1000,0,0,1.0,0.0,499.46,1.0,0.0019981616912440555,499.46,0.1892783897164636,
power,D_trp_power_law,in_spec,500,1.5,False,0.0,,0.7,c1_lewis_robinson,permutation,,0.05,1000,1000,0,0,1.0,0.0,499.46,1.0,0.0019981616912440555,499.46,0.1892783897164636,
power,D_trp_power_law,in_spec,500,1.5,False,0.0,,0.7,c2_anderson_darling,asymptotic,,0.05,1000,1000,0,0,1.0,0.0,499.46,1.0,0.0019981616912440555,499.46,0.1892783897164636,
power,D_trp_power_law,in_spec,500,1.5,False,0.0,,0.7,c2_anderson_darling,permutation,,0.05,1000,1000,0,0,1.0,0.0,499.46,1.0,0.0019981616912440555,499.46,0.1892783897164636,
power,D_trp_power_law,in_spec,500,1.5,False,0.0,,0.7,c5_rank_autocorr,permutation,studentized,0.05,1000,1000,0,0,0.999,0.0009994998749374613,499.46,1.0,0.0019981616912440555,499.46,0.1892783897164636,
power,D_trp_power_law,in_spec,500,1.5,False,0.0,,0.7,c5_rank_autocorr,permutation,unstudentized,0.05,1000,1000,0,0,0.999,0.0009994998749374613,499.46,1.0,0.0019981616912440555,499.46,0.1892783897164636,
power,D_trp_power_law,in_spec,500,1.5,False,0.0,,0.7,c6_exchangeability,permutation,,0.05,1000,1000,0,0,1.0,0.0,499.46,1.0,0.0019981616912440555,499.46,0.1892783897164636,
power,D_trp_power_law,in_spec,500,1.5,False,0.0,,0.7,cvm_cramer_von_mises,asymptotic,,0.05,1000,1000,0,0,1.0,0.0,499.46,1.0,0.0019981616912440555,499.46,0.1892783897164636,
power,D_trp_power_law,in_spec,500,1.5,False,0.0,,0.7,cvm_cramer_von_mises,permutation,,0.05,1000,1000,0,0,1.0,0.0,499.46,1.0,0.0019981616912440555,499.46,0.1892783897164636,
power,D_trp_power_law,in_spec,500,1.5,False,0.0,,0.85,c1_lewis_robinson,asymptotic,,0.05,1000,1000,0,0,0.997,0.0017294507798720387,499.86,1.0,0.001996565906640578,499.86,0.04043221325471234,
power,D_trp_power_law,in_spec,500,1.5,False,0.0,,0.85,c1_lewis_robinson,permutation,,0.05,1000,1000,0,0,0.996,0.0019959959919799443,499.86,1.0,0.001996565906640578,499.86,0.04043221325471234,
power,D_trp_power_law,in_spec,500,1.5,False,0.0,,0.85,c2_anderson_darling,asymptotic,,0.05,1000,1000,0,0,0.998,0.0014127986409959495,499.86,1.0,0.001996565906640578,499.86,0.04043221325471234,
power,D_trp_power_law,in_spec,500,1.5,False,0.0,,0.85,c2_anderson_darling,permutation,,0.05,1000,1000,0,0,0.998,0.0014127986409959495,499.86,1.0,0.001996565906640578,499.86,0.04043221325471234,
power,D_trp_power_law,in_spec,500,1.5,False,0.0,,0.85,c5_rank_autocorr,permutation,studentized,0.05,1000,1000,0,0,0.249,0.013674757767507255,499.86,1.0,0.001996565906640578,499.86,0.04043221325471234,
power,D_trp_power_law,in_spec,500,1.5,False,0.0,,0.85,c5_rank_autocorr,permutation,unstudentized,0.05,1000,1000,0,0,0.229,0.013287550564344055,499.86,1.0,0.001996565906640578,499.86,0.04043221325471234,
power,D_trp_power_law,in_spec,500,1.5,False,0.0,,0.85,c6_exchangeability,permutation,,0.05,1000,1000,0,0,0.315,0.01468928180681411,499.86,1.0,0.001996565906640578,499.86,0.04043221325471234,
power,D_trp_power_law,in_spec,500,1.5,False,0.0,,0.85,cvm_cramer_von_mises,asymptotic,,0.05,1000,1000,0,0,0.997,0.0017294507798720387,499.86,1.0,0.001996565906640578,499.86,0.04043221325471234,
power,D_trp_power_law,in_spec,500,1.5,False,0.0,,0.85,cvm_cramer_von_mises,permutation,,0.05,1000,1000,0,0,0.997,0.0017294507798720387,499.86,1.0,0.001996565906640578,499.86,0.04043221325471234,
power,D_trp_power_law,in_spec,500,1.5,False,0.0,,1.2,c1_lewis_robinson,asymptotic,,0.05,1000,1000,0,0,0.998,0.0014127986409959495,499.582,1.0,0.0019976747066414694,499.582,0.038035562757809976,
power,D_trp_power_law,in_spec,500,1.5,False,0.0,,1.2,c1_lewis_robinson,permutation,,0.05,1000,1000,0,0,0.999,0.0009994998749374613,499.582,1.0,0.0019976747066414694,499.582,0.038035562757809976,
power,D_trp_power_law,in_spec,500,1.5,False,0.0,,1.2,c2_anderson_darling,asymptotic,,0.05,1000,1000,0,0,1.0,0.0,499.582,1.0,0.0019976747066414694,499.582,0.038035562757809976,
power,D_trp_power_law,in_spec,500,1.5,False,0.0,,1.2,c2_anderson_darling,permutation,,0.05,1000,1000,0,0,1.0,0.0,499.582,1.0,0.0019976747066414694,499.582,0.038035562757809976,
power,D_trp_power_law,in_spec,500,1.5,False,0.0,,1.2,c5_rank_autocorr,permutation,studentized,0.05,1000,1000,0,0,0.189,0.012380589646701001,499.582,1.0,0.0019976747066414694,499.582,0.038035562757809976,
power,D_trp_power_law,in_spec,500,1.5,False,0.0,,1.2,c5_rank_autocorr,permutation,unstudentized,0.05,1000,1000,0,0,0.179,0.01212266472356635,499.582,1.0,0.0019976747066414694,499.582,0.038035562757809976,
power,D_trp_power_law,in_spec,500,1.5,False,0.0,,1.2,c6_exchangeability,permutation,,0.05,1000,1000,0,0,0.278,0.01416742743055351,499.582,1.0,0.0019976747066414694,499.582,0.038035562757809976,
power,D_trp_power_law,in_spec,500,1.5,False,0.0,,1.2,cvm_cramer_von_mises,asymptotic,,0.05,1000,1000,0,0,0.999,0.0009994998749374613,499.582,1.0,0.0019976747066414694,499.582,0.038035562757809976,
power,D_trp_power_law,in_spec,500,1.5,False,0.0,,1.2,cvm_cramer_von_mises,permutation,,0.05,1000,1000,0,0,0.999,0.0009994998749374613,499.582,1.0,0.0019976747066414694,499.582,0.038035562757809976,
power,D_trp_power_law,in_spec,500,1.5,False,0.0,,1.5,c1_lewis_robinson,asymptotic,,0.05,1000,1000,0,0,1.0,0.0,499.368,1.0,0.00199852908259521,499.368,0.13142248505597348,
power,D_trp_power_law,in_spec,500,1.5,False,0.0,,1.5,c1_lewis_robinson,permutation,,0.05,1000,1000,0,0,1.0,0.0,499.368,1.0,0.00199852908259521,499.368,0.13142248505597348,
power,D_trp_power_law,in_spec,500,1.5,False,0.0,,1.5,c2_anderson_darling,asymptotic,,0.05,1000,1000,0,0,1.0,0.0,499.368,1.0,0.00199852908259521,499.368,0.13142248505597348,
power,D_trp_power_law,in_spec,500,1.5,False,0.0,,1.5,c2_anderson_darling,permutation,,0.05,1000,1000,0,0,1.0,0.0,499.368,1.0,0.00199852908259521,499.368,0.13142248505597348,
power,D_trp_power_law,in_spec,500,1.5,False,0.0,,1.5,c5_rank_autocorr,permutation,studentized,0.05,1000,1000,0,0,0.97,0.0053944415837044735,499.368,1.0,0.00199852908259521,499.368,0.13142248505597348,
power,D_trp_power_law,in_spec,500,1.5,False,0.0,,1.5,c5_rank_autocorr,permutation,unstudentized,0.05,1000,1000,0,0,0.964,0.005891010100144119,499.368,1.0,0.00199852908259521,499.368,0.13142248505597348,
power,D_trp_power_law,in_spec,500,1.5,False,0.0,,1.5,c6_exchangeability,permutation,,0.05,1000,1000,0,0,0.993,0.002636474919281427,499.368,1.0,0.00199852908259521,499.368,0.13142248505597348,
power,D_trp_power_law,in_spec,500,1.5,False,0.0,,1.5,cvm_cramer_von_mises,asymptotic,,0.05,1000,1000,0,0,1.0,0.0,499.368,1.0,0.00199852908259521,499.368,0.13142248505597348,
power,D_trp_power_law,in_spec,500,1.5,False,0.0,,1.5,cvm_cramer_von_mises,permutation,,0.05,1000,1000,0,0,1.0,0.0,499.368,1.0,0.00199852908259521,499.368,0.13142248505597348,
power,E_copula_ar1_durations,in_spec,500,1.5,False,0.0,0.05,,c1_lewis_robinson,asymptotic,,0.05,1000,1000,0,0,0.048,0.006759881655768835,498.955,1.0,0.002000180016201458,498.955,0.04712877479939223,
power,E_copula_ar1_durations,in_spec,500,1.5,False,0.0,0.05,,c1_lewis_robinson,permutation,,0.05,1000,1000,0,0,0.051,0.00695693898205238,498.955,1.0,0.002000180016201458,498.955,0.04712877479939223,
power,E_copula_ar1_durations,in_spec,500,1.5,False,0.0,0.05,,c2_anderson_darling,asymptotic,,0.05,1000,1000,0,0,0.059,0.007451107300260815,498.955,1.0,0.002000180016201458,498.955,0.04712877479939223,
power,E_copula_ar1_durations,in_spec,500,1.5,False,0.0,0.05,,c2_anderson_darling,permutation,,0.05,1000,1000,0,0,0.061,0.0075682891065286355,498.955,1.0,0.002000180016201458,498.955,0.04712877479939223,
power,E_copula_ar1_durations,in_spec,500,1.5,False,0.0,0.05,,c5_rank_autocorr,permutation,studentized,0.05,1000,1000,0,0,0.112,0.00997276290703835,498.955,1.0,0.002000180016201458,498.955,0.04712877479939223,
power,E_copula_ar1_durations,in_spec,500,1.5,False,0.0,0.05,,c5_rank_autocorr,permutation,unstudentized,0.05,1000,1000,0,0,0.108,0.009815090422405696,498.955,1.0,0.002000180016201458,498.955,0.04712877479939223,
power,E_copula_ar1_durations,in_spec,500,1.5,False,0.0,0.05,,c6_exchangeability,permutation,,0.05,1000,1000,0,0,0.096,0.009315793041926168,498.955,1.0,0.002000180016201458,498.955,0.04712877479939223,
power,E_copula_ar1_durations,in_spec,500,1.5,False,0.0,0.05,,cvm_cramer_von_mises,asymptotic,,0.05,1000,1000,0,0,0.049,0.006826346021115542,498.955,1.0,0.002000180016201458,498.955,0.04712877479939223,
power,E_copula_ar1_durations,in_spec,500,1.5,False,0.0,0.05,,cvm_cramer_von_mises,permutation,,0.05,1000,1000,0,0,0.051,0.00695693898205238,498.955,1.0,0.002000180016201458,498.955,0.04712877479939223,
power,E_copula_ar1_durations,in_spec,500,1.5,False,0.0,0.1,,c1_lewis_robinson,asymptotic,,0.05,1000,1000,0,0,0.056,0.007270763371201128,500.193,1.0,0.0019952393588896894,500.193,0.09206063752404409,
power,E_copula_ar1_durations,in_spec,500,1.5,False,0.0,0.1,,c1_lewis_robinson,permutation,,0.05,1000,1000,0,0,0.058,0.007391616873188166,500.193,1.0,0.0019952393588896894,500.193,0.09206063752404409,
power,E_copula_ar1_durations,in_spec,500,1.5,False,0.0,0.1,,c2_anderson_darling,asymptotic,,0.05,1000,1000,0,0,0.071,0.008121514637061242,500.193,1.0,0.0019952393588896894,500.193,0.09206063752404409,
power,E_copula_ar1_durations,in_spec,500,1.5,False,0.0,0.1,,c2_anderson_darling,permutation,,0.05,1000,1000,0,0,0.065,0.007795832219846705,500.193,1.0,0.0019952393588896894,500.193,0.09206063752404409,
power,E_copula_ar1_durations,in_spec,500,1.5,False,0.0,0.1,,c5_rank_autocorr,permutation,studentized,0.05,1000,1000,0,0,0.336,0.014936666294725875,500.193,1.0,0.0019952393588896894,500.193,0.09206063752404409,
power,E_copula_ar1_durations,in_spec,500,1.5,False,0.0,0.1,,c5_rank_autocorr,permutation,unstudentized,0.05,1000,1000,0,0,0.311,0.014638271755914358,500.193,1.0,0.0019952393588896894,500.193,0.09206063752404409,
power,E_copula_ar1_durations,in_spec,500,1.5,False,0.0,0.1,,c6_exchangeability,permutation,,0.05,1000,1000,0,0,0.314,0.01467664811869522,500.193,1.0,0.0019952393588896894,500.193,0.09206063752404409,
power,E_copula_ar1_durations,in_spec,500,1.5,False,0.0,0.1,,cvm_cramer_von_mises,asymptotic,,0.05,1000,1000,0,0,0.059,0.007451107300260815,500.193,1.0,0.0019952393588896894,500.193,0.09206063752404409,
power,E_copula_ar1_durations,in_spec,500,1.5,False,0.0,0.1,,cvm_cramer_von_mises,permutation,,0.05,1000,1000,0,0,0.064,0.007739767438366608,500.193,1.0,0.0019952393588896894,500.193,0.09206063752404409,
power,E_copula_ar1_durations,in_spec,500,1.5,False,0.0,0.15,,c1_lewis_robinson,asymptotic,,0.05,1000,1000,0,0,0.091,0.009094998625618368,499.855,1.0,0.0019965858382166492,499.855,0.1419888111169703,
power,E_copula_ar1_durations,in_spec,500,1.5,False,0.0,0.15,,c1_lewis_robinson,permutation,,0.05,1000,1000,0,0,0.094,0.009228434320078352,499.855,1.0,0.0019965858382166492,499.855,0.1419888111169703,
power,E_copula_ar1_durations,in_spec,500,1.5,False,0.0,0.15,,c2_anderson_darling,asymptotic,,0.05,1000,1000,0,0,0.119,0.010239091756596383,499.855,1.0,0.0019965858382166492,499.855,0.1419888111169703,
power,E_copula_ar1_durations,in_spec,500,1.5,False,0.0,0.15,,c2_anderson_darling,permutation,,0.05,1000,1000,0,0,0.116,0.010126401137620413,499.855,1.0,0.0019965858382166492,499.855,0.1419888111169703,
power,E_copula_ar1_durations,in_spec,500,1.5,False,0.0,0.15,,c5_rank_autocorr,permutation,studentized,0.05,1000,1000,0,0,0.759,0.013524755080961725,499.855,1.0,0.0019965858382166492,499.855,0.1419888111169703,
power,E_copula_ar1_durations,in_spec,500,1.5,False,0.0,0.15,,c5_rank_autocorr,permutation,unstudentized,0.05,1000,1000,0,0,0.747,0.013747399754135324,499.855,1.0,0.0019965858382166492,499.855,0.1419888111169703,
power,E_copula_ar1_durations,in_spec,500,1.5,False,0.0,0.15,,c6_exchangeability,permutation,,0.05,1000,1000,0,0,0.683,0.014714312760030622,499.855,1.0,0.0019965858382166492,499.855,0.1419888111169703,
power,E_copula_ar1_durations,in_spec,500,1.5,False,0.0,0.15,,cvm_cramer_von_mises,asymptotic,,0.05,1000,1000,0,0,0.102,0.009570579919733181,499.855,1.0,0.0019965858382166492,499.855,0.1419888111169703,
power,E_copula_ar1_durations,in_spec,500,1.5,False,0.0,0.15,,cvm_cramer_von_mises,permutation,,0.05,1000,1000,0,0,0.104,0.009653186002558949,499.855,1.0,0.0019965858382166492,499.855,0.1419888111169703,
power,E_copula_ar1_durations,in_spec,500,1.5,False,0.0,0.2,,c1_lewis_robinson,asymptotic,,0.05,1000,1000,0,0,0.112,0.00997276290703835,500.161,1.0,0.001995366758387025,500.161,0.18483852899968461,
power,E_copula_ar1_durations,in_spec,500,1.5,False,0.0,0.2,,c1_lewis_robinson,permutation,,0.05,1000,1000,0,0,0.107,0.009775019181566858,500.161,1.0,0.001995366758387025,500.161,0.18483852899968461,
power,E_copula_ar1_durations,in_spec,500,1.5,False,0.0,0.2,,c2_anderson_darling,asymptotic,,0.05,1000,1000,0,0,0.131,0.010669536072388528,500.161,1.0,0.001995366758387025,500.161,0.18483852899968461,
power,E_copula_ar1_durations,in_spec,500,1.5,False,0.0,0.2,,c2_anderson_darling,permutation,,0.05,1000,1000,0,0,0.133,0.010738295954200556,500.161,1.0,0.001995366758387025,500.161,0.18483852899968461,
power,E_copula_ar1_durations,in_spec,500,1.5,False,0.0,0.2,,c5_rank_autocorr,permutation,studentized,0.05,1000,1000,0,0,0.948,0.007021111023192843,500.161,1.0,0.001995366758387025,500.161,0.18483852899968461,
power,E_copula_ar1_durations,in_spec,500,1.5,False,0.0,0.2,,c5_rank_autocorr,permutation,unstudentized,0.05,1000,1000,0,0,0.948,0.007021111023192843,500.161,1.0,0.001995366758387025,500.161,0.18483852899968461,
power,E_copula_ar1_durations,in_spec,500,1.5,False,0.0,0.2,,c6_exchangeability,permutation,,0.05,1000,1000,0,0,0.914,0.008865889690267975,500.161,1.0,0.001995366758387025,500.161,0.18483852899968461,
power,E_copula_ar1_durations,in_spec,500,1.5,False,0.0,0.2,,cvm_cramer_von_mises,asymptotic,,0.05,1000,1000,0,0,0.13,0.010634848376916336,500.161,1.0,0.001995366758387025,500.161,0.18483852899968461,
power,E_copula_ar1_durations,in_spec,500,1.5,False,0.0,0.2,,cvm_cramer_von_mises,permutation,,0.05,1000,1000,0,0,0.124,0.010422283818818216,500.161,1.0,0.001995366758387025,500.161,0.18483852899968461,
power,E_copula_ar1_durations,in_spec,500,1.5,False,0.0,0.3,,c1_lewis_robinson,asymptotic,,0.05,1000,1000,0,0,0.143,0.011070275515993266,500.019,1.0,0.001995932289992994,500.019,0.2826829105028919,
power,E_copula_ar1_durations,in_spec,500,1.5,False,0.0,0.3,,c1_lewis_robinson,permutation,,0.05,1000,1000,0,0,0.135,0.010806248192596726,500.019,1.0,0.001995932289992994,500.019,0.2826829105028919,
power,E_copula_ar1_durations,in_spec,500,1.5,False,0.0,0.3,,c2_anderson_darling,asymptotic,,0.05,1000,1000,0,0,0.191,0.012430567163247218,500.019,1.0,0.001995932289992994,500.019,0.2826829105028919,
power,E_copula_ar1_durations,in_spec,500,1.5,False,0.0,0.3,,c2_anderson_darling,permutation,,0.05,1000,1000,0,0,0.188,0.012355403676124872,500.019,1.0,0.001995932289992994,500.019,0.2826829105028919,
power,E_copula_ar1_durations,in_spec,500,1.5,False,0.0,0.3,,c5_rank_autocorr,permutation,studentized,0.05,1000,1000,0,0,1.0,0.0,500.019,1.0,0.001995932289992994,500.019,0.2826829105028919,
power,E_copula_ar1_durations,in_spec,500,1.5,False,0.0,0.3,,c5_rank_autocorr,permutation,unstudentized,0.05,1000,1000,0,0,1.0,0.0,500.019,1.0,0.001995932289992994,500.019,0.2826829105028919,
power,E_copula_ar1_durations,in_spec,500,1.5,False,0.0,0.3,,c6_exchangeability,permutation,,0.05,1000,1000,0,0,1.0,0.0,500.019,1.0,0.001995932289992994,500.019,0.2826829105028919,
power,E_copula_ar1_durations,in_spec,500,1.5,False,0.0,0.3,,cvm_cramer_von_mises,asymptotic,,0.05,1000,1000,0,0,0.176,0.012042591083317577,500.019,1.0,0.001995932289992994,500.019,0.2826829105028919,
power,E_copula_ar1_durations,in_spec,500,1.5,False,0.0,0.3,,cvm_cramer_von_mises,permutation,,0.05,1000,1000,0,0,0.173,0.011961229033840962,500.019,1.0,0.001995932289992994,500.019,0.2826829105028919,
power,E_copula_ar1_durations,in_spec,500,1.5,False,0.0,0.5,,c1_lewis_robinson,asymptotic,,0.05,1000,1000,0,0,0.265,0.013956181426163821,500.958,1.0,0.0019921985504763344,500.958,0.47696775654595364,
power,E_copula_ar1_durations,in_spec,500,1.5,False,0.0,0.5,,c1_lewis_robinson,permutation,,0.05,1000,1000,0,0,0.26,0.013870832707519763,500.958,1.0,0.0019921985504763344,500.958,0.47696775654595364,
power,E_copula_ar1_durations,in_spec,500,1.5,False,0.0,0.5,,c2_anderson_darling,asymptotic,,0.05,1000,1000,0,0,0.428,0.015646597074124458,500.958,1.0,0.0019921985504763344,500.958,0.47696775654595364,
power,E_copula_ar1_durations,in_spec,500,1.5,False,0.0,0.5,,c2_anderson_darling,permutation,,0.05,1000,1000,0,0,0.416,0.01558666096378567,500.958,1.0,0.0019921985504763344,500.958,0.47696775654595364,
power,E_copula_ar1_durations,in_spec,500,1.5,False,0.0,0.5,,c5_rank_autocorr,permutation,studentized,0.05,1000,1000,0,0,1.0,0.0,500.958,1.0,0.0019921985504763344,500.958,0.47696775654595364,
power,E_copula_ar1_durations,in_spec,500,1.5,False,0.0,0.5,,c5_rank_autocorr,permutation,unstudentized,0.05,1000,1000,0,0,1.0,0.0,500.958,1.0,0.0019921985504763344,500.958,0.47696775654595364,
power,E_copula_ar1_durations,in_spec,500,1.5,False,0.0,0.5,,c6_exchangeability,permutation,,0.05,1000,1000,0,0,1.0,0.0,500.958,1.0,0.0019921985504763344,500.958,0.47696775654595364,
power,E_copula_ar1_durations,in_spec,500,1.5,False,0.0,0.5,,cvm_cramer_von_mises,asymptotic,,0.05,1000,1000,0,0,0.362,0.015197236590906913,500.958,1.0,0.0019921985504763344,500.958,0.47696775654595364,
power,E_copula_ar1_durations,in_spec,500,1.5,False,0.0,0.5,,cvm_cramer_von_mises,permutation,,0.05,1000,1000,0,0,0.357,0.015150940564862632,500.958,1.0,0.0019921985504763344,500.958,0.47696775654595364,
power,C_ar1_reads_carved,calendar,500,,False,0.0,0.05,,c1_lewis_robinson,asymptotic,,0.05,1000,1000,0,0,0.051,0.00695693898205238,485.618,1.0,0.00205500002055,12.305,-0.002664234470452328,
power,C_ar1_reads_carved,calendar,500,,False,0.0,0.05,,c1_lewis_robinson,permutation,,0.05,1000,1000,0,0,0.046,0.006624499981130651,485.618,1.0,0.00205500002055,12.305,-0.002664234470452328,
power,C_ar1_reads_carved,calendar,500,,False,0.0,0.05,,c2_anderson_darling,asymptotic,,0.05,1000,1000,0,0,0.052,0.007021111023192838,485.618,1.0,0.00205500002055,12.305,-0.002664234470452328,
power,C_ar1_reads_carved,calendar,500,,False,0.0,0.05,,c2_anderson_darling,permutation,,0.05,1000,1000,0,0,0.044,0.006485676526007136,485.618,1.0,0.00205500002055,12.305,-0.002664234470452328,
power,C_ar1_reads_carved,calendar,500,,False,0.0,0.05,,c5_rank_autocorr,permutation,studentized,0.05,1000,1000,0,0,0.048,0.006759881655768835,485.618,1.0,0.00205500002055,12.305,-0.002664234470452328,
power,C_ar1_reads_carved,calendar,500,,False,0.0,0.05,,c5_rank_autocorr,permutation,unstudentized,0.05,1000,1000,0,0,0.046,0.006624499981130651,485.618,1.0,0.00205500002055,12.305,-0.002664234470452328,
power,C_ar1_reads_carved,calendar,500,,False,0.0,0.05,,c6_exchangeability,permutation,,0.05,1000,1000,0,0,0.055,0.00720936890441875,485.618,1.0,0.00205500002055,12.305,-0.002664234470452328,
power,C_ar1_reads_carved,calendar,500,,False,0.0,0.05,,cvm_cramer_von_mises,asymptotic,,0.05,1000,1000,0,0,0.048,0.006759881655768835,485.618,1.0,0.00205500002055,12.305,-0.002664234470452328,
power,C_ar1_reads_carved,calendar,500,,False,0.0,0.05,,cvm_cramer_von_mises,permutation,,0.05,1000,1000,0,0,0.045,0.0065555320150236475,485.618,1.0,0.00205500002055,12.305,-0.002664234470452328,
power,C_ar1_reads_carved,in_spec,500,,False,0.0,0.05,,c5_rank_autocorr,permutation,studentized,0.05,1000,1000,0,0,0.053,0.00708456067798138,485.844,1.0,0.002054046059928848,9.702,-0.000310095462956371,
power,C_ar1_reads_carved,in_spec,500,,False,0.0,0.05,,c5_rank_autocorr,permutation,unstudentized,0.05,1000,1000,0,0,0.052,0.007021111023192838,485.844,1.0,0.002054046059928848,9.702,-0.000310095462956371,
power,C_ar1_reads_carved,in_spec,500,,False,0.0,0.05,,c6_exchangeability,permutation,,0.05,1000,1000,0,0,0.05,0.006892024376045111,485.844,1.0,0.002054046059928848,9.702,-0.000310095462956371,
power,C_ar1_reads_carved,in_spec,500,,False,0.0,0.05,,cvm_cramer_von_mises,permutation,,0.05,1000,1000,0,0,0.041,0.006270486424512854,485.844,1.0,0.002054046059928848,9.702,-0.000310095462956371,
power,C_ar1_reads_carved,calendar,500,,False,0.0,0.1,,c1_lewis_robinson,asymptotic,,0.05,1000,1000,0,0,0.051,0.00695693898205238,469.725,1.0,0.0021243826013064952,12.776,-0.00032563496113741645,
power,C_ar1_reads_carved,calendar,500,,False,0.0,0.1,,c1_lewis_robinson,permutation,,0.05,1000,1000,0,0,0.051,0.00695693898205238,469.725,1.0,0.0021243826013064952,12.776,-0.00032563496113741645,
power,C_ar1_reads_carved,calendar,500,,False,0.0,0.1,,c2_anderson_darling,asymptotic,,0.05,1000,1000,0,0,0.043,0.006414904519944158,469.725,1.0,0.0021243826013064952,12.776,-0.00032563496113741645,
power,C_ar1_reads_carved,calendar,500,,False,0.0,0.1,,c2_anderson_darling,permutation,,0.05,1000,1000,0,0,0.044,0.006485676526007136,469.725,1.0,0.0021243826013064952,12.776,-0.00032563496113741645,
power,C_ar1_reads_carved,calendar,500,,False,0.0,0.1,,c5_rank_autocorr,permutation,studentized,0.05,1000,1000,0,0,0.05,0.006892024376045111,469.725,1.0,0.0021243826013064952,12.776,-0.00032563496113741645,
power,C_ar1_reads_carved,calendar,500,,False,0.0,0.1,,c5_rank_autocorr,permutation,unstudentized,0.05,1000,1000,0,0,0.05,0.006892024376045111,469.725,1.0,0.0021243826013064952,12.776,-0.00032563496113741645,
power,C_ar1_reads_carved,calendar,500,,False,0.0,0.1,,c6_exchangeability,permutation,,0.05,1000,1000,0,0,0.044,0.006485676526007136,469.725,1.0,0.0021243826013064952,12.776,-0.00032563496113741645,
power,C_ar1_reads_carved,calendar,500,,False,0.0,0.1,,cvm_cramer_von_mises,asymptotic,,0.05,1000,1000,0,0,0.044,0.006485676526007136,469.725,1.0,0.0021243826013064952,12.776,-0.00032563496113741645,
power,C_ar1_reads_carved,calendar,500,,False,0.0,0.1,,cvm_cramer_von_mises,permutation,,0.05,1000,1000,0,0,0.043,0.006414904519944158,469.725,1.0,0.0021243826013064952,12.776,-0.00032563496113741645,
power,C_ar1_reads_carved,in_spec,500,,False,0.0,0.1,,c5_rank_autocorr,permutation,studentized,0.05,1000,1000,0,0,0.053,0.00708456067798138,469.12,1.0,0.002127116480898494,9.976,-0.0021967504876258914,
power,C_ar1_reads_carved,in_spec,500,,False,0.0,0.1,,c5_rank_autocorr,permutation,unstudentized,0.05,1000,1000,0,0,0.054,0.007147307185227175,469.12,1.0,0.002127116480898494,9.976,-0.0021967504876258914,
power,C_ar1_reads_carved,in_spec,500,,False,0.0,0.1,,c6_exchangeability,permutation,,0.05,1000,1000,0,0,0.054,0.007147307185227175,469.12,1.0,0.002127116480898494,9.976,-0.0021967504876258914,
power,C_ar1_reads_carved,in_spec,500,,False,0.0,0.1,,cvm_cramer_von_mises,permutation,,0.05,1000,1000,0,0,0.056,0.007270763371201128,469.12,1.0,0.002127116480898494,9.976,-0.0021967504876258914,
power,C_ar1_reads_carved,calendar,500,,False,0.0,0.15,,c1_lewis_robinson,asymptotic,,0.05,1000,1000,0,0,0.054,0.007147307185227175,453.326,1.0,0.0022010626730585526,13.408,-0.003946108154930801,
power,C_ar1_reads_carved,calendar,500,,False,0.0,0.15,,c1_lewis_robinson,permutation,,0.05,1000,1000,0,0,0.054,0.007147307185227175,453.326,1.0,0.0022010626730585526,13.408,-0.003946108154930801,
power,C_ar1_reads_carved,calendar,500,,False,0.0,0.15,,c2_anderson_darling,asymptotic,,0.05,1000,1000,0,0,0.052,0.007021111023192838,453.326,1.0,0.0022010626730585526,13.408,-0.003946108154930801,
power,C_ar1_reads_carved,calendar,500,,False,0.0,0.15,,c2_anderson_darling,permutation,,0.05,1000,1000,0,0,0.053,0.00708456067798138,453.326,1.0,0.0022010626730585526,13.408,-0.003946108154930801,
power,C_ar1_reads_carved,calendar,500,,False,0.0,0.15,,c5_rank_autocorr,permutation,studentized,0.05,1000,1000,0,0,0.059,0.007451107300260815,453.326,1.0,0.0022010626730585526,13.408,-0.003946108154930801,
power,C_ar1_reads_carved,calendar,500,,False,0.0,0.15,,c5_rank_autocorr,permutation,unstudentized,0.05,1000,1000,0,0,0.059,0.007451107300260815,453.326,1.0,0.0022010626730585526,13.408,-0.003946108154930801,
power,C_ar1_reads_carved,calendar,500,,False,0.0,0.15,,c6_exchangeability,permutation,,0.05,1000,1000,0,0,0.052,0.007021111023192838,453.326,1.0,0.0022010626730585526,13.408,-0.003946108154930801,
power,C_ar1_reads_carved,calendar,500,,False,0.0,0.15,,cvm_cramer_von_mises,asymptotic,,0.05,1000,1000,0,0,0.05,0.006892024376045111,453.326,1.0,0.0022010626730585526,13.408,-0.003946108154930801,
power,C_ar1_reads_carved,calendar,500,,False,0.0,0.15,,cvm_cramer_von_mises,permutation,,0.05,1000,1000,0,0,0.052,0.007021111023192838,453.326,1.0,0.0022010626730585526,13.408,-0.003946108154930801,
power,C_ar1_reads_carved,in_spec,500,,False,0.0,0.15,,c5_rank_autocorr,permutation,studentized,0.05,1000,1000,0,0,0.046,0.006624499981130651,453.882,1.0,0.0021983723251304734,10.323,-0.004364615247775914,
power,C_ar1_reads_carved,in_spec,500,,False,0.0,0.15,,c5_rank_autocorr,permutation,unstudentized,0.05,1000,1000,0,0,0.047,0.006692607862410586,453.882,1.0,0.0021983723251304734,10.323,-0.004364615247775914,
power,C_ar1_reads_carved,in_spec,500,,False,0.0,0.15,,c6_exchangeability,permutation,,0.05,1000,1000,0,0,0.037,0.005969170796685248,453.882,1.0,0.0021983723251304734,10.323,-0.004364615247775914,
power,C_ar1_reads_carved,in_spec,500,,False,0.0,0.15,,cvm_cramer_von_mises,permutation,,0.05,1000,1000,0,0,0.044,0.006485676526007136,453.882,1.0,0.0021983723251304734,10.323,-0.004364615247775914,
power,C_ar1_reads_carved,calendar,500,,False,0.0,0.2,,c1_lewis_robinson,asymptotic,,0.05,1000,1000,0,0,0.057,0.007331507348424334,437.187,1.0,0.0022821306884960074,13.915,-0.0011554491405650817,
power,C_ar1_reads_carved,calendar,500,,False,0.0,0.2,,c1_lewis_robinson,permutation,,0.05,1000,1000,0,0,0.057,0.007331507348424334,437.187,1.0,0.0022821306884960074,13.915,-0.0011554491405650817,
power,C_ar1_reads_carved,calendar,500,,False,0.0,0.2,,c2_anderson_darling,asymptotic,,0.05,1000,1000,0,0,0.054,0.007147307185227175,437.187,1.0,0.0022821306884960074,13.915,-0.0011554491405650817,
power,C_ar1_reads_carved,calendar,500,,False,0.0,0.2,,c2_anderson_darling,permutation,,0.05,1000,1000,0,0,0.054,0.007147307185227175,437.187,1.0,0.0022821306884960074,13.915,-0.0011554491405650817,
power,C_ar1_reads_carved,calendar,500,,False,0.0,0.2,,c5_rank_autocorr,permutation,studentized,0.05,1000,1000,0,0,0.052,0.007021111023192838,437.187,1.0,0.0022821306884960074,13.915,-0.0011554491405650817,
power,C_ar1_reads_carved,calendar,500,,False,0.0,0.2,,c5_rank_autocorr,permutation,unstudentized,0.05,1000,1000,0,0,0.053,0.00708456067798138,437.187,1.0,0.0022821306884960074,13.915,-0.0011554491405650817,
power,C_ar1_reads_carved,calendar,500,,False,0.0,0.2,,c6_exchangeability,permutation,,0.05,1000,1000,0,0,0.052,0.007021111023192838,437.187,1.0,0.0022821306884960074,13.915,-0.0011554491405650817,
power,C_ar1_reads_carved,calendar,500,,False,0.0,0.2,,cvm_cramer_von_mises,asymptotic,,0.05,1000,1000,0,0,0.054,0.007147307185227175,437.187,1.0,0.0022821306884960074,13.915,-0.0011554491405650817,
power,C_ar1_reads_carved,calendar,500,,False,0.0,0.2,,cvm_cramer_von_mises,permutation,,0.05,1000,1000,0,0,0.056,0.007270763371201128,437.187,1.0,0.0022821306884960074,13.915,-0.0011554491405650817,
power,C_ar1_reads_carved,in_spec,500,,False,0.0,0.2,,c5_rank_autocorr,permutation,studentized,0.05,1000,1000,0,0,0.048,0.006759881655768835,438.209,1.0,0.00227682037481017,10.736,-0.003519959257804797,
power,C_ar1_reads_carved,in_spec,500,,False,0.0,0.2,,c5_rank_autocorr,permutation,unstudentized,0.05,1000,1000,0,0,0.045,0.0065555320150236475,438.209,1.0,0.00227682037481017,10.736,-0.003519959257804797,
power,C_ar1_reads_carved,in_spec,500,,False,0.0,0.2,,c6_exchangeability,permutation,,0.05,1000,1000,0,0,0.044,0.006485676526007136,438.209,1.0,0.00227682037481017,10.736,-0.003519959257804797,
power,C_ar1_reads_carved,in_spec,500,,False,0.0,0.2,,cvm_cramer_von_mises,permutation,,0.05,1000,1000,0,0,0.037,0.005969170796685248,438.209,1.0,0.00227682037481017,10.736,-0.003519959257804797,
power,C_ar1_reads_carved,calendar,500,,False,0.0,0.3,,c1_lewis_robinson,asymptotic,,0.05,1000,1000,0,0,0.049,0.006826346021115542,404.275,1.0,0.0024674603664178647,15.167,0.0013364952720992989,
power,C_ar1_reads_carved,calendar,500,,False,0.0,0.3,,c1_lewis_robinson,permutation,,0.05,1000,1000,0,0,0.05,0.006892024376045111,404.275,1.0,0.0024674603664178647,15.167,0.0013364952720992989,
power,C_ar1_reads_carved,calendar,500,,False,0.0,0.3,,c2_anderson_darling,asymptotic,,0.05,1000,1000,0,0,0.051,0.00695693898205238,404.275,1.0,0.0024674603664178647,15.167,0.0013364952720992989,
power,C_ar1_reads_carved,calendar,500,,False,0.0,0.3,,c2_anderson_darling,permutation,,0.05,1000,1000,0,0,0.051,0.00695693898205238,404.275,1.0,0.0024674603664178647,15.167,0.0013364952720992989,
power,C_ar1_reads_carved,calendar,500,,False,0.0,0.3,,c5_rank_autocorr,permutation,studentized,0.05,1000,1000,0,0,0.051,0.00695693898205238,404.275,1.0,0.0024674603664178647,15.167,0.0013364952720992989,
power,C_ar1_reads_carved,calendar,500,,False,0.0,0.3,,c5_rank_autocorr,permutation,unstudentized,0.05,1000,1000,0,0,0.051,0.00695693898205238,404.275,1.0,0.0024674603664178647,15.167,0.0013364952720992989,
power,C_ar1_reads_carved,calendar,500,,False,0.0,0.3,,c6_exchangeability,permutation,,0.05,1000,1000,0,0,0.057,0.007331507348424334,404.275,1.0,0.0024674603664178647,15.167,0.0013364952720992989,
power,C_ar1_reads_carved,calendar,500,,False,0.0,0.3,,cvm_cramer_von_mises,asymptotic,,0.05,1000,1000,0,0,0.05,0.006892024376045111,404.275,1.0,0.0024674603664178647,15.167,0.0013364952720992989,
power,C_ar1_reads_carved,calendar,500,,False,0.0,0.3,,cvm_cramer_von_mises,permutation,,0.05,1000,1000,0,0,0.052,0.007021111023192838,404.275,1.0,0.0024674603664178647,15.167,0.0013364952720992989,
power,C_ar1_reads_carved,in_spec,500,,False,0.0,0.3,,c5_rank_autocorr,permutation,studentized,0.05,1000,1000,0,0,0.062,0.007626008130076967,404.862,1.0,0.0024638916676111584,11.689,-0.0023063786303748526,
power,C_ar1_reads_carved,in_spec,500,,False,0.0,0.3,,c5_rank_autocorr,permutation,unstudentized,0.05,1000,1000,0,0,0.061,0.0075682891065286355,404.862,1.0,0.0024638916676111584,11.689,-0.0023063786303748526,
power,C_ar1_reads_carved,in_spec,500,,False,0.0,0.3,,c6_exchangeability,permutation,,0.05,1000,1000,0,0,0.062,0.007626008130076967,404.862,1.0,0.0024638916676111584,11.689,-0.0023063786303748526,
power,C_ar1_reads_carved,in_spec,500,,False,0.0,0.3,,cvm_cramer_von_mises,permutation,,0.05,1000,1000,0,0,0.059,0.007451107300260815,404.862,1.0,0.0024638916676111584,11.689,-0.0023063786303748526,
power,C_ar1_reads_carved,calendar,500,,False,0.0,0.5,,c1_lewis_robinson,asymptotic,,0.05,1000,1000,0,0,0.053,0.00708456067798138,334.253,1.0,0.0029828219285136896,18.835,-0.003301847369720028,
power,C_ar1_reads_carved,calendar,500,,False,0.0,0.5,,c1_lewis_robinson,permutation,,0.05,1000,1000,0,0,0.051,0.00695693898205238,334.253,1.0,0.0029828219285136896,18.835,-0.003301847369720028,
power,C_ar1_reads_carved,calendar,500,,False,0.0,0.5,,c2_anderson_darling,asymptotic,,0.05,1000,1000,0,0,0.055,0.00720936890441875,334.253,1.0,0.0029828219285136896,18.835,-0.003301847369720028,
power,C_ar1_reads_carved,calendar,500,,False,0.0,0.5,,c2_anderson_darling,permutation,,0.05,1000,1000,0,0,0.052,0.007021111023192838,334.253,1.0,0.0029828219285136896,18.835,-0.003301847369720028,
power,C_ar1_reads_carved,calendar,500,,False,0.0,0.5,,c5_rank_autocorr,permutation,studentized,0.05,1000,1000,0,0,0.057,0.007331507348424334,334.253,1.0,0.0029828219285136896,18.835,-0.003301847369720028,
power,C_ar1_reads_carved,calendar,500,,False,0.0,0.5,,c5_rank_autocorr,permutation,unstudentized,0.05,1000,1000,0,0,0.055,0.00720936890441875,334.253,1.0,0.0029828219285136896,18.835,-0.003301847369720028,
power,C_ar1_reads_carved,calendar,500,,False,0.0,0.5,,c6_exchangeability,permutation,,0.05,1000,1000,0,0,0.047,0.006692607862410586,334.253,1.0,0.0029828219285136896,18.835,-0.003301847369720028,
power,C_ar1_reads_carved,calendar,500,,False,0.0,0.5,,cvm_cramer_von_mises,asymptotic,,0.05,1000,1000,0,0,0.058,0.007391616873188166,334.253,1.0,0.0029828219285136896,18.835,-0.003301847369720028,
power,C_ar1_reads_carved,calendar,500,,False,0.0,0.5,,cvm_cramer_von_mises,permutation,,0.05,1000,1000,0,0,0.054,0.007147307185227175,334.253,1.0,0.0029828219285136896,18.835,-0.003301847369720028,
power,C_ar1_reads_carved,in_spec,500,,False,0.0,0.5,,c5_rank_autocorr,permutation,studentized,0.05,1000,1000,0,0,0.055,0.00720936890441875,335.106,1.0,0.0029752518550695316,14.289,-0.002636802420284608,
power,C_ar1_reads_carved,in_spec,500,,False,0.0,0.5,,c5_rank_autocorr,permutation,unstudentized,0.05,1000,1000,0,0,0.054,0.007147307185227175,335.106,1.0,0.0029752518550695316,14.289,-0.002636802420284608,
power,C_ar1_reads_carved,in_spec,500,,False,0.0,0.5,,c6_exchangeability,permutation,,0.05,1000,1000,0,0,0.041,0.006270486424512854,335.106,1.0,0.0029752518550695316,14.289,-0.002636802420284608,
power,C_ar1_reads_carved,in_spec,500,,False,0.0,0.5,,cvm_cramer_von_mises,permutation,,0.05,1000,1000,0,0,0.055,0.00720936890441875,335.106,1.0,0.0029752518550695316,14.289,-0.002636802420284608,
power,D_trp_power_law,in_spec,700,0.75,False,0.0,,0.7,c1_lewis_robinson,asymptotic,,0.05,1000,1000,0,0,1.0,0.0,700.077,1.0,0.0014263768459099357,700.077,0.0668133391516157,
power,D_trp_power_law,in_spec,700,0.75,False,0.0,,0.7,c1_lewis_robinson,permutation,,0.05,1000,1000,0,0,1.0,0.0,700.077,1.0,0.0014263768459099357,700.077,0.0668133391516157,
power,D_trp_power_law,in_spec,700,0.75,False,0.0,,0.7,c2_anderson_darling,asymptotic,,0.05,1000,1000,0,0,1.0,0.0,700.077,1.0,0.0014263768459099357,700.077,0.0668133391516157,
power,D_trp_power_law,in_spec,700,0.75,False,0.0,,0.7,c2_anderson_darling,permutation,,0.05,1000,1000,0,0,1.0,0.0,700.077,1.0,0.0014263768459099357,700.077,0.0668133391516157,
power,D_trp_power_law,in_spec,700,0.75,False,0.0,,0.7,c5_rank_autocorr,permutation,studentized,0.05,1000,1000,0,0,0.624,0.015317441039547044,700.077,1.0,0.0014263768459099357,700.077,0.0668133391516157,
power,D_trp_power_law,in_spec,700,0.75,False,0.0,,0.7,c5_rank_autocorr,permutation,unstudentized,0.05,1000,1000,0,0,0.603,0.01547226550961429,700.077,1.0,0.0014263768459099357,700.077,0.0668133391516157,
power,D_trp_power_law,in_spec,700,0.75,False,0.0,,0.7,c6_exchangeability,permutation,,0.05,1000,1000,0,0,0.752,0.01365635383255721,700.077,1.0,0.0014263768459099357,700.077,0.0668133391516157,
power,D_trp_power_law,in_spec,700,0.75,False,0.0,,0.7,cvm_cramer_von_mises,asymptotic,,0.05,1000,1000,0,0,1.0,0.0,700.077,1.0,0.0014263768459099357,700.077,0.0668133391516157,
power,D_trp_power_law,in_spec,700,0.75,False,0.0,,0.7,cvm_cramer_von_mises,permutation,,0.05,1000,1000,0,0,1.0,0.0,700.077,1.0,0.0014263768459099357,700.077,0.0668133391516157,
power,D_trp_power_law,in_spec,700,0.75,False,0.0,,0.85,c1_lewis_robinson,asymptotic,,0.05,1000,1000,0,0,0.79,0.01288021738946979,699.854,1.0,0.001426830695123378,699.854,0.01329835804268221,
power,D_trp_power_law,in_spec,700,0.75,False,0.0,,0.85,c1_lewis_robinson,permutation,,0.05,1000,1000,0,0,0.786,0.012969348480166612,699.854,1.0,0.001426830695123378,699.854,0.01329835804268221,
power,D_trp_power_law,in_spec,700,0.75,False,0.0,,0.85,c2_anderson_darling,asymptotic,,0.05,1000,1000,0,0,0.834,0.011766222843376714,699.854,1.0,0.001426830695123378,699.854,0.01329835804268221,
power,D_trp_power_law,in_spec,700,0.75,False,0.0,,0.85,c2_anderson_darling,permutation,,0.05,1000,1000,0,0,0.83,0.0118785521003193,699.854,1.0,0.001426830695123378,699.854,0.01329835804268221,
power,D_trp_power_law,in_spec,700,0.75,False,0.0,,0.85,c5_rank_autocorr,permutation,studentized,0.05,1000,1000,0,0,0.081,0.008627803892068943,699.854,1.0,0.001426830695123378,699.854,0.01329835804268221,
power,D_trp_power_law,in_spec,700,0.75,False,0.0,,0.85,c5_rank_autocorr,permutation,unstudentized,0.05,1000,1000,0,0,0.079,0.008529888627643388,699.854,1.0,0.001426830695123378,699.854,0.01329835804268221,
power,D_trp_power_law,in_spec,700,0.75,False,0.0,,0.85,c6_exchangeability,permutation,,0.05,1000,1000,0,0,0.082,0.008676174272108648,699.854,1.0,0.001426830695123378,699.854,0.01329835804268221,
power,D_trp_power_law,in_spec,700,0.75,False,0.0,,0.85,cvm_cramer_von_mises,asymptotic,,0.05,1000,1000,0,0,0.778,0.013142145943490354,699.854,1.0,0.001426830695123378,699.854,0.01329835804268221,
power,D_trp_power_law,in_spec,700,0.75,False,0.0,,0.85,cvm_cramer_von_mises,permutation,,0.05,1000,1000,0,0,0.78,0.01309961831505025,699.854,1.0,0.001426830695123378,699.854,0.01329835804268221,
power,D_trp_power_law,in_spec,700,0.75,False,0.0,,1.2,c1_lewis_robinson,asymptotic,,0.05,1000,1000,0,0,0.842,0.011534123287012326,698.576,1.0,0.0014294372591398218,698.576,0.00853783831512321,
power,D_trp_power_law,in_spec,700,0.75,False,0.0,,1.2,c1_lewis_robinson,permutation,,0.05,1000,1000,0,0,0.832,0.011822690049223148,698.576,1.0,0.0014294372591398218,698.576,0.00853783831512321,
power,D_trp_power_law,in_spec,700,0.75,False,0.0,,1.2,c2_anderson_darling,asymptotic,,0.05,1000,1000,0,0,0.855,0.011134406135937382,698.576,1.0,0.0014294372591398218,698.576,0.00853783831512321,
power,D_trp_power_law,in_spec,700,0.75,False,0.0,,1.2,c2_anderson_darling,permutation,,0.05,1000,1000,0,0,0.857,0.011070275515993268,698.576,1.0,0.0014294372591398218,698.576,0.00853783831512321,
power,D_trp_power_law,in_spec,700,0.75,False,0.0,,1.2,c5_rank_autocorr,permutation,studentized,0.05,1000,1000,0,0,0.069,0.008014923580421713,698.576,1.0,0.0014294372591398218,698.576,0.00853783831512321,
power,D_trp_power_law,in_spec,700,0.75,False,0.0,,1.2,c5_rank_autocorr,permutation,unstudentized,0.05,1000,1000,0,0,0.067,0.007906389820898032,698.576,1.0,0.0014294372591398218,698.576,0.00853783831512321,
power,D_trp_power_law,in_spec,700,0.75,False,0.0,,1.2,c6_exchangeability,permutation,,0.05,1000,1000,0,0,0.07,0.008068457101577725,698.576,1.0,0.0014294372591398218,698.576,0.00853783831512321,
power,D_trp_power_law,in_spec,700,0.75,False,0.0,,1.2,cvm_cramer_von_mises,asymptotic,,0.05,1000,1000,0,0,0.831,0.011850696182081458,698.576,1.0,0.0014294372591398218,698.576,0.00853783831512321,
power,D_trp_power_law,in_spec,700,0.75,False,0.0,,1.2,cvm_cramer_von_mises,permutation,,0.05,1000,1000,0,0,0.828,0.011933817494833748,698.576,1.0,0.0014294372591398218,698.576,0.00853783831512321,
power,D_trp_power_law,in_spec,700,0.75,False,0.0,,1.5,c1_lewis_robinson,asymptotic,,0.05,1000,1000,0,0,1.0,0.0,698.996,1.0,0.0014285795918833823,698.996,0.04122448646810713,
power,D_trp_power_law,in_spec,700,0.75,False,0.0,,1.5,c1_lewis_robinson,permutation,,0.05,1000,1000,0,0,1.0,0.0,698.996,1.0,0.0014285795918833823,698.996,0.04122448646810713,
power,D_trp_power_law,in_spec,700,0.75,False,0.0,,1.5,c2_anderson_darling,asymptotic,,0.05,1000,1000,0,0,1.0,0.0,698.996,1.0,0.0014285795918833823,698.996,0.04122448646810713,
power,D_trp_power_law,in_spec,700,0.75,False,0.0,,1.5,c2_anderson_darling,permutation,,0.05,1000,1000,0,0,1.0,0.0,698.996,1.0,0.0014285795918833823,698.996,0.04122448646810713,
power,D_trp_power_law,in_spec,700,0.75,False,0.0,,1.5,c5_rank_autocorr,permutation,studentized,0.05,1000,1000,0,0,0.281,0.014214042352547005,698.996,1.0,0.0014285795918833823,698.996,0.04122448646810713,
power,D_trp_power_law,in_spec,700,0.75,False,0.0,,1.5,c5_rank_autocorr,permutation,unstudentized,0.05,1000,1000,0,0,0.256,0.013800869537822608,698.996,1.0,0.0014285795918833823,698.996,0.04122448646810713,
power,D_trp_power_law,in_spec,700,0.75,False,0.0,,1.5,c6_exchangeability,permutation,,0.05,1000,1000,0,0,0.363,0.015206281596761254,698.996,1.0,0.0014285795918833823,698.996,0.04122448646810713,
power,D_trp_power_law,in_spec,700,0.75,False,0.0,,1.5,cvm_cramer_von_mises,asymptotic,,0.05,1000,1000,0,0,1.0,0.0,698.996,1.0,0.0014285795918833823,698.996,0.04122448646810713,
power,D_trp_power_law,in_spec,700,0.75,False,0.0,,1.5,cvm_cramer_von_mises,permutation,,0.05,1000,1000,0,0,1.0,0.0,698.996,1.0,0.0014285795918833823,698.996,0.04122448646810713,
power,E_copula_ar1_durations,in_spec,700,0.75,False,0.0,0.05,,c1_lewis_robinson,asymptotic,,0.05,1000,1000,0,0,0.053,0.00708456067798138,699.575,1.0,0.0014273989223138135,699.575,0.04496216393277071,
power,E_copula_ar1_durations,in_spec,700,0.75,False,0.0,0.05,,c1_lewis_robinson,permutation,,0.05,1000,1000,0,0,0.05,0.006892024376045111,699.575,1.0,0.0014273989223138135,699.575,0.04496216393277071,
power,E_copula_ar1_durations,in_spec,700,0.75,False,0.0,0.05,,c2_anderson_darling,asymptotic,,0.05,1000,1000,0,0,0.053,0.00708456067798138,699.575,1.0,0.0014273989223138135,699.575,0.04496216393277071,
power,E_copula_ar1_durations,in_spec,700,0.75,False,0.0,0.05,,c2_anderson_darling,permutation,,0.05,1000,1000,0,0,0.056,0.007270763371201128,699.575,1.0,0.0014273989223138135,699.575,0.04496216393277071,
power,E_copula_ar1_durations,in_spec,700,0.75,False,0.0,0.05,,c5_rank_autocorr,permutation,studentized,0.05,1000,1000,0,0,0.116,0.010126401137620413,699.575,1.0,0.0014273989223138135,699.575,0.04496216393277071,
power,E_copula_ar1_durations,in_spec,700,0.75,False,0.0,0.05,,c5_rank_autocorr,permutation,unstudentized,0.05,1000,1000,0,0,0.114,0.010050074626588601,699.575,1.0,0.0014273989223138135,699.575,0.04496216393277071,
power,E_copula_ar1_durations,in_spec,700,0.75,False,0.0,0.05,,c6_exchangeability,permutation,,0.05,1000,1000,0,0,0.12,0.010276186062932104,699.575,1.0,0.0014273989223138135,699.575,0.04496216393277071,
power,E_copula_ar1_durations,in_spec,700,0.75,False,0.0,0.05,,cvm_cramer_von_mises,asymptotic,,0.05,1000,1000,0,0,0.056,0.007270763371201128,699.575,1.0,0.0014273989223138135,699.575,0.04496216393277071,
power,E_copula_ar1_durations,in_spec,700,0.75,False,0.0,0.05,,cvm_cramer_von_mises,permutation,,0.05,1000,1000,0,0,0.051,0.00695693898205238,699.575,1.0,0.0014273989223138135,699.575,0.04496216393277071,
power,E_copula_ar1_durations,in_spec,700,0.75,False,0.0,0.1,,c1_lewis_robinson,asymptotic,,0.05,1000,1000,0,0,0.065,0.007795832219846705,700.0,1.0,0.0014265335235378032,700.0,0.09341293788530243,
power,E_copula_ar1_durations,in_spec,700,0.75,False,0.0,0.1,,c1_lewis_robinson,permutation,,0.05,1000,1000,0,0,0.066,0.007851369307324678,700.0,1.0,0.0014265335235378032,700.0,0.09341293788530243,
power,E_copula_ar1_durations,in_spec,700,0.75,False,0.0,0.1,,c2_anderson_darling,asymptotic,,0.05,1000,1000,0,0,0.072,0.008174105455644672,700.0,1.0,0.0014265335235378032,700.0,0.09341293788530243,
power,E_copula_ar1_durations,in_spec,700,0.75,False,0.0,0.1,,c2_anderson_darling,permutation,,0.05,1000,1000,0,0,0.071,0.008121514637061242,700.0,1.0,0.0014265335235378032,700.0,0.09341293788530243,
power,E_copula_ar1_durations,in_spec,700,0.75,False,0.0,0.1,,c5_rank_autocorr,permutation,studentized,0.05,1000,1000,0,0,0.488,0.01580683396509244,700.0,1.0,0.0014265335235378032,700.0,0.09341293788530243,
power,E_copula_ar1_durations,in_spec,700,0.75,False,0.0,0.1,,c5_rank_autocorr,permutation,unstudentized,0.05,1000,1000,0,0,0.468,0.015778973350633434,700.0,1.0,0.0014265335235378032,700.0,0.09341293788530243,
power,E_copula_ar1_durations,in_spec,700,0.75,False,0.0,0.1,,c6_exchangeability,permutation,,0.05,1000,1000,0,0,0.429,0.015651166090742248,700.0,1.0,0.0014265335235378032,700.0,0.09341293788530243,
power,E_copula_ar1_durations,in_spec,700,0.75,False,0.0,0.1,,cvm_cramer_von_mises,asymptotic,,0.05,1000,1000,0,0,0.071,0.008121514637061242,700.0,1.0,0.0014265335235378032,700.0,0.09341293788530243,
power,E_copula_ar1_durations,in_spec,700,0.75,False,0.0,0.1,,cvm_cramer_von_mises,permutation,,0.05,1000,1000,0,0,0.071,0.008121514637061242,700.0,1.0,0.0014265335235378032,700.0,0.09341293788530243,
power,E_copula_ar1_durations,in_spec,700,0.75,False,0.0,0.15,,c1_lewis_robinson,asymptotic,,0.05,1000,1000,0,0,0.097,0.00935900635751467,699.352,1.0,0.0014278534222790826,699.352,0.1398579720077098,
power,E_copula_ar1_durations,in_spec,700,0.75,False,0.0,0.15,,c1_lewis_robinson,permutation,,0.05,1000,1000,0,0,0.096,0.009315793041926168,699.352,1.0,0.0014278534222790826,699.352,0.1398579720077098,
power,E_copula_ar1_durations,in_spec,700,0.75,False,0.0,0.15,,c2_anderson_darling,asymptotic,,0.05,1000,1000,0,0,0.109,0.00985489725973843,699.352,1.0,0.0014278534222790826,699.352,0.1398579720077098,
power,E_copula_ar1_durations,in_spec,700,0.75,False,0.0,0.15,,c2_anderson_darling,permutation,,0.05,1000,1000,0,0,0.108,0.009815090422405696,699.352,1.0,0.0014278534222790826,699.352,0.1398579720077098,
power,E_copula_ar1_durations,in_spec,700,0.75,False,0.0,0.15,,c5_rank_autocorr,permutation,studentized,0.05,1000,1000,0,0,0.874,0.010493998284733994,699.352,1.0,0.0014278534222790826,699.352,0.1398579720077098,
power,E_copula_ar1_durations,in_spec,700,0.75,False,0.0,0.15,,c5_rank_autocorr,permutation,unstudentized,0.05,1000,1000,0,0,0.869,0.010669536072388528,699.352,1.0,0.0014278534222790826,699.352,0.1398579720077098,
power,E_copula_ar1_durations,in_spec,700,0.75,False,0.0,0.15,,c6_exchangeability,permutation,,0.05,1000,1000,0,0,0.828,0.011933817494833748,699.352,1.0,0.0014278534222790826,699.352,0.1398579720077098,
power,E_copula_ar1_durations,in_spec,700,0.75,False,0.0,0.15,,cvm_cramer_von_mises,asymptotic,,0.05,1000,1000,0,0,0.105,0.009694070352540258,699.352,1.0,0.0014278534222790826,699.352,0.1398579720077098,
power,E_copula_ar1_durations,in_spec,700,0.75,False,0.0,0.15,,cvm_cramer_von_mises,permutation,,0.05,1000,1000,0,0,0.107,0.009775019181566858,699.352,1.0,0.0014278534222790826,699.352,0.1398579720077098,
power,E_copula_ar1_durations,in_spec,700,0.75,False,0.0,0.2,,c1_lewis_robinson,asymptotic,,0.05,1000,1000,0,0,0.095,0.00927227048785787,700.453,1.0,0.0014256122648274368,700.453,0.18987532955542946,
power,E_copula_ar1_durations,in_spec,700,0.75,False,0.0,0.2,,c1_lewis_robinson,permutation,,0.05,1000,1000,0,0,0.093,0.009184280047995052,700.453,1.0,0.0014256122648274368,700.453,0.18987532955542946,
power,E_copula_ar1_durations,in_spec,700,0.75,False,0.0,0.2,,c2_anderson_darling,asymptotic,,0.05,1000,1000,0,0,0.117,0.010164201887015036,700.453,1.0,0.0014256122648274368,700.453,0.18987532955542946,
power,E_copula_ar1_durations,in_spec,700,0.75,False,0.0,0.2,,c2_anderson_darling,permutation,,0.05,1000,1000,0,0,0.119,0.010239091756596383,700.453,1.0,0.0014256122648274368,700.453,0.18987532955542946,
power,E_copula_ar1_durations,in_spec,700,0.75,False,0.0,0.2,,c5_rank_autocorr,permutation,studentized,0.05,1000,1000,0,0,0.995,0.002230470802319547,700.453,1.0,0.0014256122648274368,700.453,0.18987532955542946,
power,E_copula_ar1_durations,in_spec,700,0.75,False,0.0,0.2,,c5_rank_autocorr,permutation,unstudentized,0.05,1000,1000,0,0,0.996,0.0019959959919799443,700.453,1.0,0.0014256122648274368,700.453,0.18987532955542946,
power,E_copula_ar1_durations,in_spec,700,0.75,False,0.0,0.2,,c6_exchangeability,permutation,,0.05,1000,1000,0,0,0.986,0.0037153734670958734,700.453,1.0,0.0014256122648274368,700.453,0.18987532955542946,
power,E_copula_ar1_durations,in_spec,700,0.75,False,0.0,0.2,,cvm_cramer_von_mises,asymptotic,,0.05,1000,1000,0,0,0.108,0.009815090422405696,700.453,1.0,0.0014256122648274368,700.453,0.18987532955542946,
power,E_copula_ar1_durations,in_spec,700,0.75,False,0.0,0.2,,cvm_cramer_von_mises,permutation,,0.05,1000,1000,0,0,0.113,0.01001154333756789,700.453,1.0,0.0014256122648274368,700.453,0.18987532955542946,
power,E_copula_ar1_durations,in_spec,700,0.75,False,0.0,0.3,,c1_lewis_robinson,asymptotic,,0.05,1000,1000,0,0,0.137,0.010873407929439602,701.493,1.0,0.0014235017288428495,701.493,0.28386263764520037,
power,E_copula_ar1_durations,in_spec,700,0.75,False,0.0,0.3,,c1_lewis_robinson,permutation,,0.05,1000,1000,0,0,0.137,0.010873407929439602,701.493,1.0,0.0014235017288428495,701.493,0.28386263764520037,
power,E_copula_ar1_durations,in_spec,700,0.75,False,0.0,0.3,,c2_anderson_darling,asymptotic,,0.05,1000,1000,0,0,0.183,0.012227469075814503,701.493,1.0,0.0014235017288428495,701.493,0.28386263764520037,
power,E_copula_ar1_durations,in_spec,700,0.75,False,0.0,0.3,,c2_anderson_darling,permutation,,0.05,1000,1000,0,0,0.179,0.01212266472356635,701.493,1.0,0.0014235017288428495,701.493,0.28386263764520037,
power,E_copula_ar1_durations,in_spec,700,0.75,False,0.0,0.3,,c5_rank_autocorr,permutation,studentized,0.05,1000,1000,0,0,1.0,0.0,701.493,1.0,0.0014235017288428495,701.493,0.28386263764520037,
power,E_copula_ar1_durations,in_spec,700,0.75,False,0.0,0.3,,c5_rank_autocorr,permutation,unstudentized,0.05,1000,1000,0,0,1.0,0.0,701.493,1.0,0.0014235017288428495,701.493,0.28386263764520037,
power,E_copula_ar1_durations,in_spec,700,0.75,False,0.0,0.3,,c6_exchangeability,permutation,,0.05,1000,1000,0,0,1.0,0.0,701.493,1.0,0.0014235017288428495,701.493,0.28386263764520037,
power,E_copula_ar1_durations,in_spec,700,0.75,False,0.0,0.3,,cvm_cramer_von_mises,asymptotic,,0.05,1000,1000,0,0,0.169,0.011850696182081457,701.493,1.0,0.0014235017288428495,701.493,0.28386263764520037,
power,E_copula_ar1_durations,in_spec,700,0.75,False,0.0,0.3,,cvm_cramer_von_mises,permutation,,0.05,1000,1000,0,0,0.169,0.011850696182081457,701.493,1.0,0.0014235017288428495,701.493,0.28386263764520037,
power,E_copula_ar1_durations,in_spec,700,0.75,False,0.0,0.5,,c1_lewis_robinson,asymptotic,,0.05,1000,1000,0,0,0.223,0.01316324428095141,702.467,1.0,0.0014215307896461385,702.467,0.47794010831174283,
power,E_copula_ar1_durations,in_spec,700,0.75,False,0.0,0.5,,c1_lewis_robinson,permutation,,0.05,1000,1000,0,0,0.22,0.013099618315050252,702.467,1.0,0.0014215307896461385,702.467,0.47794010831174283,
power,E_copula_ar1_durations,in_spec,700,0.75,False,0.0,0.5,,c2_anderson_darling,asymptotic,,0.05,1000,1000,0,0,0.369,0.015259062880793171,702.467,1.0,0.0014215307896461385,702.467,0.47794010831174283,
power,E_copula_ar1_durations,in_spec,700,0.75,False,0.0,0.5,,c2_anderson_darling,permutation,,0.05,1000,1000,0,0,0.373,0.015292841462592882,702.467,1.0,0.0014215307896461385,702.467,0.47794010831174283,
power,E_copula_ar1_durations,in_spec,700,0.75,False,0.0,0.5,,c5_rank_autocorr,permutation,studentized,0.05,1000,1000,0,0,1.0,0.0,702.467,1.0,0.0014215307896461385,702.467,0.47794010831174283,
power,E_copula_ar1_durations,in_spec,700,0.75,False,0.0,0.5,,c5_rank_autocorr,permutation,unstudentized,0.05,1000,1000,0,0,1.0,0.0,702.467,1.0,0.0014215307896461385,702.467,0.47794010831174283,
power,E_copula_ar1_durations,in_spec,700,0.75,False,0.0,0.5,,c6_exchangeability,permutation,,0.05,1000,1000,0,0,1.0,0.0,702.467,1.0,0.0014215307896461385,702.467,0.47794010831174283,
power,E_copula_ar1_durations,in_spec,700,0.75,False,0.0,0.5,,cvm_cramer_von_mises,asymptotic,,0.05,1000,1000,0,0,0.31,0.014625320509308504,702.467,1.0,0.0014215307896461385,702.467,0.47794010831174283,
power,E_copula_ar1_durations,in_spec,700,0.75,False,0.0,0.5,,cvm_cramer_von_mises,permutation,,0.05,1000,1000,0,0,0.313,0.014663935351739656,702.467,1.0,0.0014215307896461385,702.467,0.47794010831174283,
power,D_trp_power_law,in_spec,700,1.5,False,0.0,,0.7,c1_lewis_robinson,asymptotic,,0.05,1000,1000,0,0,1.0,0.0,699.482,1.0,0.0014275884319654181,699.482,0.18773817487130656,
power,D_trp_power_law,in_spec,700,1.5,False,0.0,,0.7,c1_lewis_robinson,permutation,,0.05,1000,1000,0,0,1.0,0.0,699.482,1.0,0.0014275884319654181,699.482,0.18773817487130656,
power,D_trp_power_law,in_spec,700,1.5,False,0.0,,0.7,c2_anderson_darling,asymptotic,,0.05,1000,1000,0,0,1.0,0.0,699.482,1.0,0.0014275884319654181,699.482,0.18773817487130656,
power,D_trp_power_law,in_spec,700,1.5,False,0.0,,0.7,c2_anderson_darling,permutation,,0.05,1000,1000,0,0,1.0,0.0,699.482,1.0,0.0014275884319654181,699.482,0.18773817487130656,
power,D_trp_power_law,in_spec,700,1.5,False,0.0,,0.7,c5_rank_autocorr,permutation,studentized,0.05,1000,1000,0,0,1.0,0.0,699.482,1.0,0.0014275884319654181,699.482,0.18773817487130656,
power,D_trp_power_law,in_spec,700,1.5,False,0.0,,0.7,c5_rank_autocorr,permutation,unstudentized,0.05,1000,1000,0,0,1.0,0.0,699.482,1.0,0.0014275884319654181,699.482,0.18773817487130656,
power,D_trp_power_law,in_spec,700,1.5,False,0.0,,0.7,c6_exchangeability,permutation,,0.05,1000,1000,0,0,1.0,0.0,699.482,1.0,0.0014275884319654181,699.482,0.18773817487130656,
power,D_trp_power_law,in_spec,700,1.5,False,0.0,,0.7,cvm_cramer_von_mises,asymptotic,,0.05,1000,1000,0,0,1.0,0.0,699.482,1.0,0.0014275884319654181,699.482,0.18773817487130656,
power,D_trp_power_law,in_spec,700,1.5,False,0.0,,0.7,cvm_cramer_von_mises,permutation,,0.05,1000,1000,0,0,1.0,0.0,699.482,1.0,0.0014275884319654181,699.482,0.18773817487130656,
power,D_trp_power_law,in_spec,700,1.5,False,0.0,,0.85,c1_lewis_robinson,asymptotic,,0.05,1000,1000,0,0,1.0,0.0,699.672,1.0,0.0014272013153087322,699.672,0.04387311751237975,
power,D_trp_power_law,in_spec,700,1.5,False,0.0,,0.85,c1_lewis_robinson,permutation,,0.05,1000,1000,0,0,1.0,0.0,699.672,1.0,0.0014272013153087322,699.672,0.04387311751237975,
power,D_trp_power_law,in_spec,700,1.5,False,0.0,,0.85,c2_anderson_darling,asymptotic,,0.05,1000,1000,0,0,1.0,0.0,699.672,1.0,0.0014272013153087322,699.672,0.04387311751237975,
power,D_trp_power_law,in_spec,700,1.5,False,0.0,,0.85,c2_anderson_darling,permutation,,0.05,1000,1000,0,0,1.0,0.0,699.672,1.0,0.0014272013153087322,699.672,0.04387311751237975,
power,D_trp_power_law,in_spec,700,1.5,False,0.0,,0.85,c5_rank_autocorr,permutation,studentized,0.05,1000,1000,0,0,0.337,0.014947608504372866,699.672,1.0,0.0014272013153087322,699.672,0.04387311751237975,
power,D_trp_power_law,in_spec,700,1.5,False,0.0,,0.85,c5_rank_autocorr,permutation,unstudentized,0.05,1000,1000,0,0,0.32,0.014751271131668619,699.672,1.0,0.0014272013153087322,699.672,0.04387311751237975,
power,D_trp_power_law,in_spec,700,1.5,False,0.0,,0.85,c6_exchangeability,permutation,,0.05,1000,1000,0,0,0.445,0.015715438269421567,699.672,1.0,0.0014272013153087322,699.672,0.04387311751237975,
power,D_trp_power_law,in_spec,700,1.5,False,0.0,,0.85,cvm_cramer_von_mises,asymptotic,,0.05,1000,1000,0,0,1.0,0.0,699.672,1.0,0.0014272013153087322,699.672,0.04387311751237975,
power,D_trp_power_law,in_spec,700,1.5,False,0.0,,0.85,cvm_cramer_von_mises,permutation,,0.05,1000,1000,0,0,1.0,0.0,699.672,1.0,0.0014272013153087322,699.672,0.04387311751237975,
power,D_trp_power_law,in_spec,700,1.5,False,0.0,,1.2,c1_lewis_robinson,asymptotic,,0.05,1000,1000,0,0,1.0,0.0,699.812,1.0,0.0014269162057727323,699.812,0.03911812042494198,
power,D_trp_power_law,in_spec,700,1.5,False,0.0,,1.2,c1_lewis_robinson,permutation,,0.05,1000,1000,0,0,1.0,0.0,699.812,1.0,0.0014269162057727323,699.812,0.03911812042494198,
power,D_trp_power_law,in_spec,700,1.5,False,0.0,,1.2,c2_anderson_darling,asymptotic,,0.05,1000,1000,0,0,1.0,0.0,699.812,1.0,0.0014269162057727323,699.812,0.03911812042494198,
power,D_trp_power_law,in_spec,700,1.5,False,0.0,,1.2,c2_anderson_darling,permutation,,0.05,1000,1000,0,0,1.0,0.0,699.812,1.0,0.0014269162057727323,699.812,0.03911812042494198,
power,D_trp_power_law,in_spec,700,1.5,False,0.0,,1.2,c5_rank_autocorr,permutation,studentized,0.05,1000,1000,0,0,0.258,0.013836039895866157,699.812,1.0,0.0014269162057727323,699.812,0.03911812042494198,
power,D_trp_power_law,in_spec,700,1.5,False,0.0,,1.2,c5_rank_autocorr,permutation,unstudentized,0.05,1000,1000,0,0,0.241,0.013524755080961725,699.812,1.0,0.0014269162057727323,699.812,0.03911812042494198,
power,D_trp_power_law,in_spec,700,1.5,False,0.0,,1.2,c6_exchangeability,permutation,,0.05,1000,1000,0,0,0.339,0.014969268519202935,699.812,1.0,0.0014269162057727323,699.812,0.03911812042494198,
power,D_trp_power_law,in_spec,700,1.5,False,0.0,,1.2,cvm_cramer_von_mises,asymptotic,,0.05,1000,1000,0,0,1.0,0.0,699.812,1.0,0.0014269162057727323,699.812,0.03911812042494198,
power,D_trp_power_law,in_spec,700,1.5,False,0.0,,1.2,cvm_cramer_von_mises,permutation,,0.05,1000,1000,0,0,1.0,0.0,699.812,1.0,0.0014269162057727323,699.812,0.03911812042494198,
power,D_trp_power_law,in_spec,700,1.5,False,0.0,,1.5,c1_lewis_robinson,asymptotic,,0.05,1000,1000,0,0,1.0,0.0,699.805,1.0,0.001426930458544103,699.805,0.13214329230767424,
power,D_trp_power_law,in_spec,700,1.5,False,0.0,,1.5,c1_lewis_robinson,permutation,,0.05,1000,1000,0,0,1.0,0.0,699.805,1.0,0.001426930458544103,699.805,0.13214329230767424,
power,D_trp_power_law,in_spec,700,1.5,False,0.0,,1.5,c2_anderson_darling,asymptotic,,0.05,1000,1000,0,0,1.0,0.0,699.805,1.0,0.001426930458544103,699.805,0.13214329230767424,
power,D_trp_power_law,in_spec,700,1.5,False,0.0,,1.5,c2_anderson_darling,permutation,,0.05,1000,1000,0,0,1.0,0.0,699.805,1.0,0.001426930458544103,699.805,0.13214329230767424,
power,D_trp_power_law,in_spec,700,1.5,False,0.0,,1.5,c5_rank_autocorr,permutation,studentized,0.05,1000,1000,0,0,0.991,0.0029864694875387575,699.805,1.0,0.001426930458544103,699.805,0.13214329230767424,
power,D_trp_power_law,in_spec,700,1.5,False,0.0,,1.5,c5_rank_autocorr,permutation,unstudentized,0.05,1000,1000,0,0,0.991,0.0029864694875387575,699.805,1.0,0.001426930458544103,699.805,0.13214329230767424,
power,D_trp_power_law,in_spec,700,1.5,False,0.0,,1.5,c6_exchangeability,permutation,,0.05,1000,1000,0,0,0.997,0.0017294507798720387,699.805,1.0,0.001426930458544103,699.805,0.13214329230767424,
power,D_trp_power_law,in_spec,700,1.5,False,0.0,,1.5,cvm_cramer_von_mises,asymptotic,,0.05,1000,1000,0,0,1.0,0.0,699.805,1.0,0.001426930458544103,699.805,0.13214329230767424,
power,D_trp_power_law,in_spec,700,1.5,False,0.0,,1.5,cvm_cramer_von_mises,permutation,,0.05,1000,1000,0,0,1.0,0.0,699.805,1.0,0.001426930458544103,699.805,0.13214329230767424,
power,E_copula_ar1_durations,in_spec,700,1.5,False,0.0,0.05,,c1_lewis_robinson,asymptotic,,0.05,1000,1000,0,0,0.055,0.00720936890441875,699.582,1.0,0.001427384660182534,699.582,0.04461406801360894,
power,E_copula_ar1_durations,in_spec,700,1.5,False,0.0,0.05,,c1_lewis_robinson,permutation,,0.05,1000,1000,0,0,0.057,0.007331507348424334,699.582,1.0,0.001427384660182534,699.582,0.04461406801360894,
power,E_copula_ar1_durations,in_spec,700,1.5,False,0.0,0.05,,c2_anderson_darling,asymptotic,,0.05,1000,1000,0,0,0.061,0.0075682891065286355,699.582,1.0,0.001427384660182534,699.582,0.04461406801360894,
power,E_copula_ar1_durations,in_spec,700,1.5,False,0.0,0.05,,c2_anderson_darling,permutation,,0.05,1000,1000,0,0,0.059,0.007451107300260815,699.582,1.0,0.001427384660182534,699.582,0.04461406801360894,
power,E_copula_ar1_durations,in_spec,700,1.5,False,0.0,0.05,,c5_rank_autocorr,permutation,studentized,0.05,1000,1000,0,0,0.127,0.010529529904036551,699.582,1.0,0.001427384660182534,699.582,0.04461406801360894,
power,E_copula_ar1_durations,in_spec,700,1.5,False,0.0,0.05,,c5_rank_autocorr,permutation,unstudentized,0.05,1000,1000,0,0,0.119,0.010239091756596383,699.582,1.0,0.001427384660182534,699.582,0.04461406801360894,
power,E_copula_ar1_durations,in_spec,700,1.5,False,0.0,0.05,,c6_exchangeability,permutation,,0.05,1000,1000,0,0,0.126,0.010493998284733994,699.582,1.0,0.001427384660182534,699.582,0.04461406801360894,
power,E_copula_ar1_durations,in_spec,700,1.5,False,0.0,0.05,,cvm_cramer_von_mises,asymptotic,,0.05,1000,1000,0,0,0.059,0.007451107300260815,699.582,1.0,0.001427384660182534,699.582,0.04461406801360894,
power,E_copula_ar1_durations,in_spec,700,1.5,False,0.0,0.05,,cvm_cramer_von_mises,permutation,,0.05,1000,1000,0,0,0.055,0.00720936890441875,699.582,1.0,0.001427384660182534,699.582,0.04461406801360894,
power,E_copula_ar1_durations,in_spec,700,1.5,False,0.0,0.1,,c1_lewis_robinson,asymptotic,,0.05,1000,1000,0,0,0.073,0.008226238508577295,700.105,1.0,0.001426319880759658,700.105,0.09578533490415603,
power,E_copula_ar1_durations,in_spec,700,1.5,False,0.0,0.1,,c1_lewis_robinson,permutation,,0.05,1000,1000,0,0,0.068,0.007960904471226871,700.105,1.0,0.001426319880759658,700.105,0.09578533490415603,
power,E_copula_ar1_durations,in_spec,700,1.5,False,0.0,0.1,,c2_anderson_darling,asymptotic,,0.05,1000,1000,0,0,0.095,0.00927227048785787,700.105,1.0,0.001426319880759658,700.105,0.09578533490415603,
power,E_copula_ar1_durations,in_spec,700,1.5,False,0.0,0.1,,c2_anderson_darling,permutation,,0.05,1000,1000,0,0,0.093,0.009184280047995052,700.105,1.0,0.001426319880759658,700.105,0.09578533490415603,
power,E_copula_ar1_durations,in_spec,700,1.5,False,0.0,0.1,,c5_rank_autocorr,permutation,studentized,0.05,1000,1000,0,0,0.527,0.01578831846651188,700.105,1.0,0.001426319880759658,700.105,0.09578533490415603,
power,E_copula_ar1_durations,in_spec,700,1.5,False,0.0,0.1,,c5_rank_autocorr,permutation,unstudentized,0.05,1000,1000,0,0,0.515,0.01580427157448264,700.105,1.0,0.001426319880759658,700.105,0.09578533490415603,
power,E_copula_ar1_durations,in_spec,700,1.5,False,0.0,0.1,,c6_exchangeability,permutation,,0.05,1000,1000,0,0,0.454,0.015744332313566048,700.105,1.0,0.001426319880759658,700.105,0.09578533490415603,
power,E_copula_ar1_durations,in_spec,700,1.5,False,0.0,0.1,,cvm_cramer_von_mises,asymptotic,,0.05,1000,1000,0,0,0.086,0.008865889690267977,700.105,1.0,0.001426319880759658,700.105,0.09578533490415603,
power,E_copula_ar1_durations,in_spec,700,1.5,False,0.0,0.1,,cvm_cramer_von_mises,permutation,,0.05,1000,1000,0,0,0.084,0.008771772910877254,700.105,1.0,0.001426319880759658,700.105,0.09578533490415603,
power,E_copula_ar1_durations,in_spec,700,1.5,False,0.0,0.15,,c1_lewis_robinson,asymptotic,,0.05,1000,1000,0,0,0.098,0.009401914698613257,698.939,1.0,0.001428695929216689,698.939,0.1393070447659875,
power,E_copula_ar1_durations,in_spec,700,1.5,False,0.0,0.15,,c1_lewis_robinson,permutation,,0.05,1000,1000,0,0,0.101,0.009528850927577786,698.939,1.0,0.001428695929216689,698.939,0.1393070447659875,
power,E_copula_ar1_durations,in_spec,700,1.5,False,0.0,0.15,,c2_anderson_darling,asymptotic,,0.05,1000,1000,0,0,0.119,0.010239091756596383,698.939,1.0,0.001428695929216689,698.939,0.1393070447659875,
power,E_copula_ar1_durations,in_spec,700,1.5,False,0.0,0.15,,c2_anderson_darling,permutation,,0.05,1000,1000,0,0,0.116,0.010126401137620413,698.939,1.0,0.001428695929216689,698.939,0.1393070447659875,
power,E_copula_ar1_durations,in_spec,700,1.5,False,0.0,0.15,,c5_rank_autocorr,permutation,studentized,0.05,1000,1000,0,0,0.883,0.010164201887015036,698.939,1.0,0.001428695929216689,698.939,0.1393070447659875,
power,E_copula_ar1_durations,in_spec,700,1.5,False,0.0,0.15,,c5_rank_autocorr,permutation,unstudentized,0.05,1000,1000,0,0,0.878,0.010349685985574635,698.939,1.0,0.001428695929216689,698.939,0.1393070447659875,
power,E_copula_ar1_durations,in_spec,700,1.5,False,0.0,0.15,,c6_exchangeability,permutation,,0.05,1000,1000,0,0,0.828,0.011933817494833748,698.939,1.0,0.001428695929216689,698.939,0.1393070447659875,
power,E_copula_ar1_durations,in_spec,700,1.5,False,0.0,0.15,,cvm_cramer_von_mises,asymptotic,,0.05,1000,1000,0,0,0.114,0.010050074626588601,698.939,1.0,0.001428695929216689,698.939,0.1393070447659875,
power,E_copula_ar1_durations,in_spec,700,1.5,False,0.0,0.15,,cvm_cramer_von_mises,permutation,,0.05,1000,1000,0,0,0.112,0.00997276290703835,698.939,1.0,0.001428695929216689,698.939,0.1393070447659875,
power,E_copula_ar1_durations,in_spec,700,1.5,False,0.0,0.2,,c1_lewis_robinson,asymptotic,,0.05,1000,1000,0,0,0.098,0.009401914698613257,700.406,1.0,0.0014257077926336532,700.406,0.18669943164206707,
power,E_copula_ar1_durations,in_spec,700,1.5,False,0.0,0.2,,c1_lewis_robinson,permutation,,0.05,1000,1000,0,0,0.096,0.009315793041926168,700.406,1.0,0.0014257077926336532,700.406,0.18669943164206707,
power,E_copula_ar1_durations,in_spec,700,1.5,False,0.0,0.2,,c2_anderson_darling,asymptotic,,0.05,1000,1000,0,0,0.135,0.010806248192596726,700.406,1.0,0.0014257077926336532,700.406,0.18669943164206707,
power,E_copula_ar1_durations,in_spec,700,1.5,False,0.0,0.2,,c2_anderson_darling,permutation,,0.05,1000,1000,0,0,0.128,0.010564847372300274,700.406,1.0,0.0014257077926336532,700.406,0.18669943164206707,
power,E_copula_ar1_durations,in_spec,700,1.5,False,0.0,0.2,,c5_rank_autocorr,permutation,studentized,0.05,1000,1000,0,0,0.993,0.002636474919281427,700.406,1.0,0.0014257077926336532,700.406,0.18669943164206707,
power,E_copula_ar1_durations,in_spec,700,1.5,False,0.0,0.2,,c5_rank_autocorr,permutation,unstudentized,0.05,1000,1000,0,0,0.994,0.002442130217658347,700.406,1.0,0.0014257077926336532,700.406,0.18669943164206707,
power,E_copula_ar1_durations,in_spec,700,1.5,False,0.0,0.2,,c6_exchangeability,permutation,,0.05,1000,1000,0,0,0.978,0.004638534251247911,700.406,1.0,0.0014257077926336532,700.406,0.18669943164206707,
power,E_copula_ar1_durations,in_spec,700,1.5,False,0.0,0.2,,cvm_cramer_von_mises,asymptotic,,0.05,1000,1000,0,0,0.119,0.010239091756596383,700.406,1.0,0.0014257077926336532,700.406,0.18669943164206707,
power,E_copula_ar1_durations,in_spec,700,1.5,False,0.0,0.2,,cvm_cramer_von_mises,permutation,,0.05,1000,1000,0,0,0.119,0.010239091756596383,700.406,1.0,0.0014257077926336532,700.406,0.18669943164206707,
power,E_copula_ar1_durations,in_spec,700,1.5,False,0.0,0.3,,c1_lewis_robinson,asymptotic,,0.05,1000,1000,0,0,0.139,0.010939789760319894,700.582,1.0,0.0014253501372612182,700.582,0.28433215895598274,
power,E_copula_ar1_durations,in_spec,700,1.5,False,0.0,0.3,,c1_lewis_robinson,permutation,,0.05,1000,1000,0,0,0.133,0.010738295954200556,700.582,1.0,0.0014253501372612182,700.582,0.28433215895598274,
power,E_copula_ar1_durations,in_spec,700,1.5,False,0.0,0.3,,c2_anderson_darling,asymptotic,,0.05,1000,1000,0,0,0.197,0.012577400367325514,700.582,1.0,0.0014253501372612182,700.582,0.28433215895598274,
power,E_copula_ar1_durations,in_spec,700,1.5,False,0.0,0.3,,c2_anderson_darling,permutation,,0.05,1000,1000,0,0,0.194,0.012504559168559283,700.582,1.0,0.0014253501372612182,700.582,0.28433215895598274,
power,E_copula_ar1_durations,in_spec,700,1.5,False,0.0,0.3,,c5_rank_autocorr,permutation,studentized,0.05,1000,1000,0,0,1.0,0.0,700.582,1.0,0.0014253501372612182,700.582,0.28433215895598274,
power,E_copula_ar1_durations,in_spec,700,1.5,False,0.0,0.3,,c5_rank_autocorr,permutation,unstudentized,0.05,1000,1000,0,0,1.0,0.0,700.582,1.0,0.0014253501372612182,700.582,0.28433215895598274,
power,E_copula_ar1_durations,in_spec,700,1.5,False,0.0,0.3,,c6_exchangeability,permutation,,0.05,1000,1000,0,0,1.0,0.0,700.582,1.0,0.0014253501372612182,700.582,0.28433215895598274,
power,E_copula_ar1_durations,in_spec,700,1.5,False,0.0,0.3,,cvm_cramer_von_mises,asymptotic,,0.05,1000,1000,0,0,0.175,0.012015614840697915,700.582,1.0,0.0014253501372612182,700.582,0.28433215895598274,
power,E_copula_ar1_durations,in_spec,700,1.5,False,0.0,0.3,,cvm_cramer_von_mises,permutation,,0.05,1000,1000,0,0,0.17,0.011878552100319299,700.582,1.0,0.0014253501372612182,700.582,0.28433215895598274,
power,E_copula_ar1_durations,in_spec,700,1.5,False,0.0,0.5,,c1_lewis_robinson,asymptotic,,0.05,1000,1000,0,0,0.247,0.013637851736985557,699.389,1.0,0.0014277779919444765,699.389,0.47786930979380576,
power,E_copula_ar1_durations,in_spec,700,1.5,False,0.0,0.5,,c1_lewis_robinson,permutation,,0.05,1000,1000,0,0,0.245,0.013600551459407815,699.389,1.0,0.0014277779919444765,699.389,0.47786930979380576,
power,E_copula_ar1_durations,in_spec,700,1.5,False,0.0,0.5,,c2_anderson_darling,asymptotic,,0.05,1000,1000,0,0,0.429,0.015651166090742248,699.389,1.0,0.0014277779919444765,699.389,0.47786930979380576,
power,E_copula_ar1_durations,in_spec,700,1.5,False,0.0,0.5,,c2_anderson_darling,permutation,,0.05,1000,1000,0,0,0.417,0.015592017188292218,699.389,1.0,0.0014277779919444765,699.389,0.47786930979380576,
power,E_copula_ar1_durations,in_spec,700,1.5,False,0.0,0.5,,c5_rank_autocorr,permutation,studentized,0.05,1000,1000,0,0,1.0,0.0,699.389,1.0,0.0014277779919444765,699.389,0.47786930979380576,
power,E_copula_ar1_durations,in_spec,700,1.5,False,0.0,0.5,,c5_rank_autocorr,permutation,unstudentized,0.05,1000,1000,0,0,1.0,0.0,699.389,1.0,0.0014277779919444765,699.389,0.47786930979380576,
power,E_copula_ar1_durations,in_spec,700,1.5,False,0.0,0.5,,c6_exchangeability,permutation,,0.05,1000,1000,0,0,1.0,0.0,699.389,1.0,0.0014277779919444765,699.389,0.47786930979380576,
power,E_copula_ar1_durations,in_spec,700,1.5,False,0.0,0.5,,cvm_cramer_von_mises,asymptotic,,0.05,1000,1000,0,0,0.37,0.015267612779999367,699.389,1.0,0.0014277779919444765,699.389,0.47786930979380576,
power,E_copula_ar1_durations,in_spec,700,1.5,False,0.0,0.5,,cvm_cramer_von_mises,permutation,,0.05,1000,1000,0,0,0.366,0.01523299051401267,699.389,1.0,0.0014277779919444765,699.389,0.47786930979380576,
power,C_ar1_reads_carved,calendar,700,,False,0.0,0.05,,c1_lewis_robinson,asymptotic,,0.05,1000,1000,0,0,0.055,0.00720936890441875,679.513,1.0,0.0014694796425637716,12.894,0.00020330987296086087,
power,C_ar1_reads_carved,calendar,700,,False,0.0,0.05,,c1_lewis_robinson,permutation,,0.05,1000,1000,0,0,0.056,0.007270763371201128,679.513,1.0,0.0014694796425637716,12.894,0.00020330987296086087,
power,C_ar1_reads_carved,calendar,700,,False,0.0,0.05,,c2_anderson_darling,asymptotic,,0.05,1000,1000,0,0,0.056,0.007270763371201128,679.513,1.0,0.0014694796425637716,12.894,0.00020330987296086087,
power,C_ar1_reads_carved,calendar,700,,False,0.0,0.05,,c2_anderson_darling,permutation,,0.05,1000,1000,0,0,0.057,0.007331507348424334,679.513,1.0,0.0014694796425637716,12.894,0.00020330987296086087,
power,C_ar1_reads_carved,calendar,700,,False,0.0,0.05,,c5_rank_autocorr,permutation,studentized,0.05,1000,1000,0,0,0.053,0.00708456067798138,679.513,1.0,0.0014694796425637716,12.894,0.00020330987296086087,
power,C_ar1_reads_carved,calendar,700,,False,0.0,0.05,,c5_rank_autocorr,permutation,unstudentized,0.05,1000,1000,0,0,0.054,0.007147307185227175,679.513,1.0,0.0014694796425637716,12.894,0.00020330987296086087,
power,C_ar1_reads_carved,calendar,700,,False,0.0,0.05,,c6_exchangeability,permutation,,0.05,1000,1000,0,0,0.053,0.00708456067798138,679.513,1.0,0.0014694796425637716,12.894,0.00020330987296086087,
power,C_ar1_reads_carved,calendar,700,,False,0.0,0.05,,cvm_cramer_von_mises,asymptotic,,0.05,1000,1000,0,0,0.054,0.007147307185227175,679.513,1.0,0.0014694796425637716,12.894,0.00020330987296086087,
power,C_ar1_reads_carved,calendar,700,,False,0.0,0.05,,cvm_cramer_von_mises,permutation,,0.05,1000,1000,0,0,0.052,0.007021111023192838,679.513,1.0,0.0014694796425637716,12.894,0.00020330987296086087,
power,C_ar1_reads_carved,in_spec,700,,False,0.0,0.05,,c5_rank_autocorr,permutation,studentized,0.05,1000,1000,0,0,0.041,0.006270486424512854,679.936,1.0,0.0014685667962921626,10.136,-0.0029498010172782658,
power,C_ar1_reads_carved,in_spec,700,,False,0.0,0.05,,c5_rank_autocorr,permutation,unstudentized,0.05,1000,1000,0,0,0.047,0.006692607862410586,679.936,1.0,0.0014685667962921626,10.136,-0.0029498010172782658,
power,C_ar1_reads_carved,in_spec,700,,False,0.0,0.05,,c6_exchangeability,permutation,,0.05,1000,1000,0,0,0.05,0.006892024376045111,679.936,1.0,0.0014685667962921626,10.136,-0.0029498010172782658,
power,C_ar1_reads_carved,in_spec,700,,False,0.0,0.05,,cvm_cramer_von_mises,permutation,,0.05,1000,1000,0,0,0.043,0.006414904519944158,679.936,1.0,0.0014685667962921626,10.136,-0.0029498010172782658,
power,C_ar1_reads_carved,calendar,700,,False,0.0,0.1,,c1_lewis_robinson,asymptotic,,0.05,1000,1000,0,0,0.059,0.007451107300260815,656.628,1.0,0.0015206165187613666,13.486,-0.0009304216370963926,
power,C_ar1_reads_carved,calendar,700,,False,0.0,0.1,,c1_lewis_robinson,permutation,,0.05,1000,1000,0,0,0.058,0.007391616873188166,656.628,1.0,0.0015206165187613666,13.486,-0.0009304216370963926,
power,C_ar1_reads_carved,calendar,700,,False,0.0,0.1,,c2_anderson_darling,asymptotic,,0.05,1000,1000,0,0,0.054,0.007147307185227175,656.628,1.0,0.0015206165187613666,13.486,-0.0009304216370963926,
power,C_ar1_reads_carved,calendar,700,,False,0.0,0.1,,c2_anderson_darling,permutation,,0.05,1000,1000,0,0,0.056,0.007270763371201128,656.628,1.0,0.0015206165187613666,13.486,-0.0009304216370963926,
power,C_ar1_reads_carved,calendar,700,,False,0.0,0.1,,c5_rank_autocorr,permutation,studentized,0.05,1000,1000,0,0,0.05,0.006892024376045111,656.628,1.0,0.0015206165187613666,13.486,-0.0009304216370963926,
power,C_ar1_reads_carved,calendar,700,,False,0.0,0.1,,c5_rank_autocorr,permutation,unstudentized,0.05,1000,1000,0,0,0.05,0.006892024376045111,656.628,1.0,0.0015206165187613666,13.486,-0.0009304216370963926,
power,C_ar1_reads_carved,calendar,700,,False,0.0,0.1,,c6_exchangeability,permutation,,0.05,1000,1000,0,0,0.049,0.006826346021115542,656.628,1.0,0.0015206165187613666,13.486,-0.0009304216370963926,
power,C_ar1_reads_carved,calendar,700,,False,0.0,0.1,,cvm_cramer_von_mises,asymptotic,,0.05,1000,1000,0,0,0.053,0.00708456067798138,656.628,1.0,0.0015206165187613666,13.486,-0.0009304216370963926,
power,C_ar1_reads_carved,calendar,700,,False,0.0,0.1,,cvm_cramer_von_mises,permutation,,0.05,1000,1000,0,0,0.054,0.007147307185227175,656.628,1.0,0.0015206165187613666,13.486,-0.0009304216370963926,
power,C_ar1_reads_carved,in_spec,700,,False,0.0,0.1,,c5_rank_autocorr,permutation,studentized,0.05,1000,1000,0,0,0.046,0.006624499981130651,657.739,1.0,0.0015180519143393665,10.505,-0.002573736138169019,
power,C_ar1_reads_carved,in_spec,700,,False,0.0,0.1,,c5_rank_autocorr,permutation,unstudentized,0.05,1000,1000,0,0,0.052,0.007021111023192838,657.739,1.0,0.0015180519143393665,10.505,-0.002573736138169019,
power,C_ar1_reads_carved,in_spec,700,,False,0.0,0.1,,c6_exchangeability,permutation,,0.05,1000,1000,0,0,0.044,0.006485676526007136,657.739,1.0,0.0015180519143393665,10.505,-0.002573736138169019,
power,C_ar1_reads_carved,in_spec,700,,False,0.0,0.1,,cvm_cramer_von_mises,permutation,,0.05,1000,1000,0,0,0.048,0.006759881655768835,657.739,1.0,0.0015180519143393665,10.505,-0.002573736138169019,
power,C_ar1_reads_carved,calendar,700,,False,0.0,0.15,,c1_lewis_robinson,asymptotic,,0.05,1000,1000,0,0,0.049,0.006826346021115542,633.971,1.0,0.0015748750730348315,13.992,-0.0011266981190548794,
power,C_ar1_reads_carved,calendar,700,,False,0.0,0.15,,c1_lewis_robinson,permutation,,0.05,1000,1000,0,0,0.049,0.006826346021115542,633.971,1.0,0.0015748750730348315,13.992,-0.0011266981190548794,
power,C_ar1_reads_carved,calendar,700,,False,0.0,0.15,,c2_anderson_darling,asymptotic,,0.05,1000,1000,0,0,0.054,0.007147307185227175,633.971,1.0,0.0015748750730348315,13.992,-0.0011266981190548794,
power,C_ar1_reads_carved,calendar,700,,False,0.0,0.15,,c2_anderson_darling,permutation,,0.05,1000,1000,0,0,0.05,0.006892024376045111,633.971,1.0,0.0015748750730348315,13.992,-0.0011266981190548794,
power,C_ar1_reads_carved,calendar,700,,False,0.0,0.15,,c5_rank_autocorr,permutation,studentized,0.05,1000,1000,0,0,0.055,0.00720936890441875,633.971,1.0,0.0015748750730348315,13.992,-0.0011266981190548794,
power,C_ar1_reads_carved,calendar,700,,False,0.0,0.15,,c5_rank_autocorr,permutation,unstudentized,0.05,1000,1000,0,0,0.055,0.00720936890441875,633.971,1.0,0.0015748750730348315,13.992,-0.0011266981190548794,
power,C_ar1_reads_carved,calendar,700,,False,0.0,0.15,,c6_exchangeability,permutation,,0.05,1000,1000,0,0,0.054,0.007147307185227175,633.971,1.0,0.0015748750730348315,13.992,-0.0011266981190548794,
power,C_ar1_reads_carved,calendar,700,,False,0.0,0.15,,cvm_cramer_von_mises,asymptotic,,0.05,1000,1000,0,0,0.054,0.007147307185227175,633.971,1.0,0.0015748750730348315,13.992,-0.0011266981190548794,
power,C_ar1_reads_carved,calendar,700,,False,0.0,0.15,,cvm_cramer_von_mises,permutation,,0.05,1000,1000,0,0,0.051,0.00695693898205238,633.971,1.0,0.0015748750730348315,13.992,-0.0011266981190548794,
power,C_ar1_reads_carved,in_spec,700,,False,0.0,0.15,,c5_rank_autocorr,permutation,studentized,0.05,1000,1000,0,0,0.043,0.006414904519944158,633.902,1.0,0.00157504622760678,10.952,-0.003055618754173805,
power,C_ar1_reads_carved,in_spec,700,,False,0.0,0.15,,c5_rank_autocorr,permutation,unstudentized,0.05,1000,1000,0,0,0.046,0.006624499981130651,633.902,1.0,0.00157504622760678,10.952,-0.003055618754173805,
power,C_ar1_reads_carved,in_spec,700,,False,0.0,0.15,,c6_exchangeability,permutation,,0.05,1000,1000,0,0,0.05,0.006892024376045111,633.902,1.0,0.00157504622760678,10.952,-0.003055618754173805,
power,C_ar1_reads_carved,in_spec,700,,False,0.0,0.15,,cvm_cramer_von_mises,permutation,,0.05,1000,1000,0,0,0.039,0.006122009474020765,633.902,1.0,0.00157504622760678,10.952,-0.003055618754173805,
power,C_ar1_reads_carved,calendar,700,,False,0.0,0.2,,c1_lewis_robinson,asymptotic,,0.05,1000,1000,0,0,0.049,0.006826346021115542,610.476,1.0,0.0016353871615566269,14.62,-0.003616132315788142,
power,C_ar1_reads_carved,calendar,700,,False,0.0,0.2,,c1_lewis_robinson,permutation,,0.05,1000,1000,0,0,0.046,0.006624499981130651,610.476,1.0,0.0016353871615566269,14.62,-0.003616132315788142,
power,C_ar1_reads_carved,calendar,700,,False,0.0,0.2,,c2_anderson_darling,asymptotic,,0.05,1000,1000,0,0,0.05,0.006892024376045111,610.476,1.0,0.0016353871615566269,14.62,-0.003616132315788142,
power,C_ar1_reads_carved,calendar,700,,False,0.0,0.2,,c2_anderson_darling,permutation,,0.05,1000,1000,0,0,0.046,0.006624499981130651,610.476,1.0,0.0016353871615566269,14.62,-0.003616132315788142,
power,C_ar1_reads_carved,calendar,700,,False,0.0,0.2,,c5_rank_autocorr,permutation,studentized,0.05,1000,1000,0,0,0.045,0.0065555320150236475,610.476,1.0,0.0016353871615566269,14.62,-0.003616132315788142,
power,C_ar1_reads_carved,calendar,700,,False,0.0,0.2,,c5_rank_autocorr,permutation,unstudentized,0.05,1000,1000,0,0,0.047,0.006692607862410586,610.476,1.0,0.0016353871615566269,14.62,-0.003616132315788142,
power,C_ar1_reads_carved,calendar,700,,False,0.0,0.2,,c6_exchangeability,permutation,,0.05,1000,1000,0,0,0.044,0.006485676526007136,610.476,1.0,0.0016353871615566269,14.62,-0.003616132315788142,
power,C_ar1_reads_carved,calendar,700,,False,0.0,0.2,,cvm_cramer_von_mises,asymptotic,,0.05,1000,1000,0,0,0.048,0.006759881655768835,610.476,1.0,0.0016353871615566269,14.62,-0.003616132315788142,
power,C_ar1_reads_carved,calendar,700,,False,0.0,0.2,,cvm_cramer_von_mises,permutation,,0.05,1000,1000,0,0,0.047,0.006692607862410586,610.476,1.0,0.0016353871615566269,14.62,-0.003616132315788142,
power,C_ar1_reads_carved,in_spec,700,,False,0.0,0.2,,c5_rank_autocorr,permutation,studentized,0.05,1000,1000,0,0,0.051,0.00695693898205238,612.306,1.0,0.0016305074465275081,11.33,-0.0028211440791566424,
power,C_ar1_reads_carved,in_spec,700,,False,0.0,0.2,,c5_rank_autocorr,permutation,unstudentized,0.05,1000,1000,0,0,0.049,0.006826346021115542,612.306,1.0,0.0016305074465275081,11.33,-0.0028211440791566424,
power,C_ar1_reads_carved,in_spec,700,,False,0.0,0.2,,c6_exchangeability,permutation,,0.05,1000,1000,0,0,0.046,0.006624499981130651,612.306,1.0,0.0016305074465275081,11.33,-0.0028211440791566424,
power,C_ar1_reads_carved,in_spec,700,,False,0.0,0.2,,cvm_cramer_von_mises,permutation,,0.05,1000,1000,0,0,0.049,0.006826346021115542,612.306,1.0,0.0016305074465275081,11.33,-0.0028211440791566424,
power,C_ar1_reads_carved,calendar,700,,False,0.0,0.3,,c1_lewis_robinson,asymptotic,,0.05,1000,1000,0,0,0.064,0.007739767438366608,566.477,1.0,0.0017621859564352388,16.043,-0.003315575820963291,
power,C_ar1_reads_carved,calendar,700,,False,0.0,0.3,,c1_lewis_robinson,permutation,,0.05,1000,1000,0,0,0.063,0.007683163410991596,566.477,1.0,0.0017621859564352388,16.043,-0.003315575820963291,
power,C_ar1_reads_carved,calendar,700,,False,0.0,0.3,,c2_anderson_darling,asymptotic,,0.05,1000,1000,0,0,0.067,0.007906389820898032,566.477,1.0,0.0017621859564352388,16.043,-0.003315575820963291,
power,C_ar1_reads_carved,calendar,700,,False,0.0,0.3,,c2_anderson_darling,permutation,,0.05,1000,1000,0,0,0.06,0.007509993342207435,566.477,1.0,0.0017621859564352388,16.043,-0.003315575820963291,
power,C_ar1_reads_carved,calendar,700,,False,0.0,0.3,,c5_rank_autocorr,permutation,studentized,0.05,1000,1000,0,0,0.039,0.006122009474020765,566.477,1.0,0.0017621859564352388,16.043,-0.003315575820963291,
power,C_ar1_reads_carved,calendar,700,,False,0.0,0.3,,c5_rank_autocorr,permutation,unstudentized,0.05,1000,1000,0,0,0.041,0.006270486424512854,566.477,1.0,0.0017621859564352388,16.043,-0.003315575820963291,
power,C_ar1_reads_carved,calendar,700,,False,0.0,0.3,,c6_exchangeability,permutation,,0.05,1000,1000,0,0,0.035,0.005811626278418116,566.477,1.0,0.0017621859564352388,16.043,-0.003315575820963291,
power,C_ar1_reads_carved,calendar,700,,False,0.0,0.3,,cvm_cramer_von_mises,asymptotic,,0.05,1000,1000,0,0,0.064,0.007739767438366608,566.477,1.0,0.0017621859564352388,16.043,-0.003315575820963291,
power,C_ar1_reads_carved,calendar,700,,False,0.0,0.3,,cvm_cramer_von_mises,permutation,,0.05,1000,1000,0,0,0.066,0.007851369307324678,566.477,1.0,0.0017621859564352388,16.043,-0.003315575820963291,
power,C_ar1_reads_carved,in_spec,700,,False,0.0,0.3,,c5_rank_autocorr,permutation,studentized,0.05,1000,1000,0,0,0.056,0.007270763371201128,566.266,1.0,0.0017628414183116917,12.382,-0.0025892796662663775,
power,C_ar1_reads_carved,in_spec,700,,False,0.0,0.3,,c5_rank_autocorr,permutation,unstudentized,0.05,1000,1000,0,0,0.055,0.00720936890441875,566.266,1.0,0.0017628414183116917,12.382,-0.0025892796662663775,
power,C_ar1_reads_carved,in_spec,700,,False,0.0,0.3,,c6_exchangeability,permutation,,0.05,1000,1000,0,0,0.055,0.00720936890441875,566.266,1.0,0.0017628414183116917,12.382,-0.0025892796662663775,
power,C_ar1_reads_carved,in_spec,700,,False,0.0,0.3,,cvm_cramer_von_mises,permutation,,0.05,1000,1000,0,0,0.06,0.007509993342207435,566.266,1.0,0.0017628414183116917,12.382,-0.0025892796662663775,
power,C_ar1_reads_carved,calendar,700,,False,0.0,0.5,,c1_lewis_robinson,asymptotic,,0.05,1000,1000,0,0,0.054,0.007147307185227175,467.836,1.0,0.0021329420095726435,19.952,-0.005978429027815748,
power,C_ar1_reads_carved,calendar,700,,False,0.0,0.5,,c1_lewis_robinson,permutation,,0.05,1000,1000,0,0,0.053,0.00708456067798138,467.836,1.0,0.0021329420095726435,19.952,-0.005978429027815748,
power,C_ar1_reads_carved,calendar,700,,False,0.0,0.5,,c2_anderson_darling,asymptotic,,0.05,1000,1000,0,0,0.055,0.00720936890441875,467.836,1.0,0.0021329420095726435,19.952,-0.005978429027815748,
power,C_ar1_reads_carved,calendar,700,,False,0.0,0.5,,c2_anderson_darling,permutation,,0.05,1000,1000,0,0,0.052,0.007021111023192838,467.836,1.0,0.0021329420095726435,19.952,-0.005978429027815748,
power,C_ar1_reads_carved,calendar,700,,False,0.0,0.5,,c5_rank_autocorr,permutation,studentized,0.05,1000,1000,0,0,0.052,0.007021111023192838,467.836,1.0,0.0021329420095726435,19.952,-0.005978429027815748,
power,C_ar1_reads_carved,calendar,700,,False,0.0,0.5,,c5_rank_autocorr,permutation,unstudentized,0.05,1000,1000,0,0,0.057,0.007331507348424334,467.836,1.0,0.0021329420095726435,19.952,-0.005978429027815748,
power,C_ar1_reads_carved,calendar,700,,False,0.0,0.5,,c6_exchangeability,permutation,,0.05,1000,1000,0,0,0.052,0.007021111023192838,467.836,1.0,0.0021329420095726435,19.952,-0.005978429027815748,
power,C_ar1_reads_carved,calendar,700,,False,0.0,0.5,,cvm_cramer_von_mises,asymptotic,,0.05,1000,1000,0,0,0.051,0.00695693898205238,467.836,1.0,0.0021329420095726435,19.952,-0.005978429027815748,
power,C_ar1_reads_carved,calendar,700,,False,0.0,0.5,,cvm_cramer_von_mises,permutation,,0.05,1000,1000,0,0,0.054,0.007147307185227175,467.836,1.0,0.0021329420095726435,19.952,-0.005978429027815748,
power,C_ar1_reads_carved,in_spec,700,,False,0.0,0.5,,c5_rank_autocorr,permutation,studentized,0.05,1000,1000,0,0,0.05,0.006892024376045111,468.373,1.0,0.002130501754468195,15.198,-0.00021191590772966828,
power,C_ar1_reads_carved,in_spec,700,,False,0.0,0.5,,c5_rank_autocorr,permutation,unstudentized,0.05,1000,1000,0,0,0.053,0.00708456067798138,468.373,1.0,0.002130501754468195,15.198,-0.00021191590772966828,
power,C_ar1_reads_carved,in_spec,700,,False,0.0,0.5,,c6_exchangeability,permutation,,0.05,1000,1000,0,0,0.048,0.006759881655768835,468.373,1.0,0.002130501754468195,15.198,-0.00021191590772966828,
power,C_ar1_reads_carved,in_spec,700,,False,0.0,0.5,,cvm_cramer_von_mises,permutation,,0.05,1000,1000,0,0,0.045,0.0065555320150236475,468.373,1.0,0.002130501754468195,15.198,-0.00021191590772966828,
power,D_trp_power_law,in_spec,1000,0.75,False,0.0,,0.7,c1_lewis_robinson,asymptotic,,0.05,1000,1000,0,0,1.0,0.0,998.757,1.0,0.0010002430590633524,998.757,0.0649073172060576,
power,D_trp_power_law,in_spec,1000,0.75,False,0.0,,0.7,c1_lewis_robinson,permutation,,0.05,1000,1000,0,0,1.0,0.0,998.757,1.0,0.0010002430590633524,998.757,0.0649073172060576,
power,D_trp_power_law,in_spec,1000,0.75,False,0.0,,0.7,c2_anderson_darling,asymptotic,,0.05,1000,1000,0,0,1.0,0.0,998.757,1.0,0.0010002430590633524,998.757,0.0649073172060576,
power,D_trp_power_law,in_spec,1000,0.75,False,0.0,,0.7,c2_anderson_darling,permutation,,0.05,1000,1000,0,0,1.0,0.0,998.757,1.0,0.0010002430590633524,998.757,0.0649073172060576,
power,D_trp_power_law,in_spec,1000,0.75,False,0.0,,0.7,c5_rank_autocorr,permutation,studentized,0.05,1000,1000,0,0,0.732,0.014006284303840188,998.757,1.0,0.0010002430590633524,998.757,0.0649073172060576,
power,D_trp_power_law,in_spec,1000,0.75,False,0.0,,0.7,c5_rank_autocorr,permutation,unstudentized,0.05,1000,1000,0,0,0.714,0.014289996501049257,998.757,1.0,0.0010002430590633524,998.757,0.0649073172060576,
power,D_trp_power_law,in_spec,1000,0.75,False,0.0,,0.7,c6_exchangeability,permutation,,0.05,1000,1000,0,0,0.872,0.010564847372300274,998.757,1.0,0.0010002430590633524,998.757,0.0649073172060576,
power,D_trp_power_law,in_spec,1000,0.75,False,0.0,,0.7,cvm_cramer_von_mises,asymptotic,,0.05,1000,1000,0,0,1.0,0.0,998.757,1.0,0.0010002430590633524,998.757,0.0649073172060576,
power,D_trp_power_law,in_spec,1000,0.75,False,0.0,,0.7,cvm_cramer_von_mises,permutation,,0.05,1000,1000,0,0,1.0,0.0,998.757,1.0,0.0010002430590633524,998.757,0.0649073172060576,
power,D_trp_power_law,in_spec,1000,0.75,False,0.0,,0.85,c1_lewis_robinson,asymptotic,,0.05,1000,1000,0,0,0.883,0.010164201887015036,999.173,1.0,0.0009998270299238232,999.173,0.013403460606628377,
power,D_trp_power_law,in_spec,1000,0.75,False,0.0,,0.85,c1_lewis_robinson,permutation,,0.05,1000,1000,0,0,0.884,0.010126401137620413,999.173,1.0,0.0009998270299238232,999.173,0.013403460606628377,
power,D_trp_power_law,in_spec,1000,0.75,False,0.0,,0.85,c2_anderson_darling,asymptotic,,0.05,1000,1000,0,0,0.911,0.009004387819280108,999.173,1.0,0.0009998270299238232,999.173,0.013403460606628377,
power,D_trp_power_law,in_spec,1000,0.75,False,0.0,,0.85,c2_anderson_darling,permutation,,0.05,1000,1000,0,0,0.916,0.008771772910877251,999.173,1.0,0.0009998270299238232,999.173,0.013403460606628377,
power,D_trp_power_law,in_spec,1000,0.75,False,0.0,,0.85,c5_rank_autocorr,permutation,studentized,0.05,1000,1000,0,0,0.089,0.00900438781928011,999.173,1.0,0.0009998270299238232,999.173,0.013403460606628377,
power,D_trp_power_law,in_spec,1000,0.75,False,0.0,,0.85,c5_rank_autocorr,permutation,unstudentized,0.05,1000,1000,0,0,0.081,0.008627803892068943,999.173,1.0,0.0009998270299238232,999.173,0.013403460606628377,
power,D_trp_power_law,in_spec,1000,0.75,False,0.0,,0.85,c6_exchangeability,permutation,,0.05,1000,1000,0,0,0.1,0.009486832980505138,999.173,1.0,0.0009998270299238232,999.173,0.013403460606628377,
power,D_trp_power_law,in_spec,1000,0.75,False,0.0,,0.85,cvm_cramer_von_mises,asymptotic,,0.05,1000,1000,0,0,0.879,0.010313049985334114,999.173,1.0,0.0009998270299238232,999.173,0.013403460606628377,
power,D_trp_power_law,in_spec,1000,0.75,False,0.0,,0.85,cvm_cramer_von_mises,permutation,,0.05,1000,1000,0,0,0.881,0.010239091756596383,999.173,1.0,0.0009998270299238232,999.173,0.013403460606628377,
power,D_trp_power_law,in_spec,1000,0.75,False,0.0,,1.2,c1_lewis_robinson,asymptotic,,0.05,1000,1000,0,0,0.965,0.005811626278418119,1001.143,1.0,0.0009978615826284273,1001.143,0.010257536046637494,
power,D_trp_power_law,in_spec,1000,0.75,False,0.0,,1.2,c1_lewis_robinson,permutation,,0.05,1000,1000,0,0,0.966,0.005730968504537434,1001.143,1.0,0.0009978615826284273,1001.143,0.010257536046637494,
power,D_trp_power_law,in_spec,1000,0.75,False,0.0,,1.2,c2_anderson_darling,asymptotic,,0.05,1000,1000,0,0,0.974,0.005032295698784007,1001.143,1.0,0.0009978615826284273,1001.143,0.010257536046637494,
power,D_trp_power_law,in_spec,1000,0.75,False,0.0,,1.2,c2_anderson_darling,permutation,,0.05,1000,1000,0,0,0.975,0.004937104414532877,1001.143,1.0,0.0009978615826284273,1001.143,0.010257536046637494,
power,D_trp_power_law,in_spec,1000,0.75,False,0.0,,1.2,c5_rank_autocorr,permutation,studentized,0.05,1000,1000,0,0,0.073,0.008226238508577295,1001.143,1.0,0.0009978615826284273,1001.143,0.010257536046637494,
power,D_trp_power_law,in_spec,1000,0.75,False,0.0,,1.2,c5_rank_autocorr,permutation,unstudentized,0.05,1000,1000,0,0,0.069,0.008014923580421713,1001.143,1.0,0.0009978615826284273,1001.143,0.010257536046637494,
power,D_trp_power_law,in_spec,1000,0.75,False,0.0,,1.2,c6_exchangeability,permutation,,0.05,1000,1000,0,0,0.087,0.00891240708226459,1001.143,1.0,0.0009978615826284273,1001.143,0.010257536046637494,
power,D_trp_power_law,in_spec,1000,0.75,False,0.0,,1.2,cvm_cramer_von_mises,asymptotic,,0.05,1000,1000,0,0,0.965,0.005811626278418119,1001.143,1.0,0.0009978615826284273,1001.143,0.010257536046637494,
power,D_trp_power_law,in_spec,1000,0.75,False,0.0,,1.2,cvm_cramer_von_mises,permutation,,0.05,1000,1000,0,0,0.965,0.005811626278418119,1001.143,1.0,0.0009978615826284273,1001.143,0.010257536046637494,
power,D_trp_power_law,in_spec,1000,0.75,False,0.0,,1.5,c1_lewis_robinson,asymptotic,,0.05,1000,1000,0,0,1.0,0.0,1002.177,1.0,0.0009968330613640464,1002.177,0.042450833513720074,
power,D_trp_power_law,in_spec,1000,0.75,False,0.0,,1.5,c1_lewis_robinson,permutation,,0.05,1000,1000,0,0,1.0,0.0,1002.177,1.0,0.0009968330613640464,1002.177,0.042450833513720074,
power,D_trp_power_law,in_spec,1000,0.75,False,0.0,,1.5,c2_anderson_darling,asymptotic,,0.05,1000,1000,0,0,1.0,0.0,1002.177,1.0,0.0009968330613640464,1002.177,0.042450833513720074,
power,D_trp_power_law,in_spec,1000,0.75,False,0.0,,1.5,c2_anderson_darling,permutation,,0.05,1000,1000,0,0,1.0,0.0,1002.177,1.0,0.0009968330613640464,1002.177,0.042450833513720074,
power,D_trp_power_law,in_spec,1000,0.75,False,0.0,,1.5,c5_rank_autocorr,permutation,studentized,0.05,1000,1000,0,0,0.433,0.015668790636165893,1002.177,1.0,0.0009968330613640464,1002.177,0.042450833513720074,
power,D_trp_power_law,in_spec,1000,0.75,False,0.0,,1.5,c5_rank_autocorr,permutation,unstudentized,0.05,1000,1000,0,0,0.408,0.015541428505771277,1002.177,1.0,0.0009968330613640464,1002.177,0.042450833513720074,
power,D_trp_power_law,in_spec,1000,0.75,False,0.0,,1.5,c6_exchangeability,permutation,,0.05,1000,1000,0,0,0.559,0.015700923539715746,1002.177,1.0,0.0009968330613640464,1002.177,0.042450833513720074,
power,D_trp_power_law,in_spec,1000,0.75,False,0.0,,1.5,cvm_cramer_von_mises,asymptotic,,0.05,1000,1000,0,0,1.0,0.0,1002.177,1.0,0.0009968330613640464,1002.177,0.042450833513720074,
power,D_trp_power_law,in_spec,1000,0.75,False,0.0,,1.5,cvm_cramer_von_mises,permutation,,0.05,1000,1000,0,0,1.0,0.0,1002.177,1.0,0.0009968330613640464,1002.177,0.042450833513720074,
power,E_copula_ar1_durations,in_spec,1000,0.75,False,0.0,0.05,,c1_lewis_robinson,asymptotic,,0.05,1000,1000,0,0,0.057,0.007331507348424334,998.098,1.0,0.0010009028143385334,998.098,0.0438338698700679,
power,E_copula_ar1_durations,in_spec,1000,0.75,False,0.0,0.05,,c1_lewis_robinson,permutation,,0.05,1000,1000,0,0,0.054,0.007147307185227175,998.098,1.0,0.0010009028143385334,998.098,0.0438338698700679,
power,E_copula_ar1_durations,in_spec,1000,0.75,False,0.0,0.05,,c2_anderson_darling,asymptotic,,0.05,1000,1000,0,0,0.054,0.007147307185227175,998.098,1.0,0.0010009028143385334,998.098,0.0438338698700679,
power,E_copula_ar1_durations,in_spec,1000,0.75,False,0.0,0.05,,c2_anderson_darling,permutation,,0.05,1000,1000,0,0,0.053,0.00708456067798138,998.098,1.0,0.0010009028143385334,998.098,0.0438338698700679,
power,E_copula_ar1_durations,in_spec,1000,0.75,False,0.0,0.05,,c5_rank_autocorr,permutation,studentized,0.05,1000,1000,0,0,0.155,0.011444430960078356,998.098,1.0,0.0010009028143385334,998.098,0.0438338698700679,
power,E_copula_ar1_durations,in_spec,1000,0.75,False,0.0,0.05,,c5_rank_autocorr,permutation,unstudentized,0.05,1000,1000,0,0,0.15,0.011291589790636216,998.098,1.0,0.0010009028143385334,998.098,0.0438338698700679,
power,E_copula_ar1_durations,in_spec,1000,0.75,False,0.0,0.05,,c6_exchangeability,permutation,,0.05,1000,1000,0,0,0.151,0.01132249972400088,998.098,1.0,0.0010009028143385334,998.098,0.0438338698700679,
power,E_copula_ar1_durations,in_spec,1000,0.75,False,0.0,0.05,,cvm_cramer_von_mises,asymptotic,,0.05,1000,1000,0,0,0.056,0.007270763371201128,998.098,1.0,0.0010009028143385334,998.098,0.0438338698700679,
power,E_copula_ar1_durations,in_spec,1000,0.75,False,0.0,0.05,,cvm_cramer_von_mises,permutation,,0.05,1000,1000,0,0,0.051,0.00695693898205238,998.098,1.0,0.0010009028143385334,998.098,0.0438338698700679,
power,E_copula_ar1_durations,in_spec,1000,0.75,False,0.0,0.1,,c1_lewis_robinson,asymptotic,,0.05,1000,1000,0,0,0.051,0.00695693898205238,997.747,1.0,0.0010012545719786893,997.747,0.09498414725229139,
power,E_copula_ar1_durations,in_spec,1000,0.75,False,0.0,0.1,,c1_lewis_robinson,permutation,,0.05,1000,1000,0,0,0.05,0.006892024376045111,997.747,1.0,0.0010012545719786893,997.747,0.09498414725229139,
power,E_copula_ar1_durations,in_spec,1000,0.75,False,0.0,0.1,,c2_anderson_darling,asymptotic,,0.05,1000,1000,0,0,0.063,0.007683163410991596,997.747,1.0,0.0010012545719786893,997.747,0.09498414725229139,
power,E_copula_ar1_durations,in_spec,1000,0.75,False,0.0,0.1,,c2_anderson_darling,permutation,,0.05,1000,1000,0,0,0.058,0.007391616873188166,997.747,1.0,0.0010012545719786893,997.747,0.09498414725229139,
power,E_copula_ar1_durations,in_spec,1000,0.75,False,0.0,0.1,,c5_rank_autocorr,permutation,studentized,0.05,1000,1000,0,0,0.681,0.01473902981881779,997.747,1.0,0.0010012545719786893,997.747,0.09498414725229139,
power,E_copula_ar1_durations,in_spec,1000,0.75,False,0.0,0.1,,c5_rank_autocorr,permutation,unstudentized,0.05,1000,1000,0,0,0.663,0.014947608504372864,997.747,1.0,0.0010012545719786893,997.747,0.09498414725229139,
power,E_copula_ar1_durations,in_spec,1000,0.75,False,0.0,0.1,,c6_exchangeability,permutation,,0.05,1000,1000,0,0,0.616,0.015379986996093333,997.747,1.0,0.0010012545719786893,997.747,0.09498414725229139,
power,E_copula_ar1_durations,in_spec,1000,0.75,False,0.0,0.1,,cvm_cramer_von_mises,asymptotic,,0.05,1000,1000,0,0,0.058,0.007391616873188166,997.747,1.0,0.0010012545719786893,997.747,0.09498414725229139,
power,E_copula_ar1_durations,in_spec,1000,0.75,False,0.0,0.1,,cvm_cramer_von_mises,permutation,,0.05,1000,1000,0,0,0.057,0.007331507348424334,997.747,1.0,0.0010012545719786893,997.747,0.09498414725229139,
power,E_copula_ar1_durations,in_spec,1000,0.75,False,0.0,0.15,,c1_lewis_robinson,asymptotic,,0.05,1000,1000,0,0,0.067,0.007906389820898032,998.961,1.0,0.0010000390015210594,998.961,0.14395469259311963,
power,E_copula_ar1_durations,in_spec,1000,0.75,False,0.0,0.15,,c1_lewis_robinson,permutation,,0.05,1000,1000,0,0,0.073,0.008226238508577295,998.961,1.0,0.0010000390015210594,998.961,0.14395469259311963,
power,E_copula_ar1_durations,in_spec,1000,0.75,False,0.0,0.15,,c2_anderson_darling,asymptotic,,0.05,1000,1000,0,0,0.077,0.00843036179532053,998.961,1.0,0.0010000390015210594,998.961,0.14395469259311963,
power,E_copula_ar1_durations,in_spec,1000,0.75,False,0.0,0.15,,c2_anderson_darling,permutation,,0.05,1000,1000,0,0,0.075,0.008329165624478841,998.961,1.0,0.0010000390015210594,998.961,0.14395469259311963,
power,E_copula_ar1_durations,in_spec,1000,0.75,False,0.0,0.15,,c5_rank_autocorr,permutation,studentized,0.05,1000,1000,0,0,0.979,0.00453420334788814,998.961,1.0,0.0010000390015210594,998.961,0.14395469259311963,
power,E_copula_ar1_durations,in_spec,1000,0.75,False,0.0,0.15,,c5_rank_autocorr,permutation,unstudentized,0.05,1000,1000,0,0,0.977,0.004740358636221528,998.961,1.0,0.0010000390015210594,998.961,0.14395469259311963,
power,E_copula_ar1_durations,in_spec,1000,0.75,False,0.0,0.15,,c6_exchangeability,permutation,,0.05,1000,1000,0,0,0.955,0.00655553201502365,998.961,1.0,0.0010000390015210594,998.961,0.14395469259311963,
power,E_copula_ar1_durations,in_spec,1000,0.75,False,0.0,0.15,,cvm_cramer_von_mises,asymptotic,,0.05,1000,1000,0,0,0.072,0.008174105455644672,998.961,1.0,0.0010000390015210594,998.961,0.14395469259311963,
power,E_copula_ar1_durations,in_spec,1000,0.75,False,0.0,0.15,,cvm_cramer_von_mises,permutation,,0.05,1000,1000,0,0,0.075,0.008329165624478841,998.961,1.0,0.0010000390015210594,998.961,0.14395469259311963,
power,E_copula_ar1_durations,in_spec,1000,0.75,False,0.0,0.2,,c1_lewis_robinson,asymptotic,,0.05,1000,1000,0,0,0.087,0.00891240708226459,999.301,1.0,0.0009996990905737373,999.301,0.19011358221349262,
power,E_copula_ar1_durations,in_spec,1000,0.75,False,0.0,0.2,,c1_lewis_robinson,permutation,,0.05,1000,1000,0,0,0.083,0.008724161850859944,999.301,1.0,0.0009996990905737373,999.301,0.19011358221349262,
power,E_copula_ar1_durations,in_spec,1000,0.75,False,0.0,0.2,,c2_anderson_darling,asymptotic,,0.05,1000,1000,0,0,0.102,0.009570579919733181,999.301,1.0,0.0009996990905737373,999.301,0.19011358221349262,
power,E_copula_ar1_durations,in_spec,1000,0.75,False,0.0,0.2,,c2_anderson_darling,permutation,,0.05,1000,1000,0,0,0.102,0.009570579919733181,999.301,1.0,0.0009996990905737373,999.301,0.19011358221349262,
power,E_copula_ar1_durations,in_spec,1000,0.75,False,0.0,0.2,,c5_rank_autocorr,permutation,studentized,0.05,1000,1000,0,0,1.0,0.0,999.301,1.0,0.0009996990905737373,999.301,0.19011358221349262,
power,E_copula_ar1_durations,in_spec,1000,0.75,False,0.0,0.2,,c5_rank_autocorr,permutation,unstudentized,0.05,1000,1000,0,0,1.0,0.0,999.301,1.0,0.0009996990905737373,999.301,0.19011358221349262,
power,E_copula_ar1_durations,in_spec,1000,0.75,False,0.0,0.2,,c6_exchangeability,permutation,,0.05,1000,1000,0,0,1.0,0.0,999.301,1.0,0.0009996990905737373,999.301,0.19011358221349262,
power,E_copula_ar1_durations,in_spec,1000,0.75,False,0.0,0.2,,cvm_cramer_von_mises,asymptotic,,0.05,1000,1000,0,0,0.097,0.00935900635751467,999.301,1.0,0.0009996990905737373,999.301,0.19011358221349262,
power,E_copula_ar1_durations,in_spec,1000,0.75,False,0.0,0.2,,cvm_cramer_von_mises,permutation,,0.05,1000,1000,0,0,0.096,0.009315793041926168,999.301,1.0,0.0009996990905737373,999.301,0.19011358221349262,
power,E_copula_ar1_durations,in_spec,1000,0.75,False,0.0,0.3,,c1_lewis_robinson,asymptotic,,0.05,1000,1000,0,0,0.117,0.010164201887015036,1000.458,1.0,0.0009985441226691484,1000.458,0.28584829432809716,
power,E_copula_ar1_durations,in_spec,1000,0.75,False,0.0,0.3,,c1_lewis_robinson,permutation,,0.05,1000,1000,0,0,0.119,0.010239091756596383,1000.458,1.0,0.0009985441226691484,1000.458,0.28584829432809716,
power,E_copula_ar1_durations,in_spec,1000,0.75,False,0.0,0.3,,c2_anderson_darling,asymptotic,,0.05,1000,1000,0,0,0.16,0.01159310139695155,1000.458,1.0,0.0009985441226691484,1000.458,0.28584829432809716,
power,E_copula_ar1_durations,in_spec,1000,0.75,False,0.0,0.3,,c2_anderson_darling,permutation,,0.05,1000,1000,0,0,0.153,0.011383804285035824,1000.458,1.0,0.0009985441226691484,1000.458,0.28584829432809716,
power,E_copula_ar1_durations,in_spec,1000,0.75,False,0.0,0.3,,c5_rank_autocorr,permutation,studentized,0.05,1000,1000,0,0,1.0,0.0,1000.458,1.0,0.0009985441226691484,1000.458,0.28584829432809716,
power,E_copula_ar1_durations,in_spec,1000,0.75,False,0.0,0.3,,c5_rank_autocorr,permutation,unstudentized,0.05,1000,1000,0,0,1.0,0.0,1000.458,1.0,0.0009985441226691484,1000.458,0.28584829432809716,
power,E_copula_ar1_durations,in_spec,1000,0.75,False,0.0,0.3,,c6_exchangeability,permutation,,0.05,1000,1000,0,0,1.0,0.0,1000.458,1.0,0.0009985441226691484,1000.458,0.28584829432809716,
power,E_copula_ar1_durations,in_spec,1000,0.75,False,0.0,0.3,,cvm_cramer_von_mises,asymptotic,,0.05,1000,1000,0,0,0.149,0.01126050620531777,1000.458,1.0,0.0009985441226691484,1000.458,0.28584829432809716,
power,E_copula_ar1_durations,in_spec,1000,0.75,False,0.0,0.3,,cvm_cramer_von_mises,permutation,,0.05,1000,1000,0,0,0.139,0.010939789760319894,1000.458,1.0,0.0009985441226691484,1000.458,0.28584829432809716,
power,E_copula_ar1_durations,in_spec,1000,0.75,False,0.0,0.5,,c1_lewis_robinson,asymptotic,,0.05,1000,1000,0,0,0.233,0.013368283360252356,1002.529,1.0,0.0009964834100459478,1002.529,0.47976128330261664,
power,E_copula_ar1_durations,in_spec,1000,0.75,False,0.0,0.5,,c1_lewis_robinson,permutation,,0.05,1000,1000,0,0,0.226,0.013225883713385657,1002.529,1.0,0.0009964834100459478,1002.529,0.47976128330261664,
power,E_copula_ar1_durations,in_spec,1000,0.75,False,0.0,0.5,,c2_anderson_darling,asymptotic,,0.05,1000,1000,0,0,0.372,0.015284501954594399,1002.529,1.0,0.0009964834100459478,1002.529,0.47976128330261664,
power,E_copula_ar1_durations,in_spec,1000,0.75,False,0.0,0.5,,c2_anderson_darling,permutation,,0.05,1000,1000,0,0,0.36,0.015178932768808221,1002.529,1.0,0.0009964834100459478,1002.529,0.47976128330261664,
power,E_copula_ar1_durations,in_spec,1000,0.75,False,0.0,0.5,,c5_rank_autocorr,permutation,studentized,0.05,1000,1000,0,0,1.0,0.0,1002.529,1.0,0.0009964834100459478,1002.529,0.47976128330261664,
power,E_copula_ar1_durations,in_spec,1000,0.75,False,0.0,0.5,,c5_rank_autocorr,permutation,unstudentized,0.05,1000,1000,0,0,1.0,0.0,1002.529,1.0,0.0009964834100459478,1002.529,0.47976128330261664,
power,E_copula_ar1_durations,in_spec,1000,0.75,False,0.0,0.5,,c6_exchangeability,permutation,,0.05,1000,1000,0,0,1.0,0.0,1002.529,1.0,0.0009964834100459478,1002.529,0.47976128330261664,
power,E_copula_ar1_durations,in_spec,1000,0.75,False,0.0,0.5,,cvm_cramer_von_mises,asymptotic,,0.05,1000,1000,0,0,0.301,0.014505137021069467,1002.529,1.0,0.0009964834100459478,1002.529,0.47976128330261664,
power,E_copula_ar1_durations,in_spec,1000,0.75,False,0.0,0.5,,cvm_cramer_von_mises,permutation,,0.05,1000,1000,0,0,0.291,0.014363808687113596,1002.529,1.0,0.0009964834100459478,1002.529,0.47976128330261664,
power,D_trp_power_law,in_spec,1000,1.5,False,0.0,,0.7,c1_lewis_robinson,asymptotic,,0.05,1000,1000,0,0,1.0,0.0,1000.402,1.0,0.0009985999628520812,1000.402,0.1913991475447349,
power,D_trp_power_law,in_spec,1000,1.5,False,0.0,,0.7,c1_lewis_robinson,permutation,,0.05,1000,1000,0,0,1.0,0.0,1000.402,1.0,0.0009985999628520812,1000.402,0.1913991475447349,
power,D_trp_power_law,in_spec,1000,1.5,False,0.0,,0.7,c2_anderson_darling,asymptotic,,0.05,1000,1000,0,0,1.0,0.0,1000.402,1.0,0.0009985999628520812,1000.402,0.1913991475447349,
power,D_trp_power_law,in_spec,1000,1.5,False,0.0,,0.7,c2_anderson_darling,permutation,,0.05,1000,1000,0,0,1.0,0.0,1000.402,1.0,0.0009985999628520812,1000.402,0.1913991475447349,
power,D_trp_power_law,in_spec,1000,1.5,False,0.0,,0.7,c5_rank_autocorr,permutation,studentized,0.05,1000,1000,0,0,1.0,0.0,1000.402,1.0,0.0009985999628520812,1000.402,0.1913991475447349,
power,D_trp_power_law,in_spec,1000,1.5,False,0.0,,0.7,c5_rank_autocorr,permutation,unstudentized,0.05,1000,1000,0,0,1.0,0.0,1000.402,1.0,0.0009985999628520812,1000.402,0.1913991475447349,
power,D_trp_power_law,in_spec,1000,1.5,False,0.0,,0.7,c6_exchangeability,permutation,,0.05,1000,1000,0,0,1.0,0.0,1000.402,1.0,0.0009985999628520812,1000.402,0.1913991475447349,
power,D_trp_power_law,in_spec,1000,1.5,False,0.0,,0.7,cvm_cramer_von_mises,asymptotic,,0.05,1000,1000,0,0,1.0,0.0,1000.402,1.0,0.0009985999628520812,1000.402,0.1913991475447349,
power,D_trp_power_law,in_spec,1000,1.5,False,0.0,,0.7,cvm_cramer_von_mises,permutation,,0.05,1000,1000,0,0,1.0,0.0,1000.402,1.0,0.0009985999628520812,1000.402,0.1913991475447349,
power,D_trp_power_law,in_spec,1000,1.5,False,0.0,,0.85,c1_lewis_robinson,asymptotic,,0.05,1000,1000,0,0,1.0,0.0,999.731,1.0,0.0009992695339706675,999.731,0.04534827768620592,
power,D_trp_power_law,in_spec,1000,1.5,False,0.0,,0.85,c1_lewis_robinson,permutation,,0.05,1000,1000,0,0,1.0,0.0,999.731,1.0,0.0009992695339706675,999.731,0.04534827768620592,
power,D_trp_power_law,in_spec,1000,1.5,False,0.0,,0.85,c2_anderson_darling,asymptotic,,0.05,1000,1000,0,0,1.0,0.0,999.731,1.0,0.0009992695339706675,999.731,0.04534827768620592,
power,D_trp_power_law,in_spec,1000,1.5,False,0.0,,0.85,c2_anderson_darling,permutation,,0.05,1000,1000,0,0,1.0,0.0,999.731,1.0,0.0009992695339706675,999.731,0.04534827768620592,
power,D_trp_power_law,in_spec,1000,1.5,False,0.0,,0.85,c5_rank_autocorr,permutation,studentized,0.05,1000,1000,0,0,0.463,0.015768037290671277,999.731,1.0,0.0009992695339706675,999.731,0.04534827768620592,
power,D_trp_power_law,in_spec,1000,1.5,False,0.0,,0.85,c5_rank_autocorr,permutation,unstudentized,0.05,1000,1000,0,0,0.45,0.015732132722552274,999.731,1.0,0.0009992695339706675,999.731,0.04534827768620592,
power,D_trp_power_law,in_spec,1000,1.5,False,0.0,,0.85,c6_exchangeability,permutation,,0.05,1000,1000,0,0,0.621,0.015341414537127925,999.731,1.0,0.0009992695339706675,999.731,0.04534827768620592,
power,D_trp_power_law,in_spec,1000,1.5,False,0.0,,0.85,cvm_cramer_von_mises,asymptotic,,0.05,1000,1000,0,0,1.0,0.0,999.731,1.0,0.0009992695339706675,999.731,0.04534827768620592,
power,D_trp_power_law,in_spec,1000,1.5,False,0.0,,0.85,cvm_cramer_von_mises,permutation,,0.05,1000,1000,0,0,1.0,0.0,999.731,1.0,0.0009992695339706675,999.731,0.04534827768620592,
power,D_trp_power_law,in_spec,1000,1.5,False,0.0,,1.2,c1_lewis_robinson,asymptotic,,0.05,1000,1000,0,0,1.0,0.0,1000.196,1.0,0.000998805428707266,1000.196,0.03862510696612602,
power,D_trp_power_law,in_spec,1000,1.5,False,0.0,,1.2,c1_lewis_robinson,permutation,,0.05,1000,1000,0,0,1.0,0.0,1000.196,1.0,0.000998805428707266,1000.196,0.03862510696612602,
power,D_trp_power_law,in_spec,1000,1.5,False,0.0,,1.2,c2_anderson_darling,asymptotic,,0.05,1000,1000,0,0,1.0,0.0,1000.196,1.0,0.000998805428707266,1000.196,0.03862510696612602,
power,D_trp_power_law,in_spec,1000,1.5,False,0.0,,1.2,c2_anderson_darling,permutation,,0.05,1000,1000,0,0,1.0,0.0,1000.196,1.0,0.000998805428707266,1000.196,0.03862510696612602,
power,D_trp_power_law,in_spec,1000,1.5,False,0.0,,1.2,c5_rank_autocorr,permutation,studentized,0.05,1000,1000,0,0,0.355,0.015131919904625453,1000.196,1.0,0.000998805428707266,1000.196,0.03862510696612602,
power,D_trp_power_law,in_spec,1000,1.5,False,0.0,,1.2,c5_rank_autocorr,permutation,unstudentized,0.05,1000,1000,0,0,0.341,0.01499063040702425,1000.196,1.0,0.000998805428707266,1000.196,0.03862510696612602,
power,D_trp_power_law,in_spec,1000,1.5,False,0.0,,1.2,c6_exchangeability,permutation,,0.05,1000,1000,0,0,0.493,0.015809838708854686,1000.196,1.0,0.000998805428707266,1000.196,0.03862510696612602,
power,D_trp_power_law,in_spec,1000,1.5,False,0.0,,1.2,cvm_cramer_von_mises,asymptotic,,0.05,1000,1000,0,0,1.0,0.0,1000.196,1.0,0.000998805428707266,1000.196,0.03862510696612602,
power,D_trp_power_law,in_spec,1000,1.5,False,0.0,,1.2,cvm_cramer_von_mises,permutation,,0.05,1000,1000,0,0,1.0,0.0,1000.196,1.0,0.000998805428707266,1000.196,0.03862510696612602,
power,D_trp_power_law,in_spec,1000,1.5,False,0.0,,1.5,c1_lewis_robinson,asymptotic,,0.05,1000,1000,0,0,1.0,0.0,1000.322,1.0,0.0009986797453766121,1000.322,0.1316888154317552,
power,D_trp_power_law,in_spec,1000,1.5,False,0.0,,1.5,c1_lewis_robinson,permutation,,0.05,1000,1000,0,0,1.0,0.0,1000.322,1.0,0.0009986797453766121,1000.322,0.1316888154317552,
power,D_trp_power_law,in_spec,1000,1.5,False,0.0,,1.5,c2_anderson_darling,asymptotic,,0.05,1000,1000,0,0,1.0,0.0,1000.322,1.0,0.0009986797453766121,1000.322,0.1316888154317552,
power,D_trp_power_law,in_spec,1000,1.5,False,0.0,,1.5,c2_anderson_darling,permutation,,0.05,1000,1000,0,0,1.0,0.0,1000.322,1.0,0.0009986797453766121,1000.322,0.1316888154317552,
power,D_trp_power_law,in_spec,1000,1.5,False,0.0,,1.5,c5_rank_autocorr,permutation,studentized,0.05,1000,1000,0,0,0.999,0.0009994998749374613,1000.322,1.0,0.0009986797453766121,1000.322,0.1316888154317552,
power,D_trp_power_law,in_spec,1000,1.5,False,0.0,,1.5,c5_rank_autocorr,permutation,unstudentized,0.05,1000,1000,0,0,0.999,0.0009994998749374613,1000.322,1.0,0.0009986797453766121,1000.322,0.1316888154317552,
power,D_trp_power_law,in_spec,1000,1.5,False,0.0,,1.5,c6_exchangeability,permutation,,0.05,1000,1000,0,0,1.0,0.0,1000.322,1.0,0.0009986797453766121,1000.322,0.1316888154317552,
power,D_trp_power_law,in_spec,1000,1.5,False,0.0,,1.5,cvm_cramer_von_mises,asymptotic,,0.05,1000,1000,0,0,1.0,0.0,1000.322,1.0,0.0009986797453766121,1000.322,0.1316888154317552,
power,D_trp_power_law,in_spec,1000,1.5,False,0.0,,1.5,cvm_cramer_von_mises,permutation,,0.05,1000,1000,0,0,1.0,0.0,1000.322,1.0,0.0009986797453766121,1000.322,0.1316888154317552,
power,E_copula_ar1_durations,in_spec,1000,1.5,False,0.0,0.05,,c1_lewis_robinson,asymptotic,,0.05,1000,1000,0,0,0.08,0.008579044235810887,999.857,1.0,0.0009991437338201163,999.857,0.046249289737639,
power,E_copula_ar1_durations,in_spec,1000,1.5,False,0.0,0.05,,c1_lewis_robinson,permutation,,0.05,1000,1000,0,0,0.081,0.008627803892068943,999.857,1.0,0.0009991437338201163,999.857,0.046249289737639,
power,E_copula_ar1_durations,in_spec,1000,1.5,False,0.0,0.05,,c2_anderson_darling,asymptotic,,0.05,1000,1000,0,0,0.087,0.00891240708226459,999.857,1.0,0.0009991437338201163,999.857,0.046249289737639,
power,E_copula_ar1_durations,in_spec,1000,1.5,False,0.0,0.05,,c2_anderson_darling,permutation,,0.05,1000,1000,0,0,0.084,0.008771772910877254,999.857,1.0,0.0009991437338201163,999.857,0.046249289737639,
power,E_copula_ar1_durations,in_spec,1000,1.5,False,0.0,0.05,,c5_rank_autocorr,permutation,studentized,0.05,1000,1000,0,0,0.181,0.0121753439376471,999.857,1.0,0.0009991437338201163,999.857,0.046249289737639,
power,E_copula_ar1_durations,in_spec,1000,1.5,False,0.0,0.05,,c5_rank_autocorr,permutation,unstudentized,0.05,1000,1000,0,0,0.18,0.012149074038789953,999.857,1.0,0.0009991437338201163,999.857,0.046249289737639,
power,E_copula_ar1_durations,in_spec,1000,1.5,False,0.0,0.05,,c6_exchangeability,permutation,,0.05,1000,1000,0,0,0.172,0.011933817494833746,999.857,1.0,0.0009991437338201163,999.857,0.046249289737639,
power,E_copula_ar1_durations,in_spec,1000,1.5,False,0.0,0.05,,cvm_cramer_von_mises,asymptotic,,0.05,1000,1000,0,0,0.084,0.008771772910877254,999.857,1.0,0.0009991437338201163,999.857,0.046249289737639,
power,E_copula_ar1_durations,in_spec,1000,1.5,False,0.0,0.05,,cvm_cramer_von_mises,permutation,,0.05,1000,1000,0,0,0.081,0.008627803892068943,999.857,1.0,0.0009991437338201163,999.857,0.046249289737639,
power,E_copula_ar1_durations,in_spec,1000,1.5,False,0.0,0.1,,c1_lewis_robinson,asymptotic,,0.05,1000,1000,0,0,0.075,0.008329165624478841,999.53,1.0,0.000999470280751202,999.53,0.09402130399725067,
power,E_copula_ar1_durations,in_spec,1000,1.5,False,0.0,0.1,,c1_lewis_robinson,permutation,,0.05,1000,1000,0,0,0.072,0.008174105455644672,999.53,1.0,0.000999470280751202,999.53,0.09402130399725067,
power,E_copula_ar1_durations,in_spec,1000,1.5,False,0.0,0.1,,c2_anderson_darling,asymptotic,,0.05,1000,1000,0,0,0.085,0.008819013550278738,999.53,1.0,0.000999470280751202,999.53,0.09402130399725067,
power,E_copula_ar1_durations,in_spec,1000,1.5,False,0.0,0.1,,c2_anderson_darling,permutation,,0.05,1000,1000,0,0,0.079,0.008529888627643388,999.53,1.0,0.000999470280751202,999.53,0.09402130399725067,
power,E_copula_ar1_durations,in_spec,1000,1.5,False,0.0,0.1,,c5_rank_autocorr,permutation,studentized,0.05,1000,1000,0,0,0.679,0.0147634345597493,999.53,1.0,0.000999470280751202,999.53,0.09402130399725067,
power,E_copula_ar1_durations,in_spec,1000,1.5,False,0.0,0.1,,c5_rank_autocorr,permutation,unstudentized,0.05,1000,1000,0,0,0.669,0.014880826589944525,999.53,1.0,0.000999470280751202,999.53,0.09402130399725067,
power,E_copula_ar1_durations,in_spec,1000,1.5,False,0.0,0.1,,c6_exchangeability,permutation,,0.05,1000,1000,0,0,0.626,0.015301111070768685,999.53,1.0,0.000999470280751202,999.53,0.09402130399725067,
power,E_copula_ar1_durations,in_spec,1000,1.5,False,0.0,0.1,,cvm_cramer_von_mises,asymptotic,,0.05,1000,1000,0,0,0.08,0.008579044235810887,999.53,1.0,0.000999470280751202,999.53,0.09402130399725067,
power,E_copula_ar1_durations,in_spec,1000,1.5,False,0.0,0.1,,cvm_cramer_von_mises,permutation,,0.05,1000,1000,0,0,0.082,0.008676174272108648,999.53,1.0,0.000999470280751202,999.53,0.09402130399725067,
power,E_copula_ar1_durations,in_spec,1000,1.5,False,0.0,0.15,,c1_lewis_robinson,asymptotic,,0.05,1000,1000,0,0,0.077,0.00843036179532053,998.807,1.0,0.0010001930372561905,998.807,0.14240451808379623,
power,E_copula_ar1_durations,in_spec,1000,1.5,False,0.0,0.15,,c1_lewis_robinson,permutation,,0.05,1000,1000,0,0,0.068,0.007960904471226871,998.807,1.0,0.0010001930372561905,998.807,0.14240451808379623,
power,E_copula_ar1_durations,in_spec,1000,1.5,False,0.0,0.15,,c2_anderson_darling,asymptotic,,0.05,1000,1000,0,0,0.095,0.00927227048785787,998.807,1.0,0.0010001930372561905,998.807,0.14240451808379623,
power,E_copula_ar1_durations,in_spec,1000,1.5,False,0.0,0.15,,c2_anderson_darling,permutation,,0.05,1000,1000,0,0,0.09,0.009049861877399014,998.807,1.0,0.0010001930372561905,998.807,0.14240451808379623,
power,E_copula_ar1_durations,in_spec,1000,1.5,False,0.0,0.15,,c5_rank_autocorr,permutation,studentized,0.05,1000,1000,0,0,0.971,0.005306505441436956,998.807,1.0,0.0010001930372561905,998.807,0.14240451808379623,
power,E_copula_ar1_durations,in_spec,1000,1.5,False,0.0,0.15,,c5_rank_autocorr,permutation,unstudentized,0.05,1000,1000,0,0,0.967,0.005648982209212561,998.807,1.0,0.0010001930372561905,998.807,0.14240451808379623,
power,E_copula_ar1_durations,in_spec,1000,1.5,False,0.0,0.15,,c6_exchangeability,permutation,,0.05,1000,1000,0,0,0.943,0.007331507348424336,998.807,1.0,0.0010001930372561905,998.807,0.14240451808379623,
power,E_copula_ar1_durations,in_spec,1000,1.5,False,0.0,0.15,,cvm_cramer_von_mises,asymptotic,,0.05,1000,1000,0,0,0.083,0.008724161850859944,998.807,1.0,0.0010001930372561905,998.807,0.14240451808379623,
power,E_copula_ar1_durations,in_spec,1000,1.5,False,0.0,0.15,,cvm_cramer_von_mises,permutation,,0.05,1000,1000,0,0,0.085,0.008819013550278738,998.807,1.0,0.0010001930372561905,998.807,0.14240451808379623,
power,E_copula_ar1_durations,in_spec,1000,1.5,False,0.0,0.2,,c1_lewis_robinson,asymptotic,,0.05,1000,1000,0,0,0.124,0.010422283818818216,999.168,1.0,0.0009998320282192592,999.168,0.18780912868490857,
power,E_copula_ar1_durations,in_spec,1000,1.5,False,0.0,0.2,,c1_lewis_robinson,permutation,,0.05,1000,1000,0,0,0.122,0.010349685985574635,999.168,1.0,0.0009998320282192592,999.168,0.18780912868490857,
power,E_copula_ar1_durations,in_spec,1000,1.5,False,0.0,0.2,,c2_anderson_darling,asymptotic,,0.05,1000,1000,0,0,0.143,0.011070275515993266,999.168,1.0,0.0009998320282192592,999.168,0.18780912868490857,
power,E_copula_ar1_durations,in_spec,1000,1.5,False,0.0,0.2,,c2_anderson_darling,permutation,,0.05,1000,1000,0,0,0.139,0.010939789760319894,999.168,1.0,0.0009998320282192592,999.168,0.18780912868490857,
power,E_copula_ar1_durations,in_spec,1000,1.5,False,0.0,0.2,,c5_rank_autocorr,permutation,studentized,0.05,1000,1000,0,0,1.0,0.0,999.168,1.0,0.0009998320282192592,999.168,0.18780912868490857,
power,E_copula_ar1_durations,in_spec,1000,1.5,False,0.0,0.2,,c5_rank_autocorr,permutation,unstudentized,0.05,1000,1000,0,0,1.0,0.0,999.168,1.0,0.0009998320282192592,999.168,0.18780912868490857,
power,E_copula_ar1_durations,in_spec,1000,1.5,False,0.0,0.2,,c6_exchangeability,permutation,,0.05,1000,1000,0,0,0.999,0.0009994998749374613,999.168,1.0,0.0009998320282192592,999.168,0.18780912868490857,
power,E_copula_ar1_durations,in_spec,1000,1.5,False,0.0,0.2,,cvm_cramer_von_mises,asymptotic,,0.05,1000,1000,0,0,0.138,0.01090669519148674,999.168,1.0,0.0009998320282192592,999.168,0.18780912868490857,
power,E_copula_ar1_durations,in_spec,1000,1.5,False,0.0,0.2,,cvm_cramer_von_mises,permutation,,0.05,1000,1000,0,0,0.14,0.010972693379476163,999.168,1.0,0.0009998320282192592,999.168,0.18780912868490857,
power,E_copula_ar1_durations,in_spec,1000,1.5,False,0.0,0.3,,c1_lewis_robinson,asymptotic,,0.05,1000,1000,0,0,0.147,0.011197812286335219,999.94,1.0,0.0009990608827701959,999.94,0.2849038029259941,
power,E_copula_ar1_durations,in_spec,1000,1.5,False,0.0,0.3,,c1_lewis_robinson,permutation,,0.05,1000,1000,0,0,0.141,0.011005407761641547,999.94,1.0,0.0009990608827701959,999.94,0.2849038029259941,
power,E_copula_ar1_durations,in_spec,1000,1.5,False,0.0,0.3,,c2_anderson_darling,asymptotic,,0.05,1000,1000,0,0,0.211,0.012902674141432851,999.94,1.0,0.0009990608827701959,999.94,0.2849038029259941,
power,E_copula_ar1_durations,in_spec,1000,1.5,False,0.0,0.3,,c2_anderson_darling,permutation,,0.05,1000,1000,0,0,0.209,0.012857643641040918,999.94,1.0,0.0009990608827701959,999.94,0.2849038029259941,
power,E_copula_ar1_durations,in_spec,1000,1.5,False,0.0,0.3,,c5_rank_autocorr,permutation,studentized,0.05,1000,1000,0,0,1.0,0.0,999.94,1.0,0.0009990608827701959,999.94,0.2849038029259941,
power,E_copula_ar1_durations,in_spec,1000,1.5,False,0.0,0.3,,c5_rank_autocorr,permutation,unstudentized,0.05,1000,1000,0,0,1.0,0.0,999.94,1.0,0.0009990608827701959,999.94,0.2849038029259941,
power,E_copula_ar1_durations,in_spec,1000,1.5,False,0.0,0.3,,c6_exchangeability,permutation,,0.05,1000,1000,0,0,1.0,0.0,999.94,1.0,0.0009990608827701959,999.94,0.2849038029259941,
power,E_copula_ar1_durations,in_spec,1000,1.5,False,0.0,0.3,,cvm_cramer_von_mises,asymptotic,,0.05,1000,1000,0,0,0.186,0.012304633273690036,999.94,1.0,0.0009990608827701959,999.94,0.2849038029259941,
power,E_copula_ar1_durations,in_spec,1000,1.5,False,0.0,0.3,,cvm_cramer_von_mises,permutation,,0.05,1000,1000,0,0,0.184,0.012253326079069307,999.94,1.0,0.0009990608827701959,999.94,0.2849038029259941,
power,E_copula_ar1_durations,in_spec,1000,1.5,False,0.0,0.5,,c1_lewis_robinson,asymptotic,,0.05,1000,1000,0,0,0.268,0.014006284303840188,998.632,1.0,0.0010003681354738545,998.632,0.4801809088558857,
power,E_copula_ar1_durations,in_spec,1000,1.5,False,0.0,0.5,,c1_lewis_robinson,permutation,,0.05,1000,1000,0,0,0.269,0.014022802858202064,998.632,1.0,0.0010003681354738545,998.632,0.4801809088558857,
power,E_copula_ar1_durations,in_spec,1000,1.5,False,0.0,0.5,,c2_anderson_darling,asymptotic,,0.05,1000,1000,0,0,0.444,0.015711906313366306,998.632,1.0,0.0010003681354738545,998.632,0.4801809088558857,
power,E_copula_ar1_durations,in_spec,1000,1.5,False,0.0,0.5,,c2_anderson_darling,permutation,,0.05,1000,1000,0,0,0.444,0.015711906313366306,998.632,1.0,0.0010003681354738545,998.632,0.4801809088558857,
power,E_copula_ar1_durations,in_spec,1000,1.5,False,0.0,0.5,,c5_rank_autocorr,permutation,studentized,0.05,1000,1000,0,0,1.0,0.0,998.632,1.0,0.0010003681354738545,998.632,0.4801809088558857,
power,E_copula_ar1_durations,in_spec,1000,1.5,False,0.0,0.5,,c5_rank_autocorr,permutation,unstudentized,0.05,1000,1000,0,0,1.0,0.0,998.632,1.0,0.0010003681354738545,998.632,0.4801809088558857,
power,E_copula_ar1_durations,in_spec,1000,1.5,False,0.0,0.5,,c6_exchangeability,permutation,,0.05,1000,1000,0,0,1.0,0.0,998.632,1.0,0.0010003681354738545,998.632,0.4801809088558857,
power,E_copula_ar1_durations,in_spec,1000,1.5,False,0.0,0.5,,cvm_cramer_von_mises,asymptotic,,0.05,1000,1000,0,0,0.374,0.015301111070768685,998.632,1.0,0.0010003681354738545,998.632,0.4801809088558857,
power,E_copula_ar1_durations,in_spec,1000,1.5,False,0.0,0.5,,cvm_cramer_von_mises,permutation,,0.05,1000,1000,0,0,0.378,0.015333492752794452,998.632,1.0,0.0010003681354738545,998.632,0.4801809088558857,
power,C_ar1_reads_carved,calendar,1000,,False,0.0,0.05,,c1_lewis_robinson,asymptotic,,0.05,1000,1000,0,0,0.062,0.007626008130076967,969.67,1.0,0.0010302162423892775,13.577,-0.0002444175722246952,
power,C_ar1_reads_carved,calendar,1000,,False,0.0,0.05,,c1_lewis_robinson,permutation,,0.05,1000,1000,0,0,0.058,0.007391616873188166,969.67,1.0,0.0010302162423892775,13.577,-0.0002444175722246952,
power,C_ar1_reads_carved,calendar,1000,,False,0.0,0.05,,c2_anderson_darling,asymptotic,,0.05,1000,1000,0,0,0.055,0.00720936890441875,969.67,1.0,0.0010302162423892775,13.577,-0.0002444175722246952,
power,C_ar1_reads_carved,calendar,1000,,False,0.0,0.05,,c2_anderson_darling,permutation,,0.05,1000,1000,0,0,0.054,0.007147307185227175,969.67,1.0,0.0010302162423892775,13.577,-0.0002444175722246952,
power,C_ar1_reads_carved,calendar,1000,,False,0.0,0.05,,c5_rank_autocorr,permutation,studentized,0.05,1000,1000,0,0,0.041,0.006270486424512854,969.67,1.0,0.0010302162423892775,13.577,-0.0002444175722246952,
power,C_ar1_reads_carved,calendar,1000,,False,0.0,0.05,,c5_rank_autocorr,permutation,unstudentized,0.05,1000,1000,0,0,0.042,0.0063431853196954605,969.67,1.0,0.0010302162423892775,13.577,-0.0002444175722246952,
power,C_ar1_reads_carved,calendar,1000,,False,0.0,0.05,,c6_exchangeability,permutation,,0.05,1000,1000,0,0,0.043,0.006414904519944158,969.67,1.0,0.0010302162423892775,13.577,-0.0002444175722246952,
power,C_ar1_reads_carved,calendar,1000,,False,0.0,0.05,,cvm_cramer_von_mises,asymptotic,,0.05,1000,1000,0,0,0.053,0.00708456067798138,969.67,1.0,0.0010302162423892775,13.577,-0.0002444175722246952,
power,C_ar1_reads_carved,calendar,1000,,False,0.0,0.05,,cvm_cramer_von_mises,permutation,,0.05,1000,1000,0,0,0.051,0.00695693898205238,969.67,1.0,0.0010302162423892775,13.577,-0.0002444175722246952,
power,C_ar1_reads_carved,in_spec,1000,,False,0.0,0.05,,c5_rank_autocorr,permutation,studentized,0.05,1000,1000,0,0,0.044,0.006485676526007136,969.509,1.0,0.0010303871473628786,10.644,-0.0004746050232637057,
power,C_ar1_reads_carved,in_spec,1000,,False,0.0,0.05,,c5_rank_autocorr,permutation,unstudentized,0.05,1000,1000,0,0,0.048,0.006759881655768835,969.509,1.0,0.0010303871473628786,10.644,-0.0004746050232637057,
power,C_ar1_reads_carved,in_spec,1000,,False,0.0,0.05,,c6_exchangeability,permutation,,0.05,1000,1000,0,0,0.044,0.006485676526007136,969.509,1.0,0.0010303871473628786,10.644,-0.0004746050232637057,
power,C_ar1_reads_carved,in_spec,1000,,False,0.0,0.05,,cvm_cramer_von_mises,permutation,,0.05,1000,1000,0,0,0.056,0.007270763371201128,969.509,1.0,0.0010303871473628786,10.644,-0.0004746050232637057,
power,C_ar1_reads_carved,calendar,1000,,False,0.0,0.1,,c1_lewis_robinson,asymptotic,,0.05,1000,1000,0,0,0.056,0.007270763371201128,937.402,1.0,0.0010656413775759215,14.126,0.000383587983591953,
power,C_ar1_reads_carved,calendar,1000,,False,0.0,0.1,,c1_lewis_robinson,permutation,,0.05,1000,1000,0,0,0.06,0.007509993342207435,937.402,1.0,0.0010656413775759215,14.126,0.000383587983591953,
power,C_ar1_reads_carved,calendar,1000,,False,0.0,0.1,,c2_anderson_darling,asymptotic,,0.05,1000,1000,0,0,0.062,0.007626008130076967,937.402,1.0,0.0010656413775759215,14.126,0.000383587983591953,
power,C_ar1_reads_carved,calendar,1000,,False,0.0,0.1,,c2_anderson_darling,permutation,,0.05,1000,1000,0,0,0.062,0.007626008130076967,937.402,1.0,0.0010656413775759215,14.126,0.000383587983591953,
power,C_ar1_reads_carved,calendar,1000,,False,0.0,0.1,,c5_rank_autocorr,permutation,studentized,0.05,1000,1000,0,0,0.039,0.006122009474020765,937.402,1.0,0.0010656413775759215,14.126,0.000383587983591953,
power,C_ar1_reads_carved,calendar,1000,,False,0.0,0.1,,c5_rank_autocorr,permutation,unstudentized,0.05,1000,1000,0,0,0.037,0.005969170796685248,937.402,1.0,0.0010656413775759215,14.126,0.000383587983591953,
power,C_ar1_reads_carved,calendar,1000,,False,0.0,0.1,,c6_exchangeability,permutation,,0.05,1000,1000,0,0,0.039,0.006122009474020765,937.402,1.0,0.0010656413775759215,14.126,0.000383587983591953,
power,C_ar1_reads_carved,calendar,1000,,False,0.0,0.1,,cvm_cramer_von_mises,asymptotic,,0.05,1000,1000,0,0,0.061,0.0075682891065286355,937.402,1.0,0.0010656413775759215,14.126,0.000383587983591953,
power,C_ar1_reads_carved,calendar,1000,,False,0.0,0.1,,cvm_cramer_von_mises,permutation,,0.05,1000,1000,0,0,0.056,0.007270763371201128,937.402,1.0,0.0010656413775759215,14.126,0.000383587983591953,
power,C_ar1_reads_carved,in_spec,1000,,False,0.0,0.1,,c5_rank_autocorr,permutation,studentized,0.05,1000,1000,0,0,0.057,0.007331507348424334,937.87,1.0,0.0010651101856487054,11.056,-0.00017985570347465017,
power,C_ar1_reads_carved,in_spec,1000,,False,0.0,0.1,,c5_rank_autocorr,permutation,unstudentized,0.05,1000,1000,0,0,0.059,0.007451107300260815,937.87,1.0,0.0010651101856487054,11.056,-0.00017985570347465017,
power,C_ar1_reads_carved,in_spec,1000,,False,0.0,0.1,,c6_exchangeability,permutation,,0.05,1000,1000,0,0,0.043,0.006414904519944158,937.87,1.0,0.0010651101856487054,11.056,-0.00017985570347465017,
power,C_ar1_reads_carved,in_spec,1000,,False,0.0,0.1,,cvm_cramer_von_mises,permutation,,0.05,1000,1000,0,0,0.056,0.007270763371201128,937.87,1.0,0.0010651101856487054,11.056,-0.00017985570347465017,
power,C_ar1_reads_carved,calendar,1000,,False,0.0,0.15,,c1_lewis_robinson,asymptotic,,0.05,1000,1000,0,0,0.054,0.007147307185227175,905.335,1.0,0.0011033447897300667,14.742,-0.0017375540178551996,
power,C_ar1_reads_carved,calendar,1000,,False,0.0,0.15,,c1_lewis_robinson,permutation,,0.05,1000,1000,0,0,0.057,0.007331507348424334,905.335,1.0,0.0011033447897300667,14.742,-0.0017375540178551996,
power,C_ar1_reads_carved,calendar,1000,,False,0.0,0.15,,c2_anderson_darling,asymptotic,,0.05,1000,1000,0,0,0.062,0.007626008130076967,905.335,1.0,0.0011033447897300667,14.742,-0.0017375540178551996,
power,C_ar1_reads_carved,calendar,1000,,False,0.0,0.15,,c2_anderson_darling,permutation,,0.05,1000,1000,0,0,0.062,0.007626008130076967,905.335,1.0,0.0011033447897300667,14.742,-0.0017375540178551996,
power,C_ar1_reads_carved,calendar,1000,,False,0.0,0.15,,c5_rank_autocorr,permutation,studentized,0.05,1000,1000,0,0,0.043,0.006414904519944158,905.335,1.0,0.0011033447897300667,14.742,-0.0017375540178551996,
power,C_ar1_reads_carved,calendar,1000,,False,0.0,0.15,,c5_rank_autocorr,permutation,unstudentized,0.05,1000,1000,0,0,0.042,0.0063431853196954605,905.335,1.0,0.0011033447897300667,14.742,-0.0017375540178551996,
power,C_ar1_reads_carved,calendar,1000,,False,0.0,0.15,,c6_exchangeability,permutation,,0.05,1000,1000,0,0,0.046,0.006624499981130651,905.335,1.0,0.0011033447897300667,14.742,-0.0017375540178551996,
power,C_ar1_reads_carved,calendar,1000,,False,0.0,0.15,,cvm_cramer_von_mises,asymptotic,,0.05,1000,1000,0,0,0.064,0.007739767438366608,905.335,1.0,0.0011033447897300667,14.742,-0.0017375540178551996,
power,C_ar1_reads_carved,calendar,1000,,False,0.0,0.15,,cvm_cramer_von_mises,permutation,,0.05,1000,1000,0,0,0.064,0.007739767438366608,905.335,1.0,0.0011033447897300667,14.742,-0.0017375540178551996,
power,C_ar1_reads_carved,in_spec,1000,,False,0.0,0.15,,c5_rank_autocorr,permutation,studentized,0.05,1000,1000,0,0,0.047,0.006692607862410586,906.287,1.0,0.0011021870698026094,11.508,-0.0012770946830968344,
power,C_ar1_reads_carved,in_spec,1000,,False,0.0,0.15,,c5_rank_autocorr,permutation,unstudentized,0.05,1000,1000,0,0,0.049,0.006826346021115542,906.287,1.0,0.0011021870698026094,11.508,-0.0012770946830968344,
power,C_ar1_reads_carved,in_spec,1000,,False,0.0,0.15,,c6_exchangeability,permutation,,0.05,1000,1000,0,0,0.05,0.006892024376045111,906.287,1.0,0.0011021870698026094,11.508,-0.0012770946830968344,
power,C_ar1_reads_carved,in_spec,1000,,False,0.0,0.15,,cvm_cramer_von_mises,permutation,,0.05,1000,1000,0,0,0.036,0.005891010100144117,906.287,1.0,0.0011021870698026094,11.508,-0.0012770946830968344,
power,C_ar1_reads_carved,calendar,1000,,False,0.0,0.2,,c1_lewis_robinson,asymptotic,,0.05,1000,1000,0,0,0.057,0.007331507348424334,873.153,1.0,0.0011439645004936206,15.369,-0.004175666865184379,
power,C_ar1_reads_carved,calendar,1000,,False,0.0,0.2,,c1_lewis_robinson,permutation,,0.05,1000,1000,0,0,0.053,0.00708456067798138,873.153,1.0,0.0011439645004936206,15.369,-0.004175666865184379,
power,C_ar1_reads_carved,calendar,1000,,False,0.0,0.2,,c2_anderson_darling,asymptotic,,0.05,1000,1000,0,0,0.052,0.007021111023192838,873.153,1.0,0.0011439645004936206,15.369,-0.004175666865184379,
power,C_ar1_reads_carved,calendar,1000,,False,0.0,0.2,,c2_anderson_darling,permutation,,0.05,1000,1000,0,0,0.051,0.00695693898205238,873.153,1.0,0.0011439645004936206,15.369,-0.004175666865184379,
power,C_ar1_reads_carved,calendar,1000,,False,0.0,0.2,,c5_rank_autocorr,permutation,studentized,0.05,1000,1000,0,0,0.052,0.007021111023192838,873.153,1.0,0.0011439645004936206,15.369,-0.004175666865184379,
power,C_ar1_reads_carved,calendar,1000,,False,0.0,0.2,,c5_rank_autocorr,permutation,unstudentized,0.05,1000,1000,0,0,0.064,0.007739767438366608,873.153,1.0,0.0011439645004936206,15.369,-0.004175666865184379,
power,C_ar1_reads_carved,calendar,1000,,False,0.0,0.2,,c6_exchangeability,permutation,,0.05,1000,1000,0,0,0.049,0.006826346021115542,873.153,1.0,0.0011439645004936206,15.369,-0.004175666865184379,
power,C_ar1_reads_carved,calendar,1000,,False,0.0,0.2,,cvm_cramer_von_mises,asymptotic,,0.05,1000,1000,0,0,0.048,0.006759881655768835,873.153,1.0,0.0011439645004936206,15.369,-0.004175666865184379,
power,C_ar1_reads_carved,calendar,1000,,False,0.0,0.2,,cvm_cramer_von_mises,permutation,,0.05,1000,1000,0,0,0.049,0.006826346021115542,873.153,1.0,0.0011439645004936206,15.369,-0.004175666865184379,
power,C_ar1_reads_carved,in_spec,1000,,False,0.0,0.2,,c5_rank_autocorr,permutation,studentized,0.05,1000,1000,0,0,0.053,0.00708456067798138,873.072,1.0,0.0011440705113537558,11.998,-0.0007354012698580384,
power,C_ar1_reads_carved,in_spec,1000,,False,0.0,0.2,,c5_rank_autocorr,permutation,unstudentized,0.05,1000,1000,0,0,0.052,0.007021111023192838,873.072,1.0,0.0011440705113537558,11.998,-0.0007354012698580384,
power,C_ar1_reads_carved,in_spec,1000,,False,0.0,0.2,,c6_exchangeability,permutation,,0.05,1000,1000,0,0,0.052,0.007021111023192838,873.072,1.0,0.0011440705113537558,11.998,-0.0007354012698580384,
power,C_ar1_reads_carved,in_spec,1000,,False,0.0,0.2,,cvm_cramer_von_mises,permutation,,0.05,1000,1000,0,0,0.051,0.00695693898205238,873.072,1.0,0.0011440705113537558,11.998,-0.0007354012698580384,
power,C_ar1_reads_carved,calendar,1000,,False,0.0,0.3,,c1_lewis_robinson,asymptotic,,0.05,1000,1000,0,0,0.041,0.006270486424512854,807.002,1.0,0.001237620698958666,16.779,-0.0020056089803417217,
power,C_ar1_reads_carved,calendar,1000,,False,0.0,0.3,,c1_lewis_robinson,permutation,,0.05,1000,1000,0,0,0.038,0.006046155803483731,807.002,1.0,0.001237620698958666,16.779,-0.0020056089803417217,
power,C_ar1_reads_carved,calendar,1000,,False,0.0,0.3,,c2_anderson_darling,asymptotic,,0.05,1000,1000,0,0,0.043,0.006414904519944158,807.002,1.0,0.001237620698958666,16.779,-0.0020056089803417217,
power,C_ar1_reads_carved,calendar,1000,,False,0.0,0.3,,c2_anderson_darling,permutation,,0.05,1000,1000,0,0,0.039,0.006122009474020765,807.002,1.0,0.001237620698958666,16.779,-0.0020056089803417217,
power,C_ar1_reads_carved,calendar,1000,,False,0.0,0.3,,c5_rank_autocorr,permutation,studentized,0.05,1000,1000,0,0,0.047,0.006692607862410586,807.002,1.0,0.001237620698958666,16.779,-0.0020056089803417217,
power,C_ar1_reads_carved,calendar,1000,,False,0.0,0.3,,c5_rank_autocorr,permutation,unstudentized,0.05,1000,1000,0,0,0.049,0.006826346021115542,807.002,1.0,0.001237620698958666,16.779,-0.0020056089803417217,
power,C_ar1_reads_carved,calendar,1000,,False,0.0,0.3,,c6_exchangeability,permutation,,0.05,1000,1000,0,0,0.059,0.007451107300260815,807.002,1.0,0.001237620698958666,16.779,-0.0020056089803417217,
power,C_ar1_reads_carved,calendar,1000,,False,0.0,0.3,,cvm_cramer_von_mises,asymptotic,,0.05,1000,1000,0,0,0.038,0.006046155803483731,807.002,1.0,0.001237620698958666,16.779,-0.0020056089803417217,
power,C_ar1_reads_carved,calendar,1000,,False,0.0,0.3,,cvm_cramer_von_mises,permutation,,0.05,1000,1000,0,0,0.039,0.006122009474020765,807.002,1.0,0.001237620698958666,16.779,-0.0020056089803417217,
power,C_ar1_reads_carved,in_spec,1000,,False,0.0,0.3,,c5_rank_autocorr,permutation,studentized,0.05,1000,1000,0,0,0.043,0.006414904519944158,807.616,1.0,0.0012366809462093255,13.097,-0.0016817018361508576,
power,C_ar1_reads_carved,in_spec,1000,,False,0.0,0.3,,c5_rank_autocorr,permutation,unstudentized,0.05,1000,1000,0,0,0.041,0.006270486424512854,807.616,1.0,0.0012366809462093255,13.097,-0.0016817018361508576,
power,C_ar1_reads_carved,in_spec,1000,,False,0.0,0.3,,c6_exchangeability,permutation,,0.05,1000,1000,0,0,0.049,0.006826346021115542,807.616,1.0,0.0012366809462093255,13.097,-0.0016817018361508576,
power,C_ar1_reads_carved,in_spec,1000,,False,0.0,0.3,,cvm_cramer_von_mises,permutation,,0.05,1000,1000,0,0,0.049,0.006826346021115542,807.616,1.0,0.0012366809462093255,13.097,-0.0016817018361508576,
power,C_ar1_reads_carved,calendar,1000,,False,0.0,0.5,,c1_lewis_robinson,asymptotic,,0.05,1000,1000,0,0,0.053,0.00708456067798138,667.938,1.0,0.0014949068523540299,21.031,-0.003931935618661148,
power,C_ar1_reads_carved,calendar,1000,,False,0.0,0.5,,c1_lewis_robinson,permutation,,0.05,1000,1000,0,0,0.054,0.007147307185227175,667.938,1.0,0.0014949068523540299,21.031,-0.003931935618661148,
power,C_ar1_reads_carved,calendar,1000,,False,0.0,0.5,,c2_anderson_darling,asymptotic,,0.05,1000,1000,0,0,0.051,0.00695693898205238,667.938,1.0,0.0014949068523540299,21.031,-0.003931935618661148,
power,C_ar1_reads_carved,calendar,1000,,False,0.0,0.5,,c2_anderson_darling,permutation,,0.05,1000,1000,0,0,0.053,0.00708456067798138,667.938,1.0,0.0014949068523540299,21.031,-0.003931935618661148,
power,C_ar1_reads_carved,calendar,1000,,False,0.0,0.5,,c5_rank_autocorr,permutation,studentized,0.05,1000,1000,0,0,0.05,0.006892024376045111,667.938,1.0,0.0014949068523540299,21.031,-0.003931935618661148,
power,C_ar1_reads_carved,calendar,1000,,False,0.0,0.5,,c5_rank_autocorr,permutation,unstudentized,0.05,1000,1000,0,0,0.053,0.00708456067798138,667.938,1.0,0.0014949068523540299,21.031,-0.003931935618661148,
power,C_ar1_reads_carved,calendar,1000,,False,0.0,0.5,,c6_exchangeability,permutation,,0.05,1000,1000,0,0,0.045,0.0065555320150236475,667.938,1.0,0.0014949068523540299,21.031,-0.003931935618661148,
power,C_ar1_reads_carved,calendar,1000,,False,0.0,0.5,,cvm_cramer_von_mises,asymptotic,,0.05,1000,1000,0,0,0.053,0.00708456067798138,667.938,1.0,0.0014949068523540299,21.031,-0.003931935618661148,
power,C_ar1_reads_carved,calendar,1000,,False,0.0,0.5,,cvm_cramer_von_mises,permutation,,0.05,1000,1000,0,0,0.053,0.00708456067798138,667.938,1.0,0.0014949068523540299,21.031,-0.003931935618661148,
power,C_ar1_reads_carved,in_spec,1000,,False,0.0,0.5,,c5_rank_autocorr,permutation,studentized,0.05,1000,1000,0,0,0.059,0.007451107300260815,667.982,1.0,0.0014948085299753954,16.106,-7.180267483454583e-05,
power,C_ar1_reads_carved,in_spec,1000,,False,0.0,0.5,,c5_rank_autocorr,permutation,unstudentized,0.05,1000,1000,0,0,0.058,0.007391616873188166,667.982,1.0,0.0014948085299753954,16.106,-7.180267483454583e-05,
power,C_ar1_reads_carved,in_spec,1000,,False,0.0,0.5,,c6_exchangeability,permutation,,0.05,1000,1000,0,0,0.06,0.007509993342207435,667.982,1.0,0.0014948085299753954,16.106,-7.180267483454583e-05,
power,C_ar1_reads_carved,in_spec,1000,,False,0.0,0.5,,cvm_cramer_von_mises,permutation,,0.05,1000,1000,0,0,0.047,0.006692607862410586,667.982,1.0,0.0014948085299753954,16.106,-7.180267483454583e-05,
