kind,arm,clock,n_target,shape,quantised,censoring_target,rho,b,check,calibration,variant,alpha,n_replicates,n_used,n_failed,n_failed_tau_only,rejection_rate,mc_se,mean_n_events,mean_n_segments,censoring_realised,mean_n_distinct_durations,mean_induced_lag1,fail_reason
size,A_iid_weibull,in_spec,20,0.75,False,0.0,,,c1_lewis_robinson,asymptotic,,0.05,2000,2000,0,0,0.058,0.0052266624149642565,20.322,1.0,0.046899915580151955,20.322,-0.050408651178798634,
size,A_iid_weibull,in_spec,20,0.75,False,0.0,,,c1_lewis_robinson,permutation,,0.05,2000,2000,0,0,0.0505,0.00489641450451246,20.322,1.0,0.046899915580151955,20.322,-0.050408651178798634,
size,A_iid_weibull,in_spec,20,0.75,False,0.0,,,c2_anderson_darling,asymptotic,,0.05,2000,2000,0,0,0.0575,0.005205465877325487,20.322,1.0,0.046899915580151955,20.322,-0.050408651178798634,
size,A_iid_weibull,in_spec,20,0.75,False,0.0,,,c2_anderson_darling,permutation,,0.05,2000,2000,0,0,0.048,0.0047799581588126895,20.322,1.0,0.046899915580151955,20.322,-0.050408651178798634,
size,A_iid_weibull,in_spec,20,0.75,False,0.0,,,c5_rank_autocorr,permutation,studentized,0.05,2000,2000,0,0,0.055,0.005097793640389928,20.322,1.0,0.046899915580151955,20.322,-0.050408651178798634,
size,A_iid_weibull,in_spec,20,0.75,False,0.0,,,c5_rank_autocorr,permutation,unstudentized,0.05,2000,2000,0,0,0.0485,0.004803527349771208,20.322,1.0,0.046899915580151955,20.322,-0.050408651178798634,
size,A_iid_weibull,in_spec,20,0.75,False,0.0,,,c6_exchangeability,permutation,,0.05,2000,2000,0,0,0.049,0.0048269555622566076,20.322,1.0,0.046899915580151955,20.322,-0.050408651178798634,
size,A_iid_weibull,in_spec,20,0.75,False,0.0,,,cvm_cramer_von_mises,asymptotic,,0.05,2000,2000,0,0,0.055,0.005097793640389928,20.322,1.0,0.046899915580151955,20.322,-0.050408651178798634,
size,A_iid_weibull,in_spec,20,0.75,False,0.0,,,cvm_cramer_von_mises,permutation,,0.05,2000,2000,0,0,0.0525,0.004987171041783107,20.322,1.0,0.046899915580151955,20.322,-0.050408651178798634,
size,A_iid_weibull,in_spec,20,0.75,False,0.03,,,c1_lewis_robinson,asymptotic,,0.05,2000,1999,1,0,0.064032016008004,0.005475486183111787,20.613806903451724,1.0,0.04626672221450725,20.613806903451724,-0.05673598112273683,ValueError: no usable lag: segment sizes [2] give fewer than 2 within-segment pairs even at lag 1. A record of very short segments carries no ordering informati
size,A_iid_weibull,in_spec,20,0.75,False,0.03,,,c1_lewis_robinson,permutation,,0.05,2000,1999,1,0,0.05252626313156578,0.004989596721602033,20.613806903451724,1.0,0.04626672221450725,20.613806903451724,-0.05673598112273683,ValueError: no usable lag: segment sizes [2] give fewer than 2 within-segment pairs even at lag 1. A record of very short segments carries no ordering informati
size,A_iid_weibull,in_spec,20,0.75,False,0.03,,,c2_anderson_darling,asymptotic,,0.05,2000,1999,1,0,0.06603301650825413,0.005554435569595328,20.613806903451724,1.0,0.04626672221450725,20.613806903451724,-0.05673598112273683,ValueError: no usable lag: segment sizes [2] give fewer than 2 within-segment pairs even at lag 1. A record of very short segments carries no ordering informati
size,A_iid_weibull,in_spec,20,0.75,False,0.03,,,c2_anderson_darling,permutation,,0.05,2000,1999,1,0,0.04502251125562781,0.004637725370937833,20.613806903451724,1.0,0.04626672221450725,20.613806903451724,-0.05673598112273683,ValueError: no usable lag: segment sizes [2] give fewer than 2 within-segment pairs even at lag 1. A record of very short segments carries no ordering informati
size,A_iid_weibull,in_spec,20,0.75,False,0.03,,,c5_rank_autocorr,permutation,studentized,0.05,2000,1999,1,0,0.05102551275637819,0.00492169345199202,20.613806903451724,1.0,0.04626672221450725,20.613806903451724,-0.05673598112273683,ValueError: no usable lag: segment sizes [2] give fewer than 2 within-segment pairs even at lag 1. A record of very short segments carries no ordering informati
size,A_iid_weibull,in_spec,20,0.75,False,0.03,,,c5_rank_autocorr,permutation,unstudentized,0.05,2000,1999,1,0,0.05252626313156578,0.004989596721602033,20.613806903451724,1.0,0.04626672221450725,20.613806903451724,-0.05673598112273683,ValueError: no usable lag: segment sizes [2] give fewer than 2 within-segment pairs even at lag 1. A record of very short segments carries no ordering informati
size,A_iid_weibull,in_spec,20,0.75,False,0.03,,,c6_exchangeability,permutation,,0.05,2000,1999,1,0,0.048024012006003,0.004782289021228895,20.613806903451724,1.0,0.04626672221450725,20.613806903451724,-0.05673598112273683,ValueError: no usable lag: segment sizes [2] give fewer than 2 within-segment pairs even at lag 1. A record of very short segments carries no ordering informati
size,A_iid_weibull,in_spec,20,0.75,False,0.03,,,cvm_cramer_von_mises,asymptotic,,0.05,2000,1999,1,0,0.060030015007503754,0.005312938905423033,20.613806903451724,1.0,0.04626672221450725,20.613806903451724,-0.05673598112273683,ValueError: no usable lag: segment sizes [2] give fewer than 2 within-segment pairs even at lag 1. A record of very short segments carries no ordering informati
size,A_iid_weibull,in_spec,20,0.75,False,0.03,,,cvm_cramer_von_mises,permutation,,0.05,2000,1999,1,0,0.05252626313156578,0.004989596721602033,20.613806903451724,1.0,0.04626672221450725,20.613806903451724,-0.05673598112273683,ValueError: no usable lag: segment sizes [2] give fewer than 2 within-segment pairs even at lag 1. A record of very short segments carries no ordering informati
size,A_iid_weibull,in_spec,20,0.75,False,0.25,,,c1_lewis_robinson,asymptotic,,0.05,2000,2000,0,0,0.2,0.00894427190999916,21.432,3.6995,0.14720569802837077,21.432,-0.07246096605814262,
size,A_iid_weibull,in_spec,20,0.75,False,0.25,,,c1_lewis_robinson,permutation,,0.05,2000,2000,0,0,0.048,0.0047799581588126895,21.432,3.6995,0.14720569802837077,21.432,-0.07246096605814262,
size,A_iid_weibull,in_spec,20,0.75,False,0.25,,,c2_anderson_darling,asymptotic,,0.05,2000,1,0,0,0.0,0.0,21.432,3.6995,0.14720569802837077,21.432,-0.07246096605814262,
size,A_iid_weibull,in_spec,20,0.75,False,0.25,,,c2_anderson_darling,permutation,,0.05,2000,2000,0,0,0.046,0.00468422885862764,21.432,3.6995,0.14720569802837077,21.432,-0.07246096605814262,
size,A_iid_weibull,in_spec,20,0.75,False,0.25,,,c5_rank_autocorr,permutation,studentized,0.05,2000,2000,0,0,0.051,0.004919298730510275,21.432,3.6995,0.14720569802837077,21.432,-0.07246096605814262,
size,A_iid_weibull,in_spec,20,0.75,False,0.25,,,c5_rank_autocorr,permutation,unstudentized,0.05,2000,2000,0,0,0.0425,0.0045107510461119445,21.432,3.6995,0.14720569802837077,21.432,-0.07246096605814262,
size,A_iid_weibull,in_spec,20,0.75,False,0.25,,,c6_exchangeability,permutation,,0.05,2000,2000,0,0,0.0435,0.004561126505590478,21.432,3.6995,0.14720569802837077,21.432,-0.07246096605814262,
size,A_iid_weibull,in_spec,20,0.75,False,0.25,,,cvm_cramer_von_mises,asymptotic,,0.05,2000,1,0,0,0.0,0.0,21.432,3.6995,0.14720569802837077,21.432,-0.07246096605814262,
size,A_iid_weibull,in_spec,20,0.75,False,0.25,,,cvm_cramer_von_mises,permutation,,0.05,2000,2000,0,0,0.051,0.004919298730510275,21.432,3.6995,0.14720569802837077,21.432,-0.07246096605814262,
size,A_iid_weibull,in_spec,20,0.75,True,0.0,,,c1_lewis_robinson,asymptotic,,0.05,2000,2000,0,0,0.0565,0.005162739098579358,16.964,1.0,0.05566688933422401,6.583,-0.06920799597374912,
size,A_iid_weibull,in_spec,20,0.75,True,0.0,,,c1_lewis_robinson,permutation,,0.05,2000,2000,0,0,0.0395,0.00435544199823623,16.964,1.0,0.05566688933422401,6.583,-0.06920799597374912,
size,A_iid_weibull,in_spec,20,0.75,True,0.0,,,c2_anderson_darling,asymptotic,,0.05,2000,2000,0,0,0.057,0.00518415856238985,16.964,1.0,0.05566688933422401,6.583,-0.06920799597374912,
size,A_iid_weibull,in_spec,20,0.75,True,0.0,,,c2_anderson_darling,permutation,,0.05,2000,2000,0,0,0.037,0.0042208411483968455,16.964,1.0,0.05566688933422401,6.583,-0.06920799597374912,
size,A_iid_weibull,in_spec,20,0.75,True,0.0,,,c5_rank_autocorr,permutation,studentized,0.05,2000,2000,0,0,0.038,0.004275277768753745,16.964,1.0,0.05566688933422401,6.583,-0.06920799597374912,
size,A_iid_weibull,in_spec,20,0.75,True,0.0,,,c5_rank_autocorr,permutation,unstudentized,0.05,2000,2000,0,0,0.0415,0.004459694496263169,16.964,1.0,0.05566688933422401,6.583,-0.06920799597374912,
size,A_iid_weibull,in_spec,20,0.75,True,0.0,,,c6_exchangeability,permutation,,0.05,2000,2000,0,0,0.0455,0.004659922209651144,16.964,1.0,0.05566688933422401,6.583,-0.06920799597374912,
size,A_iid_weibull,in_spec,20,0.75,True,0.0,,,cvm_cramer_von_mises,asymptotic,,0.05,2000,2000,0,0,0.056,0.005141206084179081,16.964,1.0,0.05566688933422401,6.583,-0.06920799597374912,
size,A_iid_weibull,in_spec,20,0.75,True,0.0,,,cvm_cramer_von_mises,permutation,,0.05,2000,2000,0,0,0.0375,0.004248161366991607,16.964,1.0,0.05566688933422401,6.583,-0.06920799597374912,
size,A_iid_weibull,in_spec,20,0.75,True,0.03,,,c1_lewis_robinson,asymptotic,,0.05,2000,1999,1,0,0.058529264632316155,0.005250293105704303,17.315157578789396,1.0,0.054599584835573034,6.6108054027013505,-0.05870992889906604,ValueError: no usable lag: segment sizes [2] give fewer than 2 within-segment pairs even at lag 1. A record of very short segments carries no ordering informati
size,A_iid_weibull,in_spec,20,0.75,True,0.03,,,c1_lewis_robinson,permutation,,0.05,2000,1999,1,0,0.04052026013006503,0.0044100916973366785,17.315157578789396,1.0,0.054599584835573034,6.6108054027013505,-0.05870992889906604,ValueError: no usable lag: segment sizes [2] give fewer than 2 within-segment pairs even at lag 1. A record of very short segments carries no ordering informati
size,A_iid_weibull,in_spec,20,0.75,True,0.03,,,c2_anderson_darling,asymptotic,,0.05,2000,1999,1,0,0.05552776388194097,0.005122043862245771,17.315157578789396,1.0,0.054599584835573034,6.6108054027013505,-0.05870992889906604,ValueError: no usable lag: segment sizes [2] give fewer than 2 within-segment pairs even at lag 1. A record of very short segments carries no ordering informati
size,A_iid_weibull,in_spec,20,0.75,True,0.03,,,c2_anderson_darling,permutation,,0.05,2000,1999,1,0,0.04252126063031516,0.004512957445491193,17.315157578789396,1.0,0.054599584835573034,6.6108054027013505,-0.05870992889906604,ValueError: no usable lag: segment sizes [2] give fewer than 2 within-segment pairs even at lag 1. A record of very short segments carries no ordering informati
size,A_iid_weibull,in_spec,20,0.75,True,0.03,,,c5_rank_autocorr,permutation,studentized,0.05,2000,1999,1,0,0.04452226113056528,0.004613096034628574,17.315157578789396,1.0,0.054599584835573034,6.6108054027013505,-0.05870992889906604,ValueError: no usable lag: segment sizes [2] give fewer than 2 within-segment pairs even at lag 1. A record of very short segments carries no ordering informati
size,A_iid_weibull,in_spec,20,0.75,True,0.03,,,c5_rank_autocorr,permutation,unstudentized,0.05,2000,1999,1,0,0.03551775887943972,0.004139648800068045,17.315157578789396,1.0,0.054599584835573034,6.6108054027013505,-0.05870992889906604,ValueError: no usable lag: segment sizes [2] give fewer than 2 within-segment pairs even at lag 1. A record of very short segments carries no ordering informati
size,A_iid_weibull,in_spec,20,0.75,True,0.03,,,c6_exchangeability,permutation,,0.05,2000,1999,1,0,0.04202101050525263,0.004487503920488899,17.315157578789396,1.0,0.054599584835573034,6.6108054027013505,-0.05870992889906604,ValueError: no usable lag: segment sizes [2] give fewer than 2 within-segment pairs even at lag 1. A record of very short segments carries no ordering informati
size,A_iid_weibull,in_spec,20,0.75,True,0.03,,,cvm_cramer_von_mises,asymptotic,,0.05,2000,1999,1,0,0.05552776388194097,0.005122043862245771,17.315157578789396,1.0,0.054599584835573034,6.6108054027013505,-0.05870992889906604,ValueError: no usable lag: segment sizes [2] give fewer than 2 within-segment pairs even at lag 1. A record of very short segments carries no ordering informati
size,A_iid_weibull,in_spec,20,0.75,True,0.03,,,cvm_cramer_von_mises,permutation,,0.05,2000,1999,1,0,0.0415207603801901,0.004461877137776966,17.315157578789396,1.0,0.054599584835573034,6.6108054027013505,-0.05870992889906604,ValueError: no usable lag: segment sizes [2] give fewer than 2 within-segment pairs even at lag 1. A record of very short segments carries no ordering informati
size,A_iid_weibull,in_spec,20,0.75,True,0.25,,,c1_lewis_robinson,asymptotic,,0.05,2000,1862,138,0,0.2781954887218045,0.010384724973219545,17.566595059076263,3.6482277121374866,0.1719659764062579,5.788936627282492,-0.09078813225624564,"ValueError: gamma_hat is zero: every gap is identical, so the statistic it scales is undefined. A fully quantised duration vector (every window one read long) r"
size,A_iid_weibull,in_spec,20,0.75,True,0.25,,,c1_lewis_robinson,permutation,,0.05,2000,1862,138,0,0.05370569280343716,0.005224364107176123,17.566595059076263,3.6482277121374866,0.1719659764062579,5.788936627282492,-0.09078813225624564,"ValueError: gamma_hat is zero: every gap is identical, so the statistic it scales is undefined. A fully quantised duration vector (every window one read long) r"
size,A_iid_weibull,in_spec,20,0.75,True,0.25,,,c2_anderson_darling,asymptotic,,0.05,2000,5,138,0,0.4,0.21908902300206645,17.566595059076263,3.6482277121374866,0.1719659764062579,5.788936627282492,-0.09078813225624564,"ValueError: gamma_hat is zero: every gap is identical, so the statistic it scales is undefined. A fully quantised duration vector (every window one read long) r"
size,A_iid_weibull,in_spec,20,0.75,True,0.25,,,c2_anderson_darling,permutation,,0.05,2000,1862,138,0,0.041353383458646614,0.004614184519896954,17.566595059076263,3.6482277121374866,0.1719659764062579,5.788936627282492,-0.09078813225624564,"ValueError: gamma_hat is zero: every gap is identical, so the statistic it scales is undefined. A fully quantised duration vector (every window one read long) r"
size,A_iid_weibull,in_spec,20,0.75,True,0.25,,,c5_rank_autocorr,permutation,studentized,0.05,2000,1862,138,0,0.050483351235230935,0.005073825679551103,17.566595059076263,3.6482277121374866,0.1719659764062579,5.788936627282492,-0.09078813225624564,"ValueError: gamma_hat is zero: every gap is identical, so the statistic it scales is undefined. A fully quantised duration vector (every window one read long) r"
size,A_iid_weibull,in_spec,20,0.75,True,0.25,,,c5_rank_autocorr,permutation,unstudentized,0.05,2000,1862,138,0,0.04457572502685284,0.0047825278228751916,17.566595059076263,3.6482277121374866,0.1719659764062579,5.788936627282492,-0.09078813225624564,"ValueError: gamma_hat is zero: every gap is identical, so the statistic it scales is undefined. A fully quantised duration vector (every window one read long) r"
size,A_iid_weibull,in_spec,20,0.75,True,0.25,,,c6_exchangeability,permutation,,0.05,2000,1862,138,0,0.04887218045112782,0.0049964375294346015,17.566595059076263,3.6482277121374866,0.1719659764062579,5.788936627282492,-0.09078813225624564,"ValueError: gamma_hat is zero: every gap is identical, so the statistic it scales is undefined. A fully quantised duration vector (every window one read long) r"
size,A_iid_weibull,in_spec,20,0.75,True,0.25,,,cvm_cramer_von_mises,asymptotic,,0.05,2000,5,138,0,0.4,0.21908902300206645,17.566595059076263,3.6482277121374866,0.1719659764062579,5.788936627282492,-0.09078813225624564,"ValueError: gamma_hat is zero: every gap is identical, so the statistic it scales is undefined. A fully quantised duration vector (every window one read long) r"
size,A_iid_weibull,in_spec,20,0.75,True,0.25,,,cvm_cramer_von_mises,permutation,,0.05,2000,1862,138,0,0.04403866809881848,0.004754965961475524,17.566595059076263,3.6482277121374866,0.1719659764062579,5.788936627282492,-0.09078813225624564,"ValueError: gamma_hat is zero: every gap is identical, so the statistic it scales is undefined. A fully quantised duration vector (every window one read long) r"
size,D_trp_power_law,in_spec,20,0.75,False,0.0,,1.0,c1_lewis_robinson,asymptotic,,0.05,2000,1999,1,0,0.07053526763381691,0.005726815872440792,20.792896448224113,1.0,0.0458865117987329,20.792896448224113,-0.051915469308342024,ValueError: no usable lag: segment sizes [2] give fewer than 2 within-segment pairs even at lag 1. A record of very short segments carries no ordering informati
size,D_trp_power_law,in_spec,20,0.75,False,0.0,,1.0,c1_lewis_robinson,permutation,,0.05,2000,1999,1,0,0.058029014507253625,0.005229196519486047,20.792896448224113,1.0,0.0458865117987329,20.792896448224113,-0.051915469308342024,ValueError: no usable lag: segment sizes [2] give fewer than 2 within-segment pairs even at lag 1. A record of very short segments carries no ordering informati
size,D_trp_power_law,in_spec,20,0.75,False,0.0,,1.0,c2_anderson_darling,asymptotic,,0.05,2000,1999,1,0,0.06803401700850426,0.005631922766348848,20.792896448224113,1.0,0.0458865117987329,20.792896448224113,-0.051915469308342024,ValueError: no usable lag: segment sizes [2] give fewer than 2 within-segment pairs even at lag 1. A record of very short segments carries no ordering informati
size,D_trp_power_law,in_spec,20,0.75,False,0.0,,1.0,c2_anderson_darling,permutation,,0.05,2000,1999,1,0,0.05552776388194097,0.005122043862245771,20.792896448224113,1.0,0.0458865117987329,20.792896448224113,-0.051915469308342024,ValueError: no usable lag: segment sizes [2] give fewer than 2 within-segment pairs even at lag 1. A record of very short segments carries no ordering informati
size,D_trp_power_law,in_spec,20,0.75,False,0.0,,1.0,c5_rank_autocorr,permutation,studentized,0.05,2000,1999,1,0,0.04302151075537769,0.004538240628024282,20.792896448224113,1.0,0.0458865117987329,20.792896448224113,-0.051915469308342024,ValueError: no usable lag: segment sizes [2] give fewer than 2 within-segment pairs even at lag 1. A record of very short segments carries no ordering informati
size,D_trp_power_law,in_spec,20,0.75,False,0.0,,1.0,c5_rank_autocorr,permutation,unstudentized,0.05,2000,1999,1,0,0.04652326163081541,0.004710681387930238,20.792896448224113,1.0,0.0458865117987329,20.792896448224113,-0.051915469308342024,ValueError: no usable lag: segment sizes [2] give fewer than 2 within-segment pairs even at lag 1. A record of very short segments carries no ordering informati
size,D_trp_power_law,in_spec,20,0.75,False,0.0,,1.0,c6_exchangeability,permutation,,0.05,2000,1999,1,0,0.05052526263131566,0.004898798765855798,20.792896448224113,1.0,0.0458865117987329,20.792896448224113,-0.051915469308342024,ValueError: no usable lag: segment sizes [2] give fewer than 2 within-segment pairs even at lag 1. A record of very short segments carries no ordering informati
size,D_trp_power_law,in_spec,20,0.75,False,0.0,,1.0,cvm_cramer_von_mises,asymptotic,,0.05,2000,1999,1,0,0.06253126563281641,0.00541527615487004,20.792896448224113,1.0,0.0458865117987329,20.792896448224113,-0.051915469308342024,ValueError: no usable lag: segment sizes [2] give fewer than 2 within-segment pairs even at lag 1. A record of very short segments carries no ordering informati
size,D_trp_power_law,in_spec,20,0.75,False,0.0,,1.0,cvm_cramer_von_mises,permutation,,0.05,2000,1999,1,0,0.057028514257128564,0.005186673519750088,20.792896448224113,1.0,0.0458865117987329,20.792896448224113,-0.051915469308342024,ValueError: no usable lag: segment sizes [2] give fewer than 2 within-segment pairs even at lag 1. A record of very short segments carries no ordering informati
size,D_trp_power_law,in_spec,20,0.75,False,0.03,,1.0,c1_lewis_robinson,asymptotic,,0.05,2000,2000,0,0,0.066,0.005551756478809206,20.322,1.0,0.046899915580151955,20.322,-0.05502338333505159,
size,D_trp_power_law,in_spec,20,0.75,False,0.03,,1.0,c1_lewis_robinson,permutation,,0.05,2000,2000,0,0,0.0575,0.005205465877325487,20.322,1.0,0.046899915580151955,20.322,-0.05502338333505159,
size,D_trp_power_law,in_spec,20,0.75,False,0.03,,1.0,c2_anderson_darling,asymptotic,,0.05,2000,2000,0,0,0.0635,0.005452877680637995,20.322,1.0,0.046899915580151955,20.322,-0.05502338333505159,
size,D_trp_power_law,in_spec,20,0.75,False,0.03,,1.0,c2_anderson_darling,permutation,,0.05,2000,2000,0,0,0.0555,0.005119558086397693,20.322,1.0,0.046899915580151955,20.322,-0.05502338333505159,
size,D_trp_power_law,in_spec,20,0.75,False,0.03,,1.0,c5_rank_autocorr,permutation,studentized,0.05,2000,2000,0,0,0.0435,0.004561126505590478,20.322,1.0,0.046899915580151955,20.322,-0.05502338333505159,
size,D_trp_power_law,in_spec,20,0.75,False,0.03,,1.0,c5_rank_autocorr,permutation,unstudentized,0.05,2000,2000,0,0,0.0395,0.00435544199823623,20.322,1.0,0.046899915580151955,20.322,-0.05502338333505159,
size,D_trp_power_law,in_spec,20,0.75,False,0.03,,1.0,c6_exchangeability,permutation,,0.05,2000,2000,0,0,0.0405,0.004407933189148856,20.322,1.0,0.046899915580151955,20.322,-0.05502338333505159,
size,D_trp_power_law,in_spec,20,0.75,False,0.03,,1.0,cvm_cramer_von_mises,asymptotic,,0.05,2000,2000,0,0,0.0585,0.0052477495176503994,20.322,1.0,0.046899915580151955,20.322,-0.05502338333505159,
size,D_trp_power_law,in_spec,20,0.75,False,0.03,,1.0,cvm_cramer_von_mises,permutation,,0.05,2000,2000,0,0,0.0545,0.005075911248239078,20.322,1.0,0.046899915580151955,20.322,-0.05502338333505159,
size,D_trp_power_law,in_spec,20,0.75,False,0.25,,1.0,c1_lewis_robinson,asymptotic,,0.05,2000,2000,0,0,0.205,0.009027042705116665,21.3945,3.6965,0.14732374158064643,21.3945,-0.07867974454643732,
size,D_trp_power_law,in_spec,20,0.75,False,0.25,,1.0,c1_lewis_robinson,permutation,,0.05,2000,2000,0,0,0.05,0.004873397172404482,21.3945,3.6965,0.14732374158064643,21.3945,-0.07867974454643732,
size,D_trp_power_law,in_spec,20,0.75,False,0.25,,1.0,c2_anderson_darling,asymptotic,,0.05,2000,1,0,0,0.0,0.0,21.3945,3.6965,0.14732374158064643,21.3945,-0.07867974454643732,
size,D_trp_power_law,in_spec,20,0.75,False,0.25,,1.0,c2_anderson_darling,permutation,,0.05,2000,2000,0,0,0.049,0.0048269555622566076,21.3945,3.6965,0.14732374158064643,21.3945,-0.07867974454643732,
size,D_trp_power_law,in_spec,20,0.75,False,0.25,,1.0,c5_rank_autocorr,permutation,studentized,0.05,2000,2000,0,0,0.051,0.004919298730510275,21.3945,3.6965,0.14732374158064643,21.3945,-0.07867974454643732,
size,D_trp_power_law,in_spec,20,0.75,False,0.25,,1.0,c5_rank_autocorr,permutation,unstudentized,0.05,2000,2000,0,0,0.052,0.004964675215963275,21.3945,3.6965,0.14732374158064643,21.3945,-0.07867974454643732,
size,D_trp_power_law,in_spec,20,0.75,False,0.25,,1.0,c6_exchangeability,permutation,,0.05,2000,2000,0,0,0.055,0.005097793640389928,21.3945,3.6965,0.14732374158064643,21.3945,-0.07867974454643732,
size,D_trp_power_law,in_spec,20,0.75,False,0.25,,1.0,cvm_cramer_von_mises,asymptotic,,0.05,2000,1,0,0,0.0,0.0,21.3945,3.6965,0.14732374158064643,21.3945,-0.07867974454643732,
size,D_trp_power_law,in_spec,20,0.75,False,0.25,,1.0,cvm_cramer_von_mises,permutation,,0.05,2000,2000,0,0,0.053,0.005009540897128199,21.3945,3.6965,0.14732374158064643,21.3945,-0.07867974454643732,
size,E_copula_ar1_durations,in_spec,20,0.75,False,0.0,0.0,,c1_lewis_robinson,asymptotic,,0.05,2000,2000,0,0,0.0545,0.005075911248239078,20.696,1.0,0.04609144542772861,20.696,-0.052349565775970455,
size,E_copula_ar1_durations,in_spec,20,0.75,False,0.0,0.0,,c1_lewis_robinson,permutation,,0.05,2000,2000,0,0,0.0455,0.004659922209651144,20.696,1.0,0.04609144542772861,20.696,-0.052349565775970455,
size,E_copula_ar1_durations,in_spec,20,0.75,False,0.0,0.0,,c2_anderson_darling,asymptotic,,0.05,2000,2000,0,0,0.058,0.0052266624149642565,20.696,1.0,0.04609144542772861,20.696,-0.052349565775970455,
size,E_copula_ar1_durations,in_spec,20,0.75,False,0.0,0.0,,c2_anderson_darling,permutation,,0.05,2000,2000,0,0,0.0455,0.004659922209651144,20.696,1.0,0.04609144542772861,20.696,-0.052349565775970455,
size,E_copula_ar1_durations,in_spec,20,0.75,False,0.0,0.0,,c5_rank_autocorr,permutation,studentized,0.05,2000,2000,0,0,0.0505,0.00489641450451246,20.696,1.0,0.04609144542772861,20.696,-0.052349565775970455,
size,E_copula_ar1_durations,in_spec,20,0.75,False,0.0,0.0,,c5_rank_autocorr,permutation,unstudentized,0.05,2000,2000,0,0,0.0515,0.004942051699446294,20.696,1.0,0.04609144542772861,20.696,-0.052349565775970455,
size,E_copula_ar1_durations,in_spec,20,0.75,False,0.0,0.0,,c6_exchangeability,permutation,,0.05,2000,2000,0,0,0.044,0.0045860658521220555,20.696,1.0,0.04609144542772861,20.696,-0.052349565775970455,
size,E_copula_ar1_durations,in_spec,20,0.75,False,0.0,0.0,,cvm_cramer_von_mises,asymptotic,,0.05,2000,2000,0,0,0.05,0.004873397172404482,20.696,1.0,0.04609144542772861,20.696,-0.052349565775970455,
size,E_copula_ar1_durations,in_spec,20,0.75,False,0.0,0.0,,cvm_cramer_von_mises,permutation,,0.05,2000,2000,0,0,0.047,0.00473238840333293,20.696,1.0,0.04609144542772861,20.696,-0.052349565775970455,
size,A_iid_weibull,in_spec,20,1.5,False,0.0,,,c1_lewis_robinson,asymptotic,,0.05,2000,2000,0,0,0.0635,0.005452877680637995,19.7855,1.0,0.048110461619879245,19.7855,-0.05589123120459613,
size,A_iid_weibull,in_spec,20,1.5,False,0.0,,,c1_lewis_robinson,permutation,,0.05,2000,2000,0,0,0.0625,0.005412658773652742,19.7855,1.0,0.048110461619879245,19.7855,-0.05589123120459613,
size,A_iid_weibull,in_spec,20,1.5,False,0.0,,,c2_anderson_darling,asymptotic,,0.05,2000,2000,0,0,0.079,0.006031542091372653,19.7855,1.0,0.048110461619879245,19.7855,-0.05589123120459613,
size,A_iid_weibull,in_spec,20,1.5,False,0.0,,,c2_anderson_darling,permutation,,0.05,2000,2000,0,0,0.0625,0.005412658773652742,19.7855,1.0,0.048110461619879245,19.7855,-0.05589123120459613,
size,A_iid_weibull,in_spec,20,1.5,False,0.0,,,c5_rank_autocorr,permutation,studentized,0.05,2000,2000,0,0,0.0475,0.004756245893559331,19.7855,1.0,0.048110461619879245,19.7855,-0.05589123120459613,
size,A_iid_weibull,in_spec,20,1.5,False,0.0,,,c5_rank_autocorr,permutation,unstudentized,0.05,2000,2000,0,0,0.0525,0.004987171041783107,19.7855,1.0,0.048110461619879245,19.7855,-0.05589123120459613,
size,A_iid_weibull,in_spec,20,1.5,False,0.0,,,c6_exchangeability,permutation,,0.05,2000,2000,0,0,0.0535,0.005031786462082826,19.7855,1.0,0.048110461619879245,19.7855,-0.05589123120459613,
size,A_iid_weibull,in_spec,20,1.5,False,0.0,,,cvm_cramer_von_mises,asymptotic,,0.05,2000,2000,0,0,0.066,0.005551756478809206,19.7855,1.0,0.048110461619879245,19.7855,-0.05589123120459613,
size,A_iid_weibull,in_spec,20,1.5,False,0.0,,,cvm_cramer_von_mises,permutation,,0.05,2000,2000,0,0,0.061,0.005351588549206675,19.7855,1.0,0.048110461619879245,19.7855,-0.05589123120459613,
size,A_iid_weibull,in_spec,20,1.5,False,0.03,,,c1_lewis_robinson,asymptotic,,0.05,2000,2000,0,0,0.0505,0.00489641450451246,19.6525,1.0,0.0484202881007142,19.6525,-0.05955375578831944,
size,A_iid_weibull,in_spec,20,1.5,False,0.03,,,c1_lewis_robinson,permutation,,0.05,2000,2000,0,0,0.0455,0.004659922209651144,19.6525,1.0,0.0484202881007142,19.6525,-0.05955375578831944,
size,A_iid_weibull,in_spec,20,1.5,False,0.03,,,c2_anderson_darling,asymptotic,,0.05,2000,2000,0,0,0.059,0.0052687284993630104,19.6525,1.0,0.0484202881007142,19.6525,-0.05955375578831944,
size,A_iid_weibull,in_spec,20,1.5,False,0.03,,,c2_anderson_darling,permutation,,0.05,2000,2000,0,0,0.048,0.0047799581588126895,19.6525,1.0,0.0484202881007142,19.6525,-0.05955375578831944,
size,A_iid_weibull,in_spec,20,1.5,False,0.03,,,c5_rank_autocorr,permutation,studentized,0.05,2000,2000,0,0,0.05,0.004873397172404482,19.6525,1.0,0.0484202881007142,19.6525,-0.05955375578831944,
size,A_iid_weibull,in_spec,20,1.5,False,0.03,,,c5_rank_autocorr,permutation,unstudentized,0.05,2000,2000,0,0,0.0575,0.005205465877325487,19.6525,1.0,0.0484202881007142,19.6525,-0.05955375578831944,
size,A_iid_weibull,in_spec,20,1.5,False,0.03,,,c6_exchangeability,permutation,,0.05,2000,2000,0,0,0.06,0.0053103672189407005,19.6525,1.0,0.0484202881007142,19.6525,-0.05955375578831944,
size,A_iid_weibull,in_spec,20,1.5,False,0.03,,,cvm_cramer_von_mises,asymptotic,,0.05,2000,2000,0,0,0.0505,0.00489641450451246,19.6525,1.0,0.0484202881007142,19.6525,-0.05955375578831944,
size,A_iid_weibull,in_spec,20,1.5,False,0.03,,,cvm_cramer_von_mises,permutation,,0.05,2000,2000,0,0,0.048,0.0047799581588126895,19.6525,1.0,0.0484202881007142,19.6525,-0.05955375578831944,
size,A_iid_weibull,in_spec,20,1.5,False,0.25,,,c1_lewis_robinson,asymptotic,,0.05,2000,2000,0,0,0.287,0.010115112456122274,18.883,3.973,0.17382744137206863,18.883,-0.06621990624998293,
size,A_iid_weibull,in_spec,20,1.5,False,0.25,,,c1_lewis_robinson,permutation,,0.05,2000,2000,0,0,0.049,0.0048269555622566076,18.883,3.973,0.17382744137206863,18.883,-0.06621990624998293,
size,A_iid_weibull,in_spec,20,1.5,False,0.25,,,c2_anderson_darling,permutation,,0.05,2000,2000,0,0,0.059,0.0052687284993630104,18.883,3.973,0.17382744137206863,18.883,-0.06621990624998293,
size,A_iid_weibull,in_spec,20,1.5,False,0.25,,,c5_rank_autocorr,permutation,studentized,0.05,2000,2000,0,0,0.051,0.004919298730510275,18.883,3.973,0.17382744137206863,18.883,-0.06621990624998293,
size,A_iid_weibull,in_spec,20,1.5,False,0.25,,,c5_rank_autocorr,permutation,unstudentized,0.05,2000,2000,0,0,0.0545,0.005075911248239078,18.883,3.973,0.17382744137206863,18.883,-0.06621990624998293,
size,A_iid_weibull,in_spec,20,1.5,False,0.25,,,c6_exchangeability,permutation,,0.05,2000,2000,0,0,0.0495,0.004850244839180801,18.883,3.973,0.17382744137206863,18.883,-0.06621990624998293,
size,A_iid_weibull,in_spec,20,1.5,False,0.25,,,cvm_cramer_von_mises,permutation,,0.05,2000,2000,0,0,0.0555,0.005119558086397693,18.883,3.973,0.17382744137206863,18.883,-0.06621990624998293,
size,A_iid_weibull,in_spec,20,1.5,True,0.0,,,c1_lewis_robinson,asymptotic,,0.05,2000,2000,0,0,0.0665,0.005571254347092763,17.005,1.0,0.05554012774229381,6.5245,-0.05654359566473923,
size,A_iid_weibull,in_spec,20,1.5,True,0.0,,,c1_lewis_robinson,permutation,,0.05,2000,2000,0,0,0.0555,0.005119558086397693,17.005,1.0,0.05554012774229381,6.5245,-0.05654359566473923,
size,A_iid_weibull,in_spec,20,1.5,True,0.0,,,c2_anderson_darling,asymptotic,,0.05,2000,2000,0,0,0.0805,0.006083574196144894,17.005,1.0,0.05554012774229381,6.5245,-0.05654359566473923,
size,A_iid_weibull,in_spec,20,1.5,True,0.0,,,c2_anderson_darling,permutation,,0.05,2000,2000,0,0,0.052,0.004964675215963275,17.005,1.0,0.05554012774229381,6.5245,-0.05654359566473923,
size,A_iid_weibull,in_spec,20,1.5,True,0.0,,,c5_rank_autocorr,permutation,studentized,0.05,2000,2000,0,0,0.058,0.0052266624149642565,17.005,1.0,0.05554012774229381,6.5245,-0.05654359566473923,
size,A_iid_weibull,in_spec,20,1.5,True,0.0,,,c5_rank_autocorr,permutation,unstudentized,0.05,2000,2000,0,0,0.0525,0.004987171041783107,17.005,1.0,0.05554012774229381,6.5245,-0.05654359566473923,
size,A_iid_weibull,in_spec,20,1.5,True,0.0,,,c6_exchangeability,permutation,,0.05,2000,2000,0,0,0.0495,0.004850244839180801,17.005,1.0,0.05554012774229381,6.5245,-0.05654359566473923,
size,A_iid_weibull,in_spec,20,1.5,True,0.0,,,cvm_cramer_von_mises,asymptotic,,0.05,2000,2000,0,0,0.0645,0.005492711079239468,17.005,1.0,0.05554012774229381,6.5245,-0.05654359566473923,
size,A_iid_weibull,in_spec,20,1.5,True,0.0,,,cvm_cramer_von_mises,permutation,,0.05,2000,2000,0,0,0.054,0.005053909377897471,17.005,1.0,0.05554012774229381,6.5245,-0.05654359566473923,
size,A_iid_weibull,in_spec,20,1.5,True,0.03,,,c1_lewis_robinson,asymptotic,,0.05,2000,2000,0,0,0.0685,0.0056483515294287415,16.928,1.0,0.05577867023650156,6.525,-0.06472125378365746,
size,A_iid_weibull,in_spec,20,1.5,True,0.03,,,c1_lewis_robinson,permutation,,0.05,2000,2000,0,0,0.0505,0.00489641450451246,16.928,1.0,0.05577867023650156,6.525,-0.06472125378365746,
size,A_iid_weibull,in_spec,20,1.5,True,0.03,,,c2_anderson_darling,asymptotic,,0.05,2000,2000,0,0,0.081,0.006100778638829638,16.928,1.0,0.05577867023650156,6.525,-0.06472125378365746,
size,A_iid_weibull,in_spec,20,1.5,True,0.03,,,c2_anderson_darling,permutation,,0.05,2000,2000,0,0,0.0505,0.00489641450451246,16.928,1.0,0.05577867023650156,6.525,-0.06472125378365746,
size,A_iid_weibull,in_spec,20,1.5,True,0.03,,,c5_rank_autocorr,permutation,studentized,0.05,2000,2000,0,0,0.0505,0.00489641450451246,16.928,1.0,0.05577867023650156,6.525,-0.06472125378365746,
size,A_iid_weibull,in_spec,20,1.5,True,0.03,,,c5_rank_autocorr,permutation,unstudentized,0.05,2000,2000,0,0,0.0535,0.005031786462082826,16.928,1.0,0.05577867023650156,6.525,-0.06472125378365746,
size,A_iid_weibull,in_spec,20,1.5,True,0.03,,,c6_exchangeability,permutation,,0.05,2000,2000,0,0,0.048,0.0047799581588126895,16.928,1.0,0.05577867023650156,6.525,-0.06472125378365746,
size,A_iid_weibull,in_spec,20,1.5,True,0.03,,,cvm_cramer_von_mises,asymptotic,,0.05,2000,2000,0,0,0.068,0.005629209535982827,16.928,1.0,0.05577867023650156,6.525,-0.06472125378365746,
size,A_iid_weibull,in_spec,20,1.5,True,0.03,,,cvm_cramer_von_mises,permutation,,0.05,2000,2000,0,0,0.0515,0.004942051699446294,16.928,1.0,0.05577867023650156,6.525,-0.06472125378365746,
size,A_iid_weibull,in_spec,20,1.5,True,0.25,,,c1_lewis_robinson,asymptotic,,0.05,2000,1891,109,0,0.3749338974087784,0.011132547647533892,16.394500264410365,3.9672131147540983,0.19483690006233118,6.140666314119514,-0.06721051250240927,"ValueError: gamma_hat is zero: every gap is identical, so the statistic it scales is undefined. A fully quantised duration vector (every window one read long) r"
size,A_iid_weibull,in_spec,20,1.5,True,0.25,,,c1_lewis_robinson,permutation,,0.05,2000,1891,109,0,0.05605499735589635,0.005289745156617683,16.394500264410365,3.9672131147540983,0.19483690006233118,6.140666314119514,-0.06721051250240927,"ValueError: gamma_hat is zero: every gap is identical, so the statistic it scales is undefined. A fully quantised duration vector (every window one read long) r"
size,A_iid_weibull,in_spec,20,1.5,True,0.25,,,c2_anderson_darling,permutation,,0.05,2000,1891,109,0,0.046536224219989424,0.004843975146199074,16.394500264410365,3.9672131147540983,0.19483690006233118,6.140666314119514,-0.06721051250240927,"ValueError: gamma_hat is zero: every gap is identical, so the statistic it scales is undefined. A fully quantised duration vector (every window one read long) r"
size,A_iid_weibull,in_spec,20,1.5,True,0.25,,,c5_rank_autocorr,permutation,studentized,0.05,2000,1891,109,0,0.048122686409307246,0.004921751195379746,16.394500264410365,3.9672131147540983,0.19483690006233118,6.140666314119514,-0.06721051250240927,"ValueError: gamma_hat is zero: every gap is identical, so the statistic it scales is undefined. A fully quantised duration vector (every window one read long) r"
size,A_iid_weibull,in_spec,20,1.5,True,0.25,,,c5_rank_autocorr,permutation,unstudentized,0.05,2000,1891,109,0,0.05711263881544157,0.005336423107545827,16.394500264410365,3.9672131147540983,0.19483690006233118,6.140666314119514,-0.06721051250240927,"ValueError: gamma_hat is zero: every gap is identical, so the statistic it scales is undefined. A fully quantised duration vector (every window one read long) r"
size,A_iid_weibull,in_spec,20,1.5,True,0.25,,,c6_exchangeability,permutation,,0.05,2000,1891,109,0,0.05446853516657853,0.0052187329783386326,16.394500264410365,3.9672131147540983,0.19483690006233118,6.140666314119514,-0.06721051250240927,"ValueError: gamma_hat is zero: every gap is identical, so the statistic it scales is undefined. A fully quantised duration vector (every window one read long) r"
size,A_iid_weibull,in_spec,20,1.5,True,0.25,,,cvm_cramer_von_mises,permutation,,0.05,2000,1891,109,0,0.047593865679534636,0.004895993334284316,16.394500264410365,3.9672131147540983,0.19483690006233118,6.140666314119514,-0.06721051250240927,"ValueError: gamma_hat is zero: every gap is identical, so the statistic it scales is undefined. A fully quantised duration vector (every window one read long) r"
size,D_trp_power_law,in_spec,20,1.5,False,0.0,,1.0,c1_lewis_robinson,asymptotic,,0.05,2000,2000,0,0,0.0585,0.0052477495176503994,19.811,1.0,0.04805151122002787,19.811,-0.052646301542836886,
size,D_trp_power_law,in_spec,20,1.5,False,0.0,,1.0,c1_lewis_robinson,permutation,,0.05,2000,2000,0,0,0.0515,0.004942051699446294,19.811,1.0,0.04805151122002787,19.811,-0.052646301542836886,
size,D_trp_power_law,in_spec,20,1.5,False,0.0,,1.0,c2_anderson_darling,asymptotic,,0.05,2000,2000,0,0,0.061,0.005351588549206675,19.811,1.0,0.04805151122002787,19.811,-0.052646301542836886,
size,D_trp_power_law,in_spec,20,1.5,False,0.0,,1.0,c2_anderson_darling,permutation,,0.05,2000,2000,0,0,0.05,0.004873397172404482,19.811,1.0,0.04805151122002787,19.811,-0.052646301542836886,
size,D_trp_power_law,in_spec,20,1.5,False,0.0,,1.0,c5_rank_autocorr,permutation,studentized,0.05,2000,2000,0,0,0.0485,0.004803527349771208,19.811,1.0,0.04805151122002787,19.811,-0.052646301542836886,
size,D_trp_power_law,in_spec,20,1.5,False,0.0,,1.0,c5_rank_autocorr,permutation,unstudentized,0.05,2000,2000,0,0,0.042,0.004485309353879618,19.811,1.0,0.04805151122002787,19.811,-0.052646301542836886,
size,D_trp_power_law,in_spec,20,1.5,False,0.0,,1.0,c6_exchangeability,permutation,,0.05,2000,2000,0,0,0.047,0.00473238840333293,19.811,1.0,0.04805151122002787,19.811,-0.052646301542836886,
size,D_trp_power_law,in_spec,20,1.5,False,0.0,,1.0,cvm_cramer_von_mises,asymptotic,,0.05,2000,2000,0,0,0.0535,0.005031786462082826,19.811,1.0,0.04805151122002787,19.811,-0.052646301542836886,
size,D_trp_power_law,in_spec,20,1.5,False,0.0,,1.0,cvm_cramer_von_mises,permutation,,0.05,2000,2000,0,0,0.0495,0.004850244839180801,19.811,1.0,0.04805151122002787,19.811,-0.052646301542836886,
size,D_trp_power_law,in_spec,20,1.5,False,0.03,,1.0,c1_lewis_robinson,asymptotic,,0.05,2000,2000,0,0,0.0605,0.005331029450303197,19.7755,1.0,0.04813361892613896,19.7755,-0.05648624210567365,
size,D_trp_power_law,in_spec,20,1.5,False,0.03,,1.0,c1_lewis_robinson,permutation,,0.05,2000,2000,0,0,0.054,0.005053909377897471,19.7755,1.0,0.04813361892613896,19.7755,-0.05648624210567365,
size,D_trp_power_law,in_spec,20,1.5,False,0.03,,1.0,c2_anderson_darling,asymptotic,,0.05,2000,2000,0,0,0.0665,0.005571254347092763,19.7755,1.0,0.04813361892613896,19.7755,-0.05648624210567365,
size,D_trp_power_law,in_spec,20,1.5,False,0.03,,1.0,c2_anderson_darling,permutation,,0.05,2000,2000,0,0,0.0515,0.004942051699446294,19.7755,1.0,0.04813361892613896,19.7755,-0.05648624210567365,
size,D_trp_power_law,in_spec,20,1.5,False,0.03,,1.0,c5_rank_autocorr,permutation,studentized,0.05,2000,2000,0,0,0.0445,0.004610843198374892,19.7755,1.0,0.04813361892613896,19.7755,-0.05648624210567365,
size,D_trp_power_law,in_spec,20,1.5,False,0.03,,1.0,c5_rank_autocorr,permutation,unstudentized,0.05,2000,2000,0,0,0.0445,0.004610843198374892,19.7755,1.0,0.04813361892613896,19.7755,-0.05648624210567365,
size,D_trp_power_law,in_spec,20,1.5,False,0.03,,1.0,c6_exchangeability,permutation,,0.05,2000,2000,0,0,0.0455,0.004659922209651144,19.7755,1.0,0.04813361892613896,19.7755,-0.05648624210567365,
size,D_trp_power_law,in_spec,20,1.5,False,0.03,,1.0,cvm_cramer_von_mises,asymptotic,,0.05,2000,2000,0,0,0.0555,0.005119558086397693,19.7755,1.0,0.04813361892613896,19.7755,-0.05648624210567365,
size,D_trp_power_law,in_spec,20,1.5,False,0.03,,1.0,cvm_cramer_von_mises,permutation,,0.05,2000,2000,0,0,0.054,0.005053909377897471,19.7755,1.0,0.04813361892613896,19.7755,-0.05648624210567365,
size,D_trp_power_law,in_spec,20,1.5,False,0.25,,1.0,c1_lewis_robinson,asymptotic,,0.05,2000,2000,0,0,0.298,0.010227316363543272,18.924,3.975,0.17358836630420543,18.924,-0.06136656652207181,
size,D_trp_power_law,in_spec,20,1.5,False,0.25,,1.0,c1_lewis_robinson,permutation,,0.05,2000,2000,0,0,0.061,0.005351588549206675,18.924,3.975,0.17358836630420543,18.924,-0.06136656652207181,
size,D_trp_power_law,in_spec,20,1.5,False,0.25,,1.0,c2_anderson_darling,permutation,,0.05,2000,2000,0,0,0.051,0.004919298730510275,18.924,3.975,0.17358836630420543,18.924,-0.06136656652207181,
size,D_trp_power_law,in_spec,20,1.5,False,0.25,,1.0,c5_rank_autocorr,permutation,studentized,0.05,2000,2000,0,0,0.056,0.005141206084179081,18.924,3.975,0.17358836630420543,18.924,-0.06136656652207181,
size,D_trp_power_law,in_spec,20,1.5,False,0.25,,1.0,c5_rank_autocorr,permutation,unstudentized,0.05,2000,2000,0,0,0.056,0.005141206084179081,18.924,3.975,0.17358836630420543,18.924,-0.06136656652207181,
size,D_trp_power_law,in_spec,20,1.5,False,0.25,,1.0,c6_exchangeability,permutation,,0.05,2000,2000,0,0,0.0565,0.005162739098579358,18.924,3.975,0.17358836630420543,18.924,-0.06136656652207181,
size,D_trp_power_law,in_spec,20,1.5,False,0.25,,1.0,cvm_cramer_von_mises,permutation,,0.05,2000,2000,0,0,0.0575,0.005205465877325487,18.924,3.975,0.17358836630420543,18.924,-0.06136656652207181,
size,E_copula_ar1_durations,in_spec,20,1.5,False,0.0,0.0,,c1_lewis_robinson,asymptotic,,0.05,2000,2000,0,0,0.0605,0.005331029450303197,19.6615,1.0,0.04839919657333688,19.6615,-0.05787628385259323,
size,E_copula_ar1_durations,in_spec,20,1.5,False,0.0,0.0,,c1_lewis_robinson,permutation,,0.05,2000,2000,0,0,0.049,0.0048269555622566076,19.6615,1.0,0.04839919657333688,19.6615,-0.05787628385259323,
size,E_copula_ar1_durations,in_spec,20,1.5,False,0.0,0.0,,c2_anderson_darling,asymptotic,,0.05,2000,2000,0,0,0.067,0.005590661857061291,19.6615,1.0,0.04839919657333688,19.6615,-0.05787628385259323,
size,E_copula_ar1_durations,in_spec,20,1.5,False,0.0,0.0,,c2_anderson_darling,permutation,,0.05,2000,2000,0,0,0.0475,0.004756245893559331,19.6615,1.0,0.04839919657333688,19.6615,-0.05787628385259323,
size,E_copula_ar1_durations,in_spec,20,1.5,False,0.0,0.0,,c5_rank_autocorr,permutation,studentized,0.05,2000,2000,0,0,0.054,0.005053909377897471,19.6615,1.0,0.04839919657333688,19.6615,-0.05787628385259323,
size,E_copula_ar1_durations,in_spec,20,1.5,False,0.0,0.0,,c5_rank_autocorr,permutation,unstudentized,0.05,2000,2000,0,0,0.0495,0.004850244839180801,19.6615,1.0,0.04839919657333688,19.6615,-0.05787628385259323,
size,E_copula_ar1_durations,in_spec,20,1.5,False,0.0,0.0,,c6_exchangeability,permutation,,0.05,2000,2000,0,0,0.0525,0.004987171041783107,19.6615,1.0,0.04839919657333688,19.6615,-0.05787628385259323,
size,E_copula_ar1_durations,in_spec,20,1.5,False,0.0,0.0,,cvm_cramer_von_mises,asymptotic,,0.05,2000,2000,0,0,0.0575,0.005205465877325487,19.6615,1.0,0.04839919657333688,19.6615,-0.05787628385259323,
size,E_copula_ar1_durations,in_spec,20,1.5,False,0.0,0.0,,cvm_cramer_von_mises,permutation,,0.05,2000,2000,0,0,0.0475,0.004756245893559331,19.6615,1.0,0.04839919657333688,19.6615,-0.05787628385259323,
size,B_iid_reads_carved,calendar,20,,False,0.0,,,c1_lewis_robinson,asymptotic,,0.05,2000,2000,0,0,0.0575,0.005205465877325487,21.5345,1.0,0.044376400630144884,6.3285,-0.043536915208396906,
size,B_iid_reads_carved,calendar,20,,False,0.0,,,c1_lewis_robinson,permutation,,0.05,2000,2000,0,0,0.045,0.004635461142108733,21.5345,1.0,0.044376400630144884,6.3285,-0.043536915208396906,
size,B_iid_reads_carved,calendar,20,,False,0.0,,,c2_anderson_darling,asymptotic,,0.05,2000,2000,0,0,0.086,0.0062691307212403855,21.5345,1.0,0.044376400630144884,6.3285,-0.043536915208396906,
size,B_iid_reads_carved,calendar,20,,False,0.0,,,c2_anderson_darling,permutation,,0.05,2000,2000,0,0,0.0495,0.004850244839180801,21.5345,1.0,0.044376400630144884,6.3285,-0.043536915208396906,
size,B_iid_reads_carved,calendar,20,,False,0.0,,,c5_rank_autocorr,permutation,studentized,0.05,2000,2000,0,0,0.0465,0.004708383480558906,21.5345,1.0,0.044376400630144884,6.3285,-0.043536915208396906,
size,B_iid_reads_carved,calendar,20,,False,0.0,,,c5_rank_autocorr,permutation,unstudentized,0.05,2000,2000,0,0,0.0475,0.004756245893559331,21.5345,1.0,0.044376400630144884,6.3285,-0.043536915208396906,
size,B_iid_reads_carved,calendar,20,,False,0.0,,,c6_exchangeability,permutation,,0.05,2000,2000,0,0,0.049,0.0048269555622566076,21.5345,1.0,0.044376400630144884,6.3285,-0.043536915208396906,
size,B_iid_reads_carved,calendar,20,,False,0.0,,,cvm_cramer_von_mises,asymptotic,,0.05,2000,2000,0,0,0.066,0.005551756478809206,21.5345,1.0,0.044376400630144884,6.3285,-0.043536915208396906,
size,B_iid_reads_carved,calendar,20,,False,0.0,,,cvm_cramer_von_mises,permutation,,0.05,2000,2000,0,0,0.0465,0.004708383480558906,21.5345,1.0,0.044376400630144884,6.3285,-0.043536915208396906,
size,B_iid_reads_carved,in_spec,20,,False,0.0,,,c5_rank_autocorr,permutation,studentized,0.05,2000,2000,0,0,0.0465,0.004708383480558906,22.0125,1.0,0.043454644215100494,4.771,-0.03429663633145195,
size,B_iid_reads_carved,in_spec,20,,False,0.0,,,c5_rank_autocorr,permutation,unstudentized,0.05,2000,2000,0,0,0.0505,0.00489641450451246,22.0125,1.0,0.043454644215100494,4.771,-0.03429663633145195,
size,B_iid_reads_carved,in_spec,20,,False,0.0,,,c6_exchangeability,permutation,,0.05,2000,2000,0,0,0.0495,0.004850244839180801,22.0125,1.0,0.043454644215100494,4.771,-0.03429663633145195,
size,B_iid_reads_carved,in_spec,20,,False,0.0,,,cvm_cramer_von_mises,permutation,,0.05,2000,2000,0,0,0.0515,0.004942051699446294,22.0125,1.0,0.043454644215100494,4.771,-0.03429663633145195,
size,C_ar1_reads_carved,calendar,20,,False,0.0,0.0,,c1_lewis_robinson,asymptotic,,0.05,2000,2000,0,0,0.0615,0.005372045699731156,21.5075,1.0,0.04442963456625569,6.342,-0.04533918186692845,
size,C_ar1_reads_carved,calendar,20,,False,0.0,0.0,,c1_lewis_robinson,permutation,,0.05,2000,2000,0,0,0.0435,0.004561126505590478,21.5075,1.0,0.04442963456625569,6.342,-0.04533918186692845,
size,C_ar1_reads_carved,calendar,20,,False,0.0,0.0,,c2_anderson_darling,asymptotic,,0.05,2000,2000,0,0,0.083,0.006168914004912048,21.5075,1.0,0.04442963456625569,6.342,-0.04533918186692845,
size,C_ar1_reads_carved,calendar,20,,False,0.0,0.0,,c2_anderson_darling,permutation,,0.05,2000,2000,0,0,0.0465,0.004708383480558906,21.5075,1.0,0.04442963456625569,6.342,-0.04533918186692845,
size,C_ar1_reads_carved,calendar,20,,False,0.0,0.0,,c5_rank_autocorr,permutation,studentized,0.05,2000,2000,0,0,0.0505,0.00489641450451246,21.5075,1.0,0.04442963456625569,6.342,-0.04533918186692845,
size,C_ar1_reads_carved,calendar,20,,False,0.0,0.0,,c5_rank_autocorr,permutation,unstudentized,0.05,2000,2000,0,0,0.0495,0.004850244839180801,21.5075,1.0,0.04442963456625569,6.342,-0.04533918186692845,
size,C_ar1_reads_carved,calendar,20,,False,0.0,0.0,,c6_exchangeability,permutation,,0.05,2000,2000,0,0,0.059,0.0052687284993630104,21.5075,1.0,0.04442963456625569,6.342,-0.04533918186692845,
size,C_ar1_reads_carved,calendar,20,,False,0.0,0.0,,cvm_cramer_von_mises,asymptotic,,0.05,2000,2000,0,0,0.0645,0.005492711079239468,21.5075,1.0,0.04442963456625569,6.342,-0.04533918186692845,
size,C_ar1_reads_carved,calendar,20,,False,0.0,0.0,,cvm_cramer_von_mises,permutation,,0.05,2000,2000,0,0,0.0475,0.004756245893559331,21.5075,1.0,0.04442963456625569,6.342,-0.04533918186692845,
size,C_ar1_reads_carved,in_spec,20,,False,0.0,0.0,,c5_rank_autocorr,permutation,studentized,0.05,2000,2000,0,0,0.0505,0.00489641450451246,21.9965,1.0,0.04348487813362903,4.7705,-0.04793805200290182,
size,C_ar1_reads_carved,in_spec,20,,False,0.0,0.0,,c5_rank_autocorr,permutation,unstudentized,0.05,2000,2000,0,0,0.052,0.004964675215963275,21.9965,1.0,0.04348487813362903,4.7705,-0.04793805200290182,
size,C_ar1_reads_carved,in_spec,20,,False,0.0,0.0,,c6_exchangeability,permutation,,0.05,2000,2000,0,0,0.047,0.00473238840333293,21.9965,1.0,0.04348487813362903,4.7705,-0.04793805200290182,
size,C_ar1_reads_carved,in_spec,20,,False,0.0,0.0,,cvm_cramer_von_mises,permutation,,0.05,2000,2000,0,0,0.0465,0.004708383480558906,21.9965,1.0,0.04348487813362903,4.7705,-0.04793805200290182,
size,A_iid_weibull,in_spec,35,0.75,False,0.0,,,c1_lewis_robinson,asymptotic,,0.05,2000,2000,0,0,0.05,0.004873397172404482,35.458,1.0,0.02742882220637446,35.458,-0.026081497518058328,
size,A_iid_weibull,in_spec,35,0.75,False,0.0,,,c1_lewis_robinson,permutation,,0.05,2000,2000,0,0,0.046,0.00468422885862764,35.458,1.0,0.02742882220637446,35.458,-0.026081497518058328,
size,A_iid_weibull,in_spec,35,0.75,False,0.0,,,c2_anderson_darling,asymptotic,,0.05,2000,2000,0,0,0.05,0.004873397172404482,35.458,1.0,0.02742882220637446,35.458,-0.026081497518058328,
size,A_iid_weibull,in_spec,35,0.75,False,0.0,,,c2_anderson_darling,permutation,,0.05,2000,2000,0,0,0.0445,0.004610843198374892,35.458,1.0,0.02742882220637446,35.458,-0.026081497518058328,
size,A_iid_weibull,in_spec,35,0.75,False,0.0,,,c5_rank_autocorr,permutation,studentized,0.05,2000,2000,0,0,0.05,0.004873397172404482,35.458,1.0,0.02742882220637446,35.458,-0.026081497518058328,
size,A_iid_weibull,in_spec,35,0.75,False,0.0,,,c5_rank_autocorr,permutation,unstudentized,0.05,2000,2000,0,0,0.05,0.004873397172404482,35.458,1.0,0.02742882220637446,35.458,-0.026081497518058328,
size,A_iid_weibull,in_spec,35,0.75,False,0.0,,,c6_exchangeability,permutation,,0.05,2000,2000,0,0,0.0455,0.004659922209651144,35.458,1.0,0.02742882220637446,35.458,-0.026081497518058328,
size,A_iid_weibull,in_spec,35,0.75,False,0.0,,,cvm_cramer_von_mises,asymptotic,,0.05,2000,2000,0,0,0.046,0.00468422885862764,35.458,1.0,0.02742882220637446,35.458,-0.026081497518058328,
size,A_iid_weibull,in_spec,35,0.75,False,0.0,,,cvm_cramer_von_mises,permutation,,0.05,2000,2000,0,0,0.0445,0.004610843198374892,35.458,1.0,0.02742882220637446,35.458,-0.026081497518058328,
size,A_iid_weibull,in_spec,35,0.75,False,0.03,,,c1_lewis_robinson,asymptotic,,0.05,2000,2000,0,0,0.0565,0.005162739098579358,35.286,1.0,0.027558838119384886,35.286,-0.022900834676994494,
size,A_iid_weibull,in_spec,35,0.75,False,0.03,,,c1_lewis_robinson,permutation,,0.05,2000,2000,0,0,0.047,0.00473238840333293,35.286,1.0,0.027558838119384886,35.286,-0.022900834676994494,
size,A_iid_weibull,in_spec,35,0.75,False,0.03,,,c2_anderson_darling,asymptotic,,0.05,2000,2000,0,0,0.0535,0.005031786462082826,35.286,1.0,0.027558838119384886,35.286,-0.022900834676994494,
size,A_iid_weibull,in_spec,35,0.75,False,0.03,,,c2_anderson_darling,permutation,,0.05,2000,2000,0,0,0.0455,0.004659922209651144,35.286,1.0,0.027558838119384886,35.286,-0.022900834676994494,
size,A_iid_weibull,in_spec,35,0.75,False,0.03,,,c5_rank_autocorr,permutation,studentized,0.05,2000,2000,0,0,0.0545,0.005075911248239078,35.286,1.0,0.027558838119384886,35.286,-0.022900834676994494,
size,A_iid_weibull,in_spec,35,0.75,False,0.03,,,c5_rank_autocorr,permutation,unstudentized,0.05,2000,2000,0,0,0.0585,0.0052477495176503994,35.286,1.0,0.027558838119384886,35.286,-0.022900834676994494,
size,A_iid_weibull,in_spec,35,0.75,False,0.03,,,c6_exchangeability,permutation,,0.05,2000,2000,0,0,0.059,0.0052687284993630104,35.286,1.0,0.027558838119384886,35.286,-0.022900834676994494,
size,A_iid_weibull,in_spec,35,0.75,False,0.03,,,cvm_cramer_von_mises,asymptotic,,0.05,2000,2000,0,0,0.054,0.005053909377897471,35.286,1.0,0.027558838119384886,35.286,-0.022900834676994494,
size,A_iid_weibull,in_spec,35,0.75,False,0.03,,,cvm_cramer_von_mises,permutation,,0.05,2000,2000,0,0,0.0495,0.004850244839180801,35.286,1.0,0.027558838119384886,35.286,-0.022900834676994494,
size,A_iid_weibull,in_spec,35,0.75,False,0.25,,,c1_lewis_robinson,asymptotic,,0.05,2000,2000,0,0,0.2545,0.009739860111931793,37.583,6.4775,0.14701376516380887,37.583,-0.05305335755813353,
size,A_iid_weibull,in_spec,35,0.75,False,0.25,,,c1_lewis_robinson,permutation,,0.05,2000,2000,0,0,0.0505,0.00489641450451246,37.583,6.4775,0.14701376516380887,37.583,-0.05305335755813353,
size,A_iid_weibull,in_spec,35,0.75,False,0.25,,,c2_anderson_darling,permutation,,0.05,2000,2000,0,0,0.043,0.004536022486716748,37.583,6.4775,0.14701376516380887,37.583,-0.05305335755813353,
size,A_iid_weibull,in_spec,35,0.75,False,0.25,,,c5_rank_autocorr,permutation,studentized,0.05,2000,2000,0,0,0.038,0.004275277768753745,37.583,6.4775,0.14701376516380887,37.583,-0.05305335755813353,
size,A_iid_weibull,in_spec,35,0.75,False,0.25,,,c5_rank_autocorr,permutation,unstudentized,0.05,2000,2000,0,0,0.045,0.004635461142108733,37.583,6.4775,0.14701376516380887,37.583,-0.05305335755813353,
size,A_iid_weibull,in_spec,35,0.75,False,0.25,,,c6_exchangeability,permutation,,0.05,2000,2000,0,0,0.0495,0.004850244839180801,37.583,6.4775,0.14701376516380887,37.583,-0.05305335755813353,
size,A_iid_weibull,in_spec,35,0.75,False,0.25,,,cvm_cramer_von_mises,permutation,,0.05,2000,2000,0,0,0.044,0.0045860658521220555,37.583,6.4775,0.14701376516380887,37.583,-0.05305335755813353,
size,A_iid_weibull,in_spec,35,0.75,True,0.0,,,c1_lewis_robinson,asymptotic,,0.05,2000,2000,0,0,0.0565,0.005162739098579358,29.656,1.0,0.03262004175365345,8.6775,-0.03078045426197795,
size,A_iid_weibull,in_spec,35,0.75,True,0.0,,,c1_lewis_robinson,permutation,,0.05,2000,2000,0,0,0.0465,0.004708383480558906,29.656,1.0,0.03262004175365345,8.6775,-0.03078045426197795,
size,A_iid_weibull,in_spec,35,0.75,True,0.0,,,c2_anderson_darling,asymptotic,,0.05,2000,2000,0,0,0.0495,0.004850244839180801,29.656,1.0,0.03262004175365345,8.6775,-0.03078045426197795,
size,A_iid_weibull,in_spec,35,0.75,True,0.0,,,c2_anderson_darling,permutation,,0.05,2000,2000,0,0,0.047,0.00473238840333293,29.656,1.0,0.03262004175365345,8.6775,-0.03078045426197795,
size,A_iid_weibull,in_spec,35,0.75,True,0.0,,,c5_rank_autocorr,permutation,studentized,0.05,2000,2000,0,0,0.045,0.004635461142108733,29.656,1.0,0.03262004175365345,8.6775,-0.03078045426197795,
size,A_iid_weibull,in_spec,35,0.75,True,0.0,,,c5_rank_autocorr,permutation,unstudentized,0.05,2000,2000,0,0,0.044,0.0045860658521220555,29.656,1.0,0.03262004175365345,8.6775,-0.03078045426197795,
size,A_iid_weibull,in_spec,35,0.75,True,0.0,,,c6_exchangeability,permutation,,0.05,2000,2000,0,0,0.0475,0.004756245893559331,29.656,1.0,0.03262004175365345,8.6775,-0.03078045426197795,
size,A_iid_weibull,in_spec,35,0.75,True,0.0,,,cvm_cramer_von_mises,asymptotic,,0.05,2000,2000,0,0,0.0535,0.005031786462082826,29.656,1.0,0.03262004175365345,8.6775,-0.03078045426197795,
size,A_iid_weibull,in_spec,35,0.75,True,0.0,,,cvm_cramer_von_mises,permutation,,0.05,2000,2000,0,0,0.0465,0.004708383480558906,29.656,1.0,0.03262004175365345,8.6775,-0.03078045426197795,
size,A_iid_weibull,in_spec,35,0.75,True,0.03,,,c1_lewis_robinson,asymptotic,,0.05,2000,2000,0,0,0.053,0.005009540897128199,29.688,1.0,0.03258602711157456,8.705,-0.035192609483487014,
size,A_iid_weibull,in_spec,35,0.75,True,0.03,,,c1_lewis_robinson,permutation,,0.05,2000,2000,0,0,0.046,0.00468422885862764,29.688,1.0,0.03258602711157456,8.705,-0.035192609483487014,
size,A_iid_weibull,in_spec,35,0.75,True,0.03,,,c2_anderson_darling,asymptotic,,0.05,2000,2000,0,0,0.049,0.0048269555622566076,29.688,1.0,0.03258602711157456,8.705,-0.035192609483487014,
size,A_iid_weibull,in_spec,35,0.75,True,0.03,,,c2_anderson_darling,permutation,,0.05,2000,2000,0,0,0.0445,0.004610843198374892,29.688,1.0,0.03258602711157456,8.705,-0.035192609483487014,
size,A_iid_weibull,in_spec,35,0.75,True,0.03,,,c5_rank_autocorr,permutation,studentized,0.05,2000,2000,0,0,0.048,0.0047799581588126895,29.688,1.0,0.03258602711157456,8.705,-0.035192609483487014,
size,A_iid_weibull,in_spec,35,0.75,True,0.03,,,c5_rank_autocorr,permutation,unstudentized,0.05,2000,2000,0,0,0.0485,0.004803527349771208,29.688,1.0,0.03258602711157456,8.705,-0.035192609483487014,
size,A_iid_weibull,in_spec,35,0.75,True,0.03,,,c6_exchangeability,permutation,,0.05,2000,2000,0,0,0.061,0.005351588549206675,29.688,1.0,0.03258602711157456,8.705,-0.035192609483487014,
size,A_iid_weibull,in_spec,35,0.75,True,0.03,,,cvm_cramer_von_mises,asymptotic,,0.05,2000,2000,0,0,0.0495,0.004850244839180801,29.688,1.0,0.03258602711157456,8.705,-0.035192609483487014,
size,A_iid_weibull,in_spec,35,0.75,True,0.03,,,cvm_cramer_von_mises,permutation,,0.05,2000,2000,0,0,0.0425,0.0045107510461119445,29.688,1.0,0.03258602711157456,8.705,-0.035192609483487014,
size,A_iid_weibull,in_spec,35,0.75,True,0.25,,,c1_lewis_robinson,asymptotic,,0.05,2000,1785,215,0,0.2957983193277311,0.010802574483341222,31.0515406162465,6.42296918767507,0.17139568259283622,7.194397759103642,-0.07052851759714061,"ValueError: gamma_hat is zero: every gap is identical, so the statistic it scales is undefined. A fully quantised duration vector (every window one read long) r"
size,A_iid_weibull,in_spec,35,0.75,True,0.25,,,c1_lewis_robinson,permutation,,0.05,2000,1785,215,0,0.05266106442577031,0.005286623716413348,31.0515406162465,6.42296918767507,0.17139568259283622,7.194397759103642,-0.07052851759714061,"ValueError: gamma_hat is zero: every gap is identical, so the statistic it scales is undefined. A fully quantised duration vector (every window one read long) r"
size,A_iid_weibull,in_spec,35,0.75,True,0.25,,,c2_anderson_darling,permutation,,0.05,2000,1785,215,0,0.04929971988795518,0.005124186483601579,31.0515406162465,6.42296918767507,0.17139568259283622,7.194397759103642,-0.07052851759714061,"ValueError: gamma_hat is zero: every gap is identical, so the statistic it scales is undefined. A fully quantised duration vector (every window one read long) r"
size,A_iid_weibull,in_spec,35,0.75,True,0.25,,,c5_rank_autocorr,permutation,studentized,0.05,2000,1785,215,0,0.05266106442577031,0.005286623716413348,31.0515406162465,6.42296918767507,0.17139568259283622,7.194397759103642,-0.07052851759714061,"ValueError: gamma_hat is zero: every gap is identical, so the statistic it scales is undefined. A fully quantised duration vector (every window one read long) r"
size,A_iid_weibull,in_spec,35,0.75,True,0.25,,,c5_rank_autocorr,permutation,unstudentized,0.05,2000,1785,215,0,0.047619047619047616,0.005040534514523458,31.0515406162465,6.42296918767507,0.17139568259283622,7.194397759103642,-0.07052851759714061,"ValueError: gamma_hat is zero: every gap is identical, so the statistic it scales is undefined. A fully quantised duration vector (every window one read long) r"
size,A_iid_weibull,in_spec,35,0.75,True,0.25,,,c6_exchangeability,permutation,,0.05,2000,1785,215,0,0.047058823529411764,0.005012270135271009,31.0515406162465,6.42296918767507,0.17139568259283622,7.194397759103642,-0.07052851759714061,"ValueError: gamma_hat is zero: every gap is identical, so the statistic it scales is undefined. A fully quantised duration vector (every window one read long) r"
size,A_iid_weibull,in_spec,35,0.75,True,0.25,,,cvm_cramer_von_mises,permutation,,0.05,2000,1785,215,0,0.0453781512605042,0.004926289997200438,31.0515406162465,6.42296918767507,0.17139568259283622,7.194397759103642,-0.07052851759714061,"ValueError: gamma_hat is zero: every gap is identical, so the statistic it scales is undefined. A fully quantised duration vector (every window one read long) r"
size,D_trp_power_law,in_spec,35,0.75,False,0.0,,1.0,c1_lewis_robinson,asymptotic,,0.05,2000,2000,0,0,0.0595,0.005289600646551685,35.3255,1.0,0.0275288709033599,35.3255,-0.018186780564797445,
size,D_trp_power_law,in_spec,35,0.75,False,0.0,,1.0,c1_lewis_robinson,permutation,,0.05,2000,2000,0,0,0.053,0.005009540897128199,35.3255,1.0,0.0275288709033599,35.3255,-0.018186780564797445,
size,D_trp_power_law,in_spec,35,0.75,False,0.0,,1.0,c2_anderson_darling,asymptotic,,0.05,2000,2000,0,0,0.0585,0.0052477495176503994,35.3255,1.0,0.0275288709033599,35.3255,-0.018186780564797445,
size,D_trp_power_law,in_spec,35,0.75,False,0.0,,1.0,c2_anderson_darling,permutation,,0.05,2000,2000,0,0,0.0495,0.004850244839180801,35.3255,1.0,0.0275288709033599,35.3255,-0.018186780564797445,
size,D_trp_power_law,in_spec,35,0.75,False,0.0,,1.0,c5_rank_autocorr,permutation,studentized,0.05,2000,2000,0,0,0.0465,0.004708383480558906,35.3255,1.0,0.0275288709033599,35.3255,-0.018186780564797445,
size,D_trp_power_law,in_spec,35,0.75,False,0.0,,1.0,c5_rank_autocorr,permutation,unstudentized,0.05,2000,2000,0,0,0.0405,0.004407933189148856,35.3255,1.0,0.0275288709033599,35.3255,-0.018186780564797445,
size,D_trp_power_law,in_spec,35,0.75,False,0.0,,1.0,c6_exchangeability,permutation,,0.05,2000,2000,0,0,0.048,0.0047799581588126895,35.3255,1.0,0.0275288709033599,35.3255,-0.018186780564797445,
size,D_trp_power_law,in_spec,35,0.75,False,0.0,,1.0,cvm_cramer_von_mises,asymptotic,,0.05,2000,2000,0,0,0.0565,0.005162739098579358,35.3255,1.0,0.0275288709033599,35.3255,-0.018186780564797445,
size,D_trp_power_law,in_spec,35,0.75,False,0.0,,1.0,cvm_cramer_von_mises,permutation,,0.05,2000,2000,0,0,0.052,0.004964675215963275,35.3255,1.0,0.0275288709033599,35.3255,-0.018186780564797445,
size,D_trp_power_law,in_spec,35,0.75,False,0.03,,1.0,c1_lewis_robinson,asymptotic,,0.05,2000,2000,0,0,0.0475,0.004756245893559331,35.1605,1.0,0.027654484866083157,35.1605,-0.029706868967140657,
size,D_trp_power_law,in_spec,35,0.75,False,0.03,,1.0,c1_lewis_robinson,permutation,,0.05,2000,2000,0,0,0.049,0.0048269555622566076,35.1605,1.0,0.027654484866083157,35.1605,-0.029706868967140657,
size,D_trp_power_law,in_spec,35,0.75,False,0.03,,1.0,c2_anderson_darling,asymptotic,,0.05,2000,2000,0,0,0.047,0.00473238840333293,35.1605,1.0,0.027654484866083157,35.1605,-0.029706868967140657,
size,D_trp_power_law,in_spec,35,0.75,False,0.03,,1.0,c2_anderson_darling,permutation,,0.05,2000,2000,0,0,0.046,0.00468422885862764,35.1605,1.0,0.027654484866083157,35.1605,-0.029706868967140657,
size,D_trp_power_law,in_spec,35,0.75,False,0.03,,1.0,c5_rank_autocorr,permutation,studentized,0.05,2000,2000,0,0,0.0485,0.004803527349771208,35.1605,1.0,0.027654484866083157,35.1605,-0.029706868967140657,
size,D_trp_power_law,in_spec,35,0.75,False,0.03,,1.0,c5_rank_autocorr,permutation,unstudentized,0.05,2000,2000,0,0,0.0495,0.004850244839180801,35.1605,1.0,0.027654484866083157,35.1605,-0.029706868967140657,
size,D_trp_power_law,in_spec,35,0.75,False,0.03,,1.0,c6_exchangeability,permutation,,0.05,2000,2000,0,0,0.045,0.004635461142108733,35.1605,1.0,0.027654484866083157,35.1605,-0.029706868967140657,
size,D_trp_power_law,in_spec,35,0.75,False,0.03,,1.0,cvm_cramer_von_mises,asymptotic,,0.05,2000,2000,0,0,0.049,0.0048269555622566076,35.1605,1.0,0.027654484866083157,35.1605,-0.029706868967140657,
size,D_trp_power_law,in_spec,35,0.75,False,0.03,,1.0,cvm_cramer_von_mises,permutation,,0.05,2000,2000,0,0,0.0485,0.004803527349771208,35.1605,1.0,0.027654484866083157,35.1605,-0.029706868967140657,
size,D_trp_power_law,in_spec,35,0.75,False,0.25,,1.0,c1_lewis_robinson,asymptotic,,0.05,2000,2000,0,0,0.264,0.009856571412007322,37.298,6.47,0.14782489490038384,37.298,-0.05523343854992737,
size,D_trp_power_law,in_spec,35,0.75,False,0.25,,1.0,c1_lewis_robinson,permutation,,0.05,2000,2000,0,0,0.054,0.005053909377897471,37.298,6.47,0.14782489490038384,37.298,-0.05523343854992737,
size,D_trp_power_law,in_spec,35,0.75,False,0.25,,1.0,c2_anderson_darling,permutation,,0.05,2000,2000,0,0,0.0505,0.00489641450451246,37.298,6.47,0.14782489490038384,37.298,-0.05523343854992737,
size,D_trp_power_law,in_spec,35,0.75,False,0.25,,1.0,c5_rank_autocorr,permutation,studentized,0.05,2000,2000,0,0,0.051,0.004919298730510275,37.298,6.47,0.14782489490038384,37.298,-0.05523343854992737,
size,D_trp_power_law,in_spec,35,0.75,False,0.25,,1.0,c5_rank_autocorr,permutation,unstudentized,0.05,2000,2000,0,0,0.0455,0.004659922209651144,37.298,6.47,0.14782489490038384,37.298,-0.05523343854992737,
size,D_trp_power_law,in_spec,35,0.75,False,0.25,,1.0,c6_exchangeability,permutation,,0.05,2000,2000,0,0,0.045,0.004635461142108733,37.298,6.47,0.14782489490038384,37.298,-0.05523343854992737,
size,D_trp_power_law,in_spec,35,0.75,False,0.25,,1.0,cvm_cramer_von_mises,permutation,,0.05,2000,2000,0,0,0.045,0.004635461142108733,37.298,6.47,0.14782489490038384,37.298,-0.05523343854992737,
size,E_copula_ar1_durations,in_spec,35,0.75,False,0.0,0.0,,c1_lewis_robinson,asymptotic,,0.05,2000,2000,0,0,0.0535,0.005031786462082826,35.381,1.0,0.027486875017179297,35.381,-0.030257921036244664,
size,E_copula_ar1_durations,in_spec,35,0.75,False,0.0,0.0,,c1_lewis_robinson,permutation,,0.05,2000,2000,0,0,0.051,0.004919298730510275,35.381,1.0,0.027486875017179297,35.381,-0.030257921036244664,
size,E_copula_ar1_durations,in_spec,35,0.75,False,0.0,0.0,,c2_anderson_darling,asymptotic,,0.05,2000,2000,0,0,0.0535,0.005031786462082826,35.381,1.0,0.027486875017179297,35.381,-0.030257921036244664,
size,E_copula_ar1_durations,in_spec,35,0.75,False,0.0,0.0,,c2_anderson_darling,permutation,,0.05,2000,2000,0,0,0.044,0.0045860658521220555,35.381,1.0,0.027486875017179297,35.381,-0.030257921036244664,
size,E_copula_ar1_durations,in_spec,35,0.75,False,0.0,0.0,,c5_rank_autocorr,permutation,studentized,0.05,2000,2000,0,0,0.045,0.004635461142108733,35.381,1.0,0.027486875017179297,35.381,-0.030257921036244664,
size,E_copula_ar1_durations,in_spec,35,0.75,False,0.0,0.0,,c5_rank_autocorr,permutation,unstudentized,0.05,2000,2000,0,0,0.04,0.004381780460041329,35.381,1.0,0.027486875017179297,35.381,-0.030257921036244664,
size,E_copula_ar1_durations,in_spec,35,0.75,False,0.0,0.0,,c6_exchangeability,permutation,,0.05,2000,2000,0,0,0.0465,0.004708383480558906,35.381,1.0,0.027486875017179297,35.381,-0.030257921036244664,
size,E_copula_ar1_durations,in_spec,35,0.75,False,0.0,0.0,,cvm_cramer_von_mises,asymptotic,,0.05,2000,2000,0,0,0.0465,0.004708383480558906,35.381,1.0,0.027486875017179297,35.381,-0.030257921036244664,
size,E_copula_ar1_durations,in_spec,35,0.75,False,0.0,0.0,,cvm_cramer_von_mises,permutation,,0.05,2000,2000,0,0,0.0445,0.004610843198374892,35.381,1.0,0.027486875017179297,35.381,-0.030257921036244664,
size,A_iid_weibull,in_spec,35,1.5,False,0.0,,,c1_lewis_robinson,asymptotic,,0.05,2000,2000,0,0,0.0585,0.0052477495176503994,34.809,1.0,0.027925940406043175,34.809,-0.029272295768909877,
size,A_iid_weibull,in_spec,35,1.5,False,0.0,,,c1_lewis_robinson,permutation,,0.05,2000,2000,0,0,0.055,0.005097793640389928,34.809,1.0,0.027925940406043175,34.809,-0.029272295768909877,
size,A_iid_weibull,in_spec,35,1.5,False,0.0,,,c2_anderson_darling,asymptotic,,0.05,2000,2000,0,0,0.0635,0.005452877680637995,34.809,1.0,0.027925940406043175,34.809,-0.029272295768909877,
size,A_iid_weibull,in_spec,35,1.5,False,0.0,,,c2_anderson_darling,permutation,,0.05,2000,2000,0,0,0.055,0.005097793640389928,34.809,1.0,0.027925940406043175,34.809,-0.029272295768909877,
size,A_iid_weibull,in_spec,35,1.5,False,0.0,,,c5_rank_autocorr,permutation,studentized,0.05,2000,2000,0,0,0.0515,0.004942051699446294,34.809,1.0,0.027925940406043175,34.809,-0.029272295768909877,
size,A_iid_weibull,in_spec,35,1.5,False,0.0,,,c5_rank_autocorr,permutation,unstudentized,0.05,2000,2000,0,0,0.0465,0.004708383480558906,34.809,1.0,0.027925940406043175,34.809,-0.029272295768909877,
size,A_iid_weibull,in_spec,35,1.5,False,0.0,,,c6_exchangeability,permutation,,0.05,2000,2000,0,0,0.04,0.004381780460041329,34.809,1.0,0.027925940406043175,34.809,-0.029272295768909877,
size,A_iid_weibull,in_spec,35,1.5,False,0.0,,,cvm_cramer_von_mises,asymptotic,,0.05,2000,2000,0,0,0.0615,0.005372045699731156,34.809,1.0,0.027925940406043175,34.809,-0.029272295768909877,
size,A_iid_weibull,in_spec,35,1.5,False,0.0,,,cvm_cramer_von_mises,permutation,,0.05,2000,2000,0,0,0.0565,0.005162739098579358,34.809,1.0,0.027925940406043175,34.809,-0.029272295768909877,
size,A_iid_weibull,in_spec,35,1.5,False,0.03,,,c1_lewis_robinson,asymptotic,,0.05,2000,2000,0,0,0.053,0.005009540897128199,34.7935,1.0,0.027938033441826028,34.7935,-0.0323553354267009,
size,A_iid_weibull,in_spec,35,1.5,False,0.03,,,c1_lewis_robinson,permutation,,0.05,2000,2000,0,0,0.0475,0.004756245893559331,34.7935,1.0,0.027938033441826028,34.7935,-0.0323553354267009,
size,A_iid_weibull,in_spec,35,1.5,False,0.03,,,c2_anderson_darling,asymptotic,,0.05,2000,2000,0,0,0.055,0.005097793640389928,34.7935,1.0,0.027938033441826028,34.7935,-0.0323553354267009,
size,A_iid_weibull,in_spec,35,1.5,False,0.03,,,c2_anderson_darling,permutation,,0.05,2000,2000,0,0,0.0475,0.004756245893559331,34.7935,1.0,0.027938033441826028,34.7935,-0.0323553354267009,
size,A_iid_weibull,in_spec,35,1.5,False,0.03,,,c5_rank_autocorr,permutation,studentized,0.05,2000,2000,0,0,0.0465,0.004708383480558906,34.7935,1.0,0.027938033441826028,34.7935,-0.0323553354267009,
size,A_iid_weibull,in_spec,35,1.5,False,0.03,,,c5_rank_autocorr,permutation,unstudentized,0.05,2000,2000,0,0,0.047,0.00473238840333293,34.7935,1.0,0.027938033441826028,34.7935,-0.0323553354267009,
size,A_iid_weibull,in_spec,35,1.5,False,0.03,,,c6_exchangeability,permutation,,0.05,2000,2000,0,0,0.0465,0.004708383480558906,34.7935,1.0,0.027938033441826028,34.7935,-0.0323553354267009,
size,A_iid_weibull,in_spec,35,1.5,False,0.03,,,cvm_cramer_von_mises,asymptotic,,0.05,2000,2000,0,0,0.0475,0.004756245893559331,34.7935,1.0,0.027938033441826028,34.7935,-0.0323553354267009,
size,A_iid_weibull,in_spec,35,1.5,False,0.03,,,cvm_cramer_von_mises,permutation,,0.05,2000,2000,0,0,0.043,0.004536022486716748,34.7935,1.0,0.027938033441826028,34.7935,-0.0323553354267009,
size,A_iid_weibull,in_spec,35,1.5,False,0.25,,,c1_lewis_robinson,asymptotic,,0.05,2000,2000,0,0,0.373,0.010813671901810226,33.0925,6.954,0.17364813404417365,33.0925,-0.046679527631611394,
size,A_iid_weibull,in_spec,35,1.5,False,0.25,,,c1_lewis_robinson,permutation,,0.05,2000,2000,0,0,0.046,0.00468422885862764,33.0925,6.954,0.17364813404417365,33.0925,-0.046679527631611394,
size,A_iid_weibull,in_spec,35,1.5,False,0.25,,,c2_anderson_darling,permutation,,0.05,2000,2000,0,0,0.0475,0.004756245893559331,33.0925,6.954,0.17364813404417365,33.0925,-0.046679527631611394,
size,A_iid_weibull,in_spec,35,1.5,False,0.25,,,c5_rank_autocorr,permutation,studentized,0.05,2000,2000,0,0,0.0555,0.005119558086397693,33.0925,6.954,0.17364813404417365,33.0925,-0.046679527631611394,
size,A_iid_weibull,in_spec,35,1.5,False,0.25,,,c5_rank_autocorr,permutation,unstudentized,0.05,2000,2000,0,0,0.0545,0.005075911248239078,33.0925,6.954,0.17364813404417365,33.0925,-0.046679527631611394,
size,A_iid_weibull,in_spec,35,1.5,False,0.25,,,c6_exchangeability,permutation,,0.05,2000,2000,0,0,0.0595,0.005289600646551685,33.0925,6.954,0.17364813404417365,33.0925,-0.046679527631611394,
size,A_iid_weibull,in_spec,35,1.5,False,0.25,,,cvm_cramer_von_mises,permutation,,0.05,2000,2000,0,0,0.044,0.0045860658521220555,33.0925,6.954,0.17364813404417365,33.0925,-0.046679527631611394,
size,A_iid_weibull,in_spec,35,1.5,True,0.0,,,c1_lewis_robinson,asymptotic,,0.05,2000,2000,0,0,0.0555,0.005119558086397693,29.7345,1.0,0.0325367258292798,7.6605,-0.036608178566625314,
size,A_iid_weibull,in_spec,35,1.5,True,0.0,,,c1_lewis_robinson,permutation,,0.05,2000,2000,0,0,0.047,0.00473238840333293,29.7345,1.0,0.0325367258292798,7.6605,-0.036608178566625314,
size,A_iid_weibull,in_spec,35,1.5,True,0.0,,,c2_anderson_darling,asymptotic,,0.05,2000,2000,0,0,0.053,0.005009540897128199,29.7345,1.0,0.0325367258292798,7.6605,-0.036608178566625314,
size,A_iid_weibull,in_spec,35,1.5,True,0.0,,,c2_anderson_darling,permutation,,0.05,2000,2000,0,0,0.0415,0.004459694496263169,29.7345,1.0,0.0325367258292798,7.6605,-0.036608178566625314,
size,A_iid_weibull,in_spec,35,1.5,True,0.0,,,c5_rank_autocorr,permutation,studentized,0.05,2000,2000,0,0,0.049,0.0048269555622566076,29.7345,1.0,0.0325367258292798,7.6605,-0.036608178566625314,
size,A_iid_weibull,in_spec,35,1.5,True,0.0,,,c5_rank_autocorr,permutation,unstudentized,0.05,2000,2000,0,0,0.046,0.00468422885862764,29.7345,1.0,0.0325367258292798,7.6605,-0.036608178566625314,
size,A_iid_weibull,in_spec,35,1.5,True,0.0,,,c6_exchangeability,permutation,,0.05,2000,2000,0,0,0.048,0.0047799581588126895,29.7345,1.0,0.0325367258292798,7.6605,-0.036608178566625314,
size,A_iid_weibull,in_spec,35,1.5,True,0.0,,,cvm_cramer_von_mises,asymptotic,,0.05,2000,2000,0,0,0.0465,0.004708383480558906,29.7345,1.0,0.0325367258292798,7.6605,-0.036608178566625314,
size,A_iid_weibull,in_spec,35,1.5,True,0.0,,,cvm_cramer_von_mises,permutation,,0.05,2000,2000,0,0,0.04,0.004381780460041329,29.7345,1.0,0.0325367258292798,7.6605,-0.036608178566625314,
size,A_iid_weibull,in_spec,35,1.5,True,0.03,,,c1_lewis_robinson,asymptotic,,0.05,2000,2000,0,0,0.058,0.0052266624149642565,29.7535,1.0,0.03251662412408344,7.658,-0.032553749066071586,
size,A_iid_weibull,in_spec,35,1.5,True,0.03,,,c1_lewis_robinson,permutation,,0.05,2000,2000,0,0,0.05,0.004873397172404482,29.7535,1.0,0.03251662412408344,7.658,-0.032553749066071586,
size,A_iid_weibull,in_spec,35,1.5,True,0.03,,,c2_anderson_darling,asymptotic,,0.05,2000,2000,0,0,0.066,0.005551756478809206,29.7535,1.0,0.03251662412408344,7.658,-0.032553749066071586,
size,A_iid_weibull,in_spec,35,1.5,True,0.03,,,c2_anderson_darling,permutation,,0.05,2000,2000,0,0,0.0505,0.00489641450451246,29.7535,1.0,0.03251662412408344,7.658,-0.032553749066071586,
size,A_iid_weibull,in_spec,35,1.5,True,0.03,,,c5_rank_autocorr,permutation,studentized,0.05,2000,2000,0,0,0.0495,0.004850244839180801,29.7535,1.0,0.03251662412408344,7.658,-0.032553749066071586,
size,A_iid_weibull,in_spec,35,1.5,True,0.03,,,c5_rank_autocorr,permutation,unstudentized,0.05,2000,2000,0,0,0.047,0.00473238840333293,29.7535,1.0,0.03251662412408344,7.658,-0.032553749066071586,
size,A_iid_weibull,in_spec,35,1.5,True,0.03,,,c6_exchangeability,permutation,,0.05,2000,2000,0,0,0.0485,0.004803527349771208,29.7535,1.0,0.03251662412408344,7.658,-0.032553749066071586,
size,A_iid_weibull,in_spec,35,1.5,True,0.03,,,cvm_cramer_von_mises,asymptotic,,0.05,2000,2000,0,0,0.0555,0.005119558086397693,29.7535,1.0,0.03251662412408344,7.658,-0.032553749066071586,
size,A_iid_weibull,in_spec,35,1.5,True,0.03,,,cvm_cramer_von_mises,permutation,,0.05,2000,2000,0,0,0.0505,0.00489641450451246,29.7535,1.0,0.03251662412408344,7.658,-0.032553749066071586,
size,A_iid_weibull,in_spec,35,1.5,True,0.25,,,c1_lewis_robinson,asymptotic,,0.05,2000,1849,151,0,0.4753921038399135,0.0116138159142501,28.672255273120605,6.942671714440238,0.19493713174998484,7.059491617090319,-0.05206679985210719,"ValueError: gamma_hat is zero: every gap is identical, so the statistic it scales is undefined. A fully quantised duration vector (every window one read long) r"
size,A_iid_weibull,in_spec,35,1.5,True,0.25,,,c1_lewis_robinson,permutation,,0.05,2000,1849,151,0,0.04975662520281233,0.005056784285227366,28.672255273120605,6.942671714440238,0.19493713174998484,7.059491617090319,-0.05206679985210719,"ValueError: gamma_hat is zero: every gap is identical, so the statistic it scales is undefined. A fully quantised duration vector (every window one read long) r"
size,A_iid_weibull,in_spec,35,1.5,True,0.25,,,c2_anderson_darling,permutation,,0.05,2000,1849,151,0,0.05462412114656571,0.005284769310068714,28.672255273120605,6.942671714440238,0.19493713174998484,7.059491617090319,-0.05206679985210719,"ValueError: gamma_hat is zero: every gap is identical, so the statistic it scales is undefined. A fully quantised duration vector (every window one read long) r"
size,A_iid_weibull,in_spec,35,1.5,True,0.25,,,c5_rank_autocorr,permutation,studentized,0.05,2000,1849,151,0,0.04597079502433748,0.004870273903006041,28.672255273120605,6.942671714440238,0.19493713174998484,7.059491617090319,-0.05206679985210719,"ValueError: gamma_hat is zero: every gap is identical, so the statistic it scales is undefined. A fully quantised duration vector (every window one read long) r"
size,A_iid_weibull,in_spec,35,1.5,True,0.25,,,c5_rank_autocorr,permutation,unstudentized,0.05,2000,1849,151,0,0.048674959437533805,0.005004363037509257,28.672255273120605,6.942671714440238,0.19493713174998484,7.059491617090319,-0.05206679985210719,"ValueError: gamma_hat is zero: every gap is identical, so the statistic it scales is undefined. A fully quantised duration vector (every window one read long) r"
size,A_iid_weibull,in_spec,35,1.5,True,0.25,,,c6_exchangeability,permutation,,0.05,2000,1849,151,0,0.053542455381287185,0.0052351756168054165,28.672255273120605,6.942671714440238,0.19493713174998484,7.059491617090319,-0.05206679985210719,"ValueError: gamma_hat is zero: every gap is identical, so the statistic it scales is undefined. A fully quantised duration vector (every window one read long) r"
size,A_iid_weibull,in_spec,35,1.5,True,0.25,,,cvm_cramer_von_mises,permutation,,0.05,2000,1849,151,0,0.053542455381287185,0.0052351756168054165,28.672255273120605,6.942671714440238,0.19493713174998484,7.059491617090319,-0.05206679985210719,"ValueError: gamma_hat is zero: every gap is identical, so the statistic it scales is undefined. A fully quantised duration vector (every window one read long) r"
size,D_trp_power_law,in_spec,35,1.5,False,0.0,,1.0,c1_lewis_robinson,asymptotic,,0.05,2000,2000,0,0,0.056,0.005141206084179081,34.813,1.0,0.02792282132186636,34.813,-0.027018167101730925,
size,D_trp_power_law,in_spec,35,1.5,False,0.0,,1.0,c1_lewis_robinson,permutation,,0.05,2000,2000,0,0,0.05,0.004873397172404482,34.813,1.0,0.02792282132186636,34.813,-0.027018167101730925,
size,D_trp_power_law,in_spec,35,1.5,False,0.0,,1.0,c2_anderson_darling,asymptotic,,0.05,2000,2000,0,0,0.062,0.005392402062161166,34.813,1.0,0.02792282132186636,34.813,-0.027018167101730925,
size,D_trp_power_law,in_spec,35,1.5,False,0.0,,1.0,c2_anderson_darling,permutation,,0.05,2000,2000,0,0,0.048,0.0047799581588126895,34.813,1.0,0.02792282132186636,34.813,-0.027018167101730925,
size,D_trp_power_law,in_spec,35,1.5,False,0.0,,1.0,c5_rank_autocorr,permutation,studentized,0.05,2000,2000,0,0,0.0455,0.004659922209651144,34.813,1.0,0.02792282132186636,34.813,-0.027018167101730925,
size,D_trp_power_law,in_spec,35,1.5,False,0.0,,1.0,c5_rank_autocorr,permutation,unstudentized,0.05,2000,2000,0,0,0.045,0.004635461142108733,34.813,1.0,0.02792282132186636,34.813,-0.027018167101730925,
size,D_trp_power_law,in_spec,35,1.5,False,0.0,,1.0,c6_exchangeability,permutation,,0.05,2000,2000,0,0,0.0445,0.004610843198374892,34.813,1.0,0.02792282132186636,34.813,-0.027018167101730925,
size,D_trp_power_law,in_spec,35,1.5,False,0.0,,1.0,cvm_cramer_von_mises,asymptotic,,0.05,2000,2000,0,0,0.054,0.005053909377897471,34.813,1.0,0.02792282132186636,34.813,-0.027018167101730925,
size,D_trp_power_law,in_spec,35,1.5,False,0.0,,1.0,cvm_cramer_von_mises,permutation,,0.05,2000,2000,0,0,0.0485,0.004803527349771208,34.813,1.0,0.02792282132186636,34.813,-0.027018167101730925,
size,D_trp_power_law,in_spec,35,1.5,False,0.03,,1.0,c1_lewis_robinson,asymptotic,,0.05,2000,2000,0,0,0.0635,0.005452877680637995,34.708,1.0,0.02800492886748068,34.708,-0.02705392767382293,
size,D_trp_power_law,in_spec,35,1.5,False,0.03,,1.0,c1_lewis_robinson,permutation,,0.05,2000,2000,0,0,0.0575,0.005205465877325487,34.708,1.0,0.02800492886748068,34.708,-0.02705392767382293,
size,D_trp_power_law,in_spec,35,1.5,False,0.03,,1.0,c2_anderson_darling,asymptotic,,0.05,2000,2000,0,0,0.0625,0.005412658773652742,34.708,1.0,0.02800492886748068,34.708,-0.02705392767382293,
size,D_trp_power_law,in_spec,35,1.5,False,0.03,,1.0,c2_anderson_darling,permutation,,0.05,2000,2000,0,0,0.055,0.005097793640389928,34.708,1.0,0.02800492886748068,34.708,-0.02705392767382293,
size,D_trp_power_law,in_spec,35,1.5,False,0.03,,1.0,c5_rank_autocorr,permutation,studentized,0.05,2000,2000,0,0,0.0525,0.004987171041783107,34.708,1.0,0.02800492886748068,34.708,-0.02705392767382293,
size,D_trp_power_law,in_spec,35,1.5,False,0.03,,1.0,c5_rank_autocorr,permutation,unstudentized,0.05,2000,2000,0,0,0.053,0.005009540897128199,34.708,1.0,0.02800492886748068,34.708,-0.02705392767382293,
size,D_trp_power_law,in_spec,35,1.5,False,0.03,,1.0,c6_exchangeability,permutation,,0.05,2000,2000,0,0,0.0525,0.004987171041783107,34.708,1.0,0.02800492886748068,34.708,-0.02705392767382293,
size,D_trp_power_law,in_spec,35,1.5,False,0.03,,1.0,cvm_cramer_von_mises,asymptotic,,0.05,2000,2000,0,0,0.0625,0.005412658773652742,34.708,1.0,0.02800492886748068,34.708,-0.02705392767382293,
size,D_trp_power_law,in_spec,35,1.5,False,0.03,,1.0,cvm_cramer_von_mises,permutation,,0.05,2000,2000,0,0,0.06,0.0053103672189407005,34.708,1.0,0.02800492886748068,34.708,-0.02705392767382293,
size,D_trp_power_law,in_spec,35,1.5,False,0.25,,1.0,c1_lewis_robinson,asymptotic,,0.05,2000,2000,0,0,0.353,0.010686229456641851,33.0615,6.9535,0.17377233537423467,33.0615,-0.0443273543811158,
size,D_trp_power_law,in_spec,35,1.5,False,0.25,,1.0,c1_lewis_robinson,permutation,,0.05,2000,2000,0,0,0.0425,0.0045107510461119445,33.0615,6.9535,0.17377233537423467,33.0615,-0.0443273543811158,
size,D_trp_power_law,in_spec,35,1.5,False,0.25,,1.0,c2_anderson_darling,permutation,,0.05,2000,2000,0,0,0.041,0.004433903472111228,33.0615,6.9535,0.17377233537423467,33.0615,-0.0443273543811158,
size,D_trp_power_law,in_spec,35,1.5,False,0.25,,1.0,c5_rank_autocorr,permutation,studentized,0.05,2000,2000,0,0,0.046,0.00468422885862764,33.0615,6.9535,0.17377233537423467,33.0615,-0.0443273543811158,
size,D_trp_power_law,in_spec,35,1.5,False,0.25,,1.0,c5_rank_autocorr,permutation,unstudentized,0.05,2000,2000,0,0,0.041,0.004433903472111228,33.0615,6.9535,0.17377233537423467,33.0615,-0.0443273543811158,
size,D_trp_power_law,in_spec,35,1.5,False,0.25,,1.0,c6_exchangeability,permutation,,0.05,2000,2000,0,0,0.04,0.004381780460041329,33.0615,6.9535,0.17377233537423467,33.0615,-0.0443273543811158,
size,D_trp_power_law,in_spec,35,1.5,False,0.25,,1.0,cvm_cramer_von_mises,permutation,,0.05,2000,2000,0,0,0.045,0.004635461142108733,33.0615,6.9535,0.17377233537423467,33.0615,-0.0443273543811158,
size,E_copula_ar1_durations,in_spec,35,1.5,False,0.0,0.0,,c1_lewis_robinson,asymptotic,,0.05,2000,2000,0,0,0.0515,0.004942051699446294,34.64,1.0,0.028058361391694726,34.64,-0.023451973123616125,
size,E_copula_ar1_durations,in_spec,35,1.5,False,0.0,0.0,,c1_lewis_robinson,permutation,,0.05,2000,2000,0,0,0.0475,0.004756245893559331,34.64,1.0,0.028058361391694726,34.64,-0.023451973123616125,
size,E_copula_ar1_durations,in_spec,35,1.5,False,0.0,0.0,,c2_anderson_darling,asymptotic,,0.05,2000,2000,0,0,0.0555,0.005119558086397693,34.64,1.0,0.028058361391694726,34.64,-0.023451973123616125,
size,E_copula_ar1_durations,in_spec,35,1.5,False,0.0,0.0,,c2_anderson_darling,permutation,,0.05,2000,2000,0,0,0.0505,0.00489641450451246,34.64,1.0,0.028058361391694726,34.64,-0.023451973123616125,
size,E_copula_ar1_durations,in_spec,35,1.5,False,0.0,0.0,,c5_rank_autocorr,permutation,studentized,0.05,2000,2000,0,0,0.05,0.004873397172404482,34.64,1.0,0.028058361391694726,34.64,-0.023451973123616125,
size,E_copula_ar1_durations,in_spec,35,1.5,False,0.0,0.0,,c5_rank_autocorr,permutation,unstudentized,0.05,2000,2000,0,0,0.055,0.005097793640389928,34.64,1.0,0.028058361391694726,34.64,-0.023451973123616125,
size,E_copula_ar1_durations,in_spec,35,1.5,False,0.0,0.0,,c6_exchangeability,permutation,,0.05,2000,2000,0,0,0.046,0.00468422885862764,34.64,1.0,0.028058361391694726,34.64,-0.023451973123616125,
size,E_copula_ar1_durations,in_spec,35,1.5,False,0.0,0.0,,cvm_cramer_von_mises,asymptotic,,0.05,2000,2000,0,0,0.0535,0.005031786462082826,34.64,1.0,0.028058361391694726,34.64,-0.023451973123616125,
size,E_copula_ar1_durations,in_spec,35,1.5,False,0.0,0.0,,cvm_cramer_von_mises,permutation,,0.05,2000,2000,0,0,0.0515,0.004942051699446294,34.64,1.0,0.028058361391694726,34.64,-0.023451973123616125,
size,B_iid_reads_carved,calendar,35,,False,0.0,,,c1_lewis_robinson,asymptotic,,0.05,2000,2000,0,0,0.053,0.005009540897128199,36.571,1.0,0.026616273189428018,7.3745,-0.030197525583201525,
size,B_iid_reads_carved,calendar,35,,False,0.0,,,c1_lewis_robinson,permutation,,0.05,2000,2000,0,0,0.047,0.00473238840333293,36.571,1.0,0.026616273189428018,7.3745,-0.030197525583201525,
size,B_iid_reads_carved,calendar,35,,False,0.0,,,c2_anderson_darling,asymptotic,,0.05,2000,2000,0,0,0.0635,0.005452877680637995,36.571,1.0,0.026616273189428018,7.3745,-0.030197525583201525,
size,B_iid_reads_carved,calendar,35,,False,0.0,,,c2_anderson_darling,permutation,,0.05,2000,2000,0,0,0.0505,0.00489641450451246,36.571,1.0,0.026616273189428018,7.3745,-0.030197525583201525,
size,B_iid_reads_carved,calendar,35,,False,0.0,,,c5_rank_autocorr,permutation,studentized,0.05,2000,2000,0,0,0.0475,0.004756245893559331,36.571,1.0,0.026616273189428018,7.3745,-0.030197525583201525,
size,B_iid_reads_carved,calendar,35,,False,0.0,,,c5_rank_autocorr,permutation,unstudentized,0.05,2000,2000,0,0,0.0475,0.004756245893559331,36.571,1.0,0.026616273189428018,7.3745,-0.030197525583201525,
size,B_iid_reads_carved,calendar,35,,False,0.0,,,c6_exchangeability,permutation,,0.05,2000,2000,0,0,0.0445,0.004610843198374892,36.571,1.0,0.026616273189428018,7.3745,-0.030197525583201525,
size,B_iid_reads_carved,calendar,35,,False,0.0,,,cvm_cramer_von_mises,asymptotic,,0.05,2000,2000,0,0,0.0565,0.005162739098579358,36.571,1.0,0.026616273189428018,7.3745,-0.030197525583201525,
size,B_iid_reads_carved,calendar,35,,False,0.0,,,cvm_cramer_von_mises,permutation,,0.05,2000,2000,0,0,0.0495,0.004850244839180801,36.571,1.0,0.026616273189428018,7.3745,-0.030197525583201525,
size,B_iid_reads_carved,in_spec,35,,False,0.0,,,c5_rank_autocorr,permutation,studentized,0.05,2000,2000,0,0,0.056,0.005141206084179081,36.924,1.0,0.026368526526737688,5.5355,-0.02272995518930169,
size,B_iid_reads_carved,in_spec,35,,False,0.0,,,c5_rank_autocorr,permutation,unstudentized,0.05,2000,2000,0,0,0.057,0.00518415856238985,36.924,1.0,0.026368526526737688,5.5355,-0.02272995518930169,
size,B_iid_reads_carved,in_spec,35,,False,0.0,,,c6_exchangeability,permutation,,0.05,2000,2000,0,0,0.054,0.005053909377897471,36.924,1.0,0.026368526526737688,5.5355,-0.02272995518930169,
size,B_iid_reads_carved,in_spec,35,,False,0.0,,,cvm_cramer_von_mises,permutation,,0.05,2000,2000,0,0,0.0505,0.00489641450451246,36.924,1.0,0.026368526526737688,5.5355,-0.02272995518930169,
size,C_ar1_reads_carved,calendar,35,,False,0.0,0.0,,c1_lewis_robinson,asymptotic,,0.05,2000,2000,0,0,0.0655,0.005532167296819575,36.5245,1.0,0.026649255819531238,7.362,-0.020313636831862707,
size,C_ar1_reads_carved,calendar,35,,False,0.0,0.0,,c1_lewis_robinson,permutation,,0.05,2000,2000,0,0,0.0575,0.005205465877325487,36.5245,1.0,0.026649255819531238,7.362,-0.020313636831862707,
size,C_ar1_reads_carved,calendar,35,,False,0.0,0.0,,c2_anderson_darling,asymptotic,,0.05,2000,2000,0,0,0.0765,0.005943389184631947,36.5245,1.0,0.026649255819531238,7.362,-0.020313636831862707,
size,C_ar1_reads_carved,calendar,35,,False,0.0,0.0,,c2_anderson_darling,permutation,,0.05,2000,2000,0,0,0.054,0.005053909377897471,36.5245,1.0,0.026649255819531238,7.362,-0.020313636831862707,
size,C_ar1_reads_carved,calendar,35,,False,0.0,0.0,,c5_rank_autocorr,permutation,studentized,0.05,2000,2000,0,0,0.048,0.0047799581588126895,36.5245,1.0,0.026649255819531238,7.362,-0.020313636831862707,
size,C_ar1_reads_carved,calendar,35,,False,0.0,0.0,,c5_rank_autocorr,permutation,unstudentized,0.05,2000,2000,0,0,0.0435,0.004561126505590478,36.5245,1.0,0.026649255819531238,7.362,-0.020313636831862707,
size,C_ar1_reads_carved,calendar,35,,False,0.0,0.0,,c6_exchangeability,permutation,,0.05,2000,2000,0,0,0.042,0.004485309353879618,36.5245,1.0,0.026649255819531238,7.362,-0.020313636831862707,
size,C_ar1_reads_carved,calendar,35,,False,0.0,0.0,,cvm_cramer_von_mises,asymptotic,,0.05,2000,2000,0,0,0.0715,0.005761412587204634,36.5245,1.0,0.026649255819531238,7.362,-0.020313636831862707,
size,C_ar1_reads_carved,calendar,35,,False,0.0,0.0,,cvm_cramer_von_mises,permutation,,0.05,2000,2000,0,0,0.058,0.0052266624149642565,36.5245,1.0,0.026649255819531238,7.362,-0.020313636831862707,
size,C_ar1_reads_carved,in_spec,35,,False,0.0,0.0,,c5_rank_autocorr,permutation,studentized,0.05,2000,2000,0,0,0.0515,0.004942051699446294,37.153,1.0,0.026210258695253324,5.503,-0.028918633784803034,
size,C_ar1_reads_carved,in_spec,35,,False,0.0,0.0,,c5_rank_autocorr,permutation,unstudentized,0.05,2000,2000,0,0,0.05,0.004873397172404482,37.153,1.0,0.026210258695253324,5.503,-0.028918633784803034,
size,C_ar1_reads_carved,in_spec,35,,False,0.0,0.0,,c6_exchangeability,permutation,,0.05,2000,2000,0,0,0.051,0.004919298730510275,37.153,1.0,0.026210258695253324,5.503,-0.028918633784803034,
size,C_ar1_reads_carved,in_spec,35,,False,0.0,0.0,,cvm_cramer_von_mises,permutation,,0.05,2000,2000,0,0,0.045,0.004635461142108733,37.153,1.0,0.026210258695253324,5.503,-0.028918633784803034,
size,A_iid_weibull,in_spec,50,0.75,False,0.0,,,c1_lewis_robinson,asymptotic,,0.05,2000,2000,0,0,0.054,0.005053909377897471,50.1805,1.0,0.019538691493830657,50.1805,-0.02023775992195947,
size,A_iid_weibull,in_spec,50,0.75,False,0.0,,,c1_lewis_robinson,permutation,,0.05,2000,2000,0,0,0.0505,0.00489641450451246,50.1805,1.0,0.019538691493830657,50.1805,-0.02023775992195947,
size,A_iid_weibull,in_spec,50,0.75,False,0.0,,,c2_anderson_darling,asymptotic,,0.05,2000,2000,0,0,0.052,0.004964675215963275,50.1805,1.0,0.019538691493830657,50.1805,-0.02023775992195947,
size,A_iid_weibull,in_spec,50,0.75,False,0.0,,,c2_anderson_darling,permutation,,0.05,2000,2000,0,0,0.0525,0.004987171041783107,50.1805,1.0,0.019538691493830657,50.1805,-0.02023775992195947,
size,A_iid_weibull,in_spec,50,0.75,False,0.0,,,c5_rank_autocorr,permutation,studentized,0.05,2000,2000,0,0,0.0465,0.004708383480558906,50.1805,1.0,0.019538691493830657,50.1805,-0.02023775992195947,
size,A_iid_weibull,in_spec,50,0.75,False,0.0,,,c5_rank_autocorr,permutation,unstudentized,0.05,2000,2000,0,0,0.0525,0.004987171041783107,50.1805,1.0,0.019538691493830657,50.1805,-0.02023775992195947,
size,A_iid_weibull,in_spec,50,0.75,False,0.0,,,c6_exchangeability,permutation,,0.05,2000,2000,0,0,0.051,0.004919298730510275,50.1805,1.0,0.019538691493830657,50.1805,-0.02023775992195947,
size,A_iid_weibull,in_spec,50,0.75,False,0.0,,,cvm_cramer_von_mises,asymptotic,,0.05,2000,2000,0,0,0.05,0.004873397172404482,50.1805,1.0,0.019538691493830657,50.1805,-0.02023775992195947,
size,A_iid_weibull,in_spec,50,0.75,False,0.0,,,cvm_cramer_von_mises,permutation,,0.05,2000,2000,0,0,0.0505,0.00489641450451246,50.1805,1.0,0.019538691493830657,50.1805,-0.02023775992195947,
size,A_iid_weibull,in_spec,50,0.75,False,0.03,,,c1_lewis_robinson,asymptotic,,0.05,2000,2000,0,0,0.0655,0.005532167296819575,50.964,2.0,0.03776149837625557,50.964,-0.022951893601460344,
size,A_iid_weibull,in_spec,50,0.75,False,0.03,,,c1_lewis_robinson,permutation,,0.05,2000,2000,0,0,0.05,0.004873397172404482,50.964,2.0,0.03776149837625557,50.964,-0.022951893601460344,
size,A_iid_weibull,in_spec,50,0.75,False,0.03,,,c2_anderson_darling,permutation,,0.05,2000,2000,0,0,0.045,0.004635461142108733,50.964,2.0,0.03776149837625557,50.964,-0.022951893601460344,
size,A_iid_weibull,in_spec,50,0.75,False,0.03,,,c5_rank_autocorr,permutation,studentized,0.05,2000,2000,0,0,0.045,0.004635461142108733,50.964,2.0,0.03776149837625557,50.964,-0.022951893601460344,
size,A_iid_weibull,in_spec,50,0.75,False,0.03,,,c5_rank_autocorr,permutation,unstudentized,0.05,2000,2000,0,0,0.0465,0.004708383480558906,50.964,2.0,0.03776149837625557,50.964,-0.022951893601460344,
size,A_iid_weibull,in_spec,50,0.75,False,0.03,,,c6_exchangeability,permutation,,0.05,2000,2000,0,0,0.0495,0.004850244839180801,50.964,2.0,0.03776149837625557,50.964,-0.022951893601460344,
size,A_iid_weibull,in_spec,50,0.75,False,0.03,,,cvm_cramer_von_mises,permutation,,0.05,2000,2000,0,0,0.048,0.0047799581588126895,50.964,2.0,0.03776149837625557,50.964,-0.022951893601460344,
size,A_iid_weibull,in_spec,50,0.75,False,0.25,,,c1_lewis_robinson,asymptotic,,0.05,2000,2000,0,0,0.3205,0.010435031145137996,53.4165,9.2505,0.14761357652352913,53.4165,-0.047227743237953305,
size,A_iid_weibull,in_spec,50,0.75,False,0.25,,,c1_lewis_robinson,permutation,,0.05,2000,2000,0,0,0.055,0.005097793640389928,53.4165,9.2505,0.14761357652352913,53.4165,-0.047227743237953305,
size,A_iid_weibull,in_spec,50,0.75,False,0.25,,,c2_anderson_darling,permutation,,0.05,2000,2000,0,0,0.047,0.00473238840333293,53.4165,9.2505,0.14761357652352913,53.4165,-0.047227743237953305,
size,A_iid_weibull,in_spec,50,0.75,False,0.25,,,c5_rank_autocorr,permutation,studentized,0.05,2000,2000,0,0,0.051,0.004919298730510275,53.4165,9.2505,0.14761357652352913,53.4165,-0.047227743237953305,
size,A_iid_weibull,in_spec,50,0.75,False,0.25,,,c5_rank_autocorr,permutation,unstudentized,0.05,2000,2000,0,0,0.049,0.0048269555622566076,53.4165,9.2505,0.14761357652352913,53.4165,-0.047227743237953305,
size,A_iid_weibull,in_spec,50,0.75,False,0.25,,,c6_exchangeability,permutation,,0.05,2000,2000,0,0,0.046,0.00468422885862764,53.4165,9.2505,0.14761357652352913,53.4165,-0.047227743237953305,
size,A_iid_weibull,in_spec,50,0.75,False,0.25,,,cvm_cramer_von_mises,permutation,,0.05,2000,2000,0,0,0.0505,0.00489641450451246,53.4165,9.2505,0.14761357652352913,53.4165,-0.047227743237953305,
size,A_iid_weibull,in_spec,50,0.75,True,0.0,,,c1_lewis_robinson,asymptotic,,0.05,2000,2000,0,0,0.055,0.005097793640389928,42.3945,1.0,0.023044395027019552,10.131,-0.024713233481785495,
size,A_iid_weibull,in_spec,50,0.75,True,0.0,,,c1_lewis_robinson,permutation,,0.05,2000,2000,0,0,0.0455,0.004659922209651144,42.3945,1.0,0.023044395027019552,10.131,-0.024713233481785495,
size,A_iid_weibull,in_spec,50,0.75,True,0.0,,,c2_anderson_darling,asymptotic,,0.05,2000,2000,0,0,0.05,0.004873397172404482,42.3945,1.0,0.023044395027019552,10.131,-0.024713233481785495,
size,A_iid_weibull,in_spec,50,0.75,True,0.0,,,c2_anderson_darling,permutation,,0.05,2000,2000,0,0,0.0445,0.004610843198374892,42.3945,1.0,0.023044395027019552,10.131,-0.024713233481785495,
size,A_iid_weibull,in_spec,50,0.75,True,0.0,,,c5_rank_autocorr,permutation,studentized,0.05,2000,2000,0,0,0.049,0.0048269555622566076,42.3945,1.0,0.023044395027019552,10.131,-0.024713233481785495,
size,A_iid_weibull,in_spec,50,0.75,True,0.0,,,c5_rank_autocorr,permutation,unstudentized,0.05,2000,2000,0,0,0.05,0.004873397172404482,42.3945,1.0,0.023044395027019552,10.131,-0.024713233481785495,
size,A_iid_weibull,in_spec,50,0.75,True,0.0,,,c6_exchangeability,permutation,,0.05,2000,2000,0,0,0.0435,0.004561126505590478,42.3945,1.0,0.023044395027019552,10.131,-0.024713233481785495,
size,A_iid_weibull,in_spec,50,0.75,True,0.0,,,cvm_cramer_von_mises,asymptotic,,0.05,2000,2000,0,0,0.0535,0.005031786462082826,42.3945,1.0,0.023044395027019552,10.131,-0.024713233481785495,
size,A_iid_weibull,in_spec,50,0.75,True,0.0,,,cvm_cramer_von_mises,permutation,,0.05,2000,2000,0,0,0.0485,0.004803527349771208,42.3945,1.0,0.023044395027019552,10.131,-0.024713233481785495,
size,A_iid_weibull,in_spec,50,0.75,True,0.03,,,c1_lewis_robinson,asymptotic,,0.05,2000,2000,0,0,0.068,0.005629209535982827,42.4685,2.0,0.04497565692568897,9.9295,-0.02615810514265253,
size,A_iid_weibull,in_spec,50,0.75,True,0.03,,,c1_lewis_robinson,permutation,,0.05,2000,2000,0,0,0.0485,0.004803527349771208,42.4685,2.0,0.04497565692568897,9.9295,-0.02615810514265253,
size,A_iid_weibull,in_spec,50,0.75,True,0.03,,,c2_anderson_darling,permutation,,0.05,2000,2000,0,0,0.049,0.0048269555622566076,42.4685,2.0,0.04497565692568897,9.9295,-0.02615810514265253,
size,A_iid_weibull,in_spec,50,0.75,True,0.03,,,c5_rank_autocorr,permutation,studentized,0.05,2000,2000,0,0,0.0415,0.004459694496263169,42.4685,2.0,0.04497565692568897,9.9295,-0.02615810514265253,
size,A_iid_weibull,in_spec,50,0.75,True,0.03,,,c5_rank_autocorr,permutation,unstudentized,0.05,2000,2000,0,0,0.044,0.0045860658521220555,42.4685,2.0,0.04497565692568897,9.9295,-0.02615810514265253,
size,A_iid_weibull,in_spec,50,0.75,True,0.03,,,c6_exchangeability,permutation,,0.05,2000,2000,0,0,0.0455,0.004659922209651144,42.4685,2.0,0.04497565692568897,9.9295,-0.02615810514265253,
size,A_iid_weibull,in_spec,50,0.75,True,0.03,,,cvm_cramer_von_mises,permutation,,0.05,2000,2000,0,0,0.0455,0.004659922209651144,42.4685,2.0,0.04497565692568897,9.9295,-0.02615810514265253,
size,A_iid_weibull,in_spec,50,0.75,True,0.25,,,c1_lewis_robinson,asymptotic,,0.05,2000,1722,278,0,0.3321718931475029,0.011350035343293983,44.57955865272938,9.199767711962833,0.17106513476157567,8.087108013937282,-0.054875299683692834,"ValueError: gamma_hat is zero: every gap is identical, so the statistic it scales is undefined. A fully quantised duration vector (every window one read long) r"
size,A_iid_weibull,in_spec,50,0.75,True,0.25,,,c1_lewis_robinson,permutation,,0.05,2000,1722,278,0,0.05168408826945412,0.005335048538574747,44.57955865272938,9.199767711962833,0.17106513476157567,8.087108013937282,-0.054875299683692834,"ValueError: gamma_hat is zero: every gap is identical, so the statistic it scales is undefined. A fully quantised duration vector (every window one read long) r"
size,A_iid_weibull,in_spec,50,0.75,True,0.25,,,c2_anderson_darling,permutation,,0.05,2000,1722,278,0,0.05168408826945412,0.005335048538574747,44.57955865272938,9.199767711962833,0.17106513476157567,8.087108013937282,-0.054875299683692834,"ValueError: gamma_hat is zero: every gap is identical, so the statistic it scales is undefined. A fully quantised duration vector (every window one read long) r"
size,A_iid_weibull,in_spec,50,0.75,True,0.25,,,c5_rank_autocorr,permutation,studentized,0.05,2000,1722,278,0,0.050522648083623695,0.005277992686874027,44.57955865272938,9.199767711962833,0.17106513476157567,8.087108013937282,-0.054875299683692834,"ValueError: gamma_hat is zero: every gap is identical, so the statistic it scales is undefined. A fully quantised duration vector (every window one read long) r"
size,A_iid_weibull,in_spec,50,0.75,True,0.25,,,c5_rank_autocorr,permutation,unstudentized,0.05,2000,1722,278,0,0.04413472706155633,0.004949621516094842,44.57955865272938,9.199767711962833,0.17106513476157567,8.087108013937282,-0.054875299683692834,"ValueError: gamma_hat is zero: every gap is identical, so the statistic it scales is undefined. A fully quantised duration vector (every window one read long) r"
size,A_iid_weibull,in_spec,50,0.75,True,0.25,,,c6_exchangeability,permutation,,0.05,2000,1722,278,0,0.04529616724738676,0.005011277901108569,44.57955865272938,9.199767711962833,0.17106513476157567,8.087108013937282,-0.054875299683692834,"ValueError: gamma_hat is zero: every gap is identical, so the statistic it scales is undefined. A fully quantised duration vector (every window one read long) r"
size,A_iid_weibull,in_spec,50,0.75,True,0.25,,,cvm_cramer_von_mises,permutation,,0.05,2000,1722,278,0,0.05168408826945412,0.005335048538574747,44.57955865272938,9.199767711962833,0.17106513476157567,8.087108013937282,-0.054875299683692834,"ValueError: gamma_hat is zero: every gap is identical, so the statistic it scales is undefined. A fully quantised duration vector (every window one read long) r"
size,D_trp_power_law,in_spec,50,0.75,False,0.0,,1.0,c1_lewis_robinson,asymptotic,,0.05,2000,2000,0,0,0.0555,0.005119558086397693,50.617,1.0,0.019373462231435382,50.617,-0.01863205119845093,
size,D_trp_power_law,in_spec,50,0.75,False,0.0,,1.0,c1_lewis_robinson,permutation,,0.05,2000,2000,0,0,0.054,0.005053909377897471,50.617,1.0,0.019373462231435382,50.617,-0.01863205119845093,
size,D_trp_power_law,in_spec,50,0.75,False,0.0,,1.0,c2_anderson_darling,asymptotic,,0.05,2000,2000,0,0,0.05,0.004873397172404482,50.617,1.0,0.019373462231435382,50.617,-0.01863205119845093,
size,D_trp_power_law,in_spec,50,0.75,False,0.0,,1.0,c2_anderson_darling,permutation,,0.05,2000,2000,0,0,0.0495,0.004850244839180801,50.617,1.0,0.019373462231435382,50.617,-0.01863205119845093,
size,D_trp_power_law,in_spec,50,0.75,False,0.0,,1.0,c5_rank_autocorr,permutation,studentized,0.05,2000,2000,0,0,0.047,0.00473238840333293,50.617,1.0,0.019373462231435382,50.617,-0.01863205119845093,
size,D_trp_power_law,in_spec,50,0.75,False,0.0,,1.0,c5_rank_autocorr,permutation,unstudentized,0.05,2000,2000,0,0,0.048,0.0047799581588126895,50.617,1.0,0.019373462231435382,50.617,-0.01863205119845093,
size,D_trp_power_law,in_spec,50,0.75,False,0.0,,1.0,c6_exchangeability,permutation,,0.05,2000,2000,0,0,0.051,0.004919298730510275,50.617,1.0,0.019373462231435382,50.617,-0.01863205119845093,
size,D_trp_power_law,in_spec,50,0.75,False,0.0,,1.0,cvm_cramer_von_mises,asymptotic,,0.05,2000,2000,0,0,0.0495,0.004850244839180801,50.617,1.0,0.019373462231435382,50.617,-0.01863205119845093,
size,D_trp_power_law,in_spec,50,0.75,False,0.0,,1.0,cvm_cramer_von_mises,permutation,,0.05,2000,2000,0,0,0.051,0.004919298730510275,50.617,1.0,0.019373462231435382,50.617,-0.01863205119845093,
size,D_trp_power_law,in_spec,50,0.75,False,0.03,,1.0,c1_lewis_robinson,asymptotic,,0.05,2000,2000,0,0,0.0635,0.005452877680637995,50.974,2.0,0.03775437006833541,50.974,-0.02042887892965546,
size,D_trp_power_law,in_spec,50,0.75,False,0.03,,1.0,c1_lewis_robinson,permutation,,0.05,2000,2000,0,0,0.0465,0.004708383480558906,50.974,2.0,0.03775437006833541,50.974,-0.02042887892965546,
size,D_trp_power_law,in_spec,50,0.75,False,0.03,,1.0,c2_anderson_darling,permutation,,0.05,2000,2000,0,0,0.041,0.004433903472111228,50.974,2.0,0.03775437006833541,50.974,-0.02042887892965546,
size,D_trp_power_law,in_spec,50,0.75,False,0.03,,1.0,c5_rank_autocorr,permutation,studentized,0.05,2000,2000,0,0,0.0515,0.004942051699446294,50.974,2.0,0.03775437006833541,50.974,-0.02042887892965546,
size,D_trp_power_law,in_spec,50,0.75,False,0.03,,1.0,c5_rank_autocorr,permutation,unstudentized,0.05,2000,2000,0,0,0.0485,0.004803527349771208,50.974,2.0,0.03775437006833541,50.974,-0.02042887892965546,
size,D_trp_power_law,in_spec,50,0.75,False,0.03,,1.0,c6_exchangeability,permutation,,0.05,2000,2000,0,0,0.044,0.0045860658521220555,50.974,2.0,0.03775437006833541,50.974,-0.02042887892965546,
size,D_trp_power_law,in_spec,50,0.75,False,0.03,,1.0,cvm_cramer_von_mises,permutation,,0.05,2000,2000,0,0,0.046,0.00468422885862764,50.974,2.0,0.03775437006833541,50.974,-0.02042887892965546,
size,D_trp_power_law,in_spec,50,0.75,False,0.25,,1.0,c1_lewis_robinson,asymptotic,,0.05,2000,2000,0,0,0.307,0.010313849911647929,53.761,9.2915,0.14736132587922762,53.761,-0.04981491282016599,
size,D_trp_power_law,in_spec,50,0.75,False,0.25,,1.0,c1_lewis_robinson,permutation,,0.05,2000,2000,0,0,0.0475,0.004756245893559331,53.761,9.2915,0.14736132587922762,53.761,-0.04981491282016599,
size,D_trp_power_law,in_spec,50,0.75,False,0.25,,1.0,c2_anderson_darling,permutation,,0.05,2000,2000,0,0,0.046,0.00468422885862764,53.761,9.2915,0.14736132587922762,53.761,-0.04981491282016599,
size,D_trp_power_law,in_spec,50,0.75,False,0.25,,1.0,c5_rank_autocorr,permutation,studentized,0.05,2000,2000,0,0,0.0485,0.004803527349771208,53.761,9.2915,0.14736132587922762,53.761,-0.04981491282016599,
size,D_trp_power_law,in_spec,50,0.75,False,0.25,,1.0,c5_rank_autocorr,permutation,unstudentized,0.05,2000,2000,0,0,0.048,0.0047799581588126895,53.761,9.2915,0.14736132587922762,53.761,-0.04981491282016599,
size,D_trp_power_law,in_spec,50,0.75,False,0.25,,1.0,c6_exchangeability,permutation,,0.05,2000,2000,0,0,0.0525,0.004987171041783107,53.761,9.2915,0.14736132587922762,53.761,-0.04981491282016599,
size,D_trp_power_law,in_spec,50,0.75,False,0.25,,1.0,cvm_cramer_von_mises,permutation,,0.05,2000,2000,0,0,0.052,0.004964675215963275,53.761,9.2915,0.14736132587922762,53.761,-0.04981491282016599,
size,E_copula_ar1_durations,in_spec,50,0.75,False,0.0,0.0,,c1_lewis_robinson,asymptotic,,0.05,2000,2000,0,0,0.0545,0.005075911248239078,50.0555,1.0,0.019586528385776264,50.0555,-0.018468649450044197,
size,E_copula_ar1_durations,in_spec,50,0.75,False,0.0,0.0,,c1_lewis_robinson,permutation,,0.05,2000,2000,0,0,0.0465,0.004708383480558906,50.0555,1.0,0.019586528385776264,50.0555,-0.018468649450044197,
size,E_copula_ar1_durations,in_spec,50,0.75,False,0.0,0.0,,c2_anderson_darling,asymptotic,,0.05,2000,2000,0,0,0.0475,0.004756245893559331,50.0555,1.0,0.019586528385776264,50.0555,-0.018468649450044197,
size,E_copula_ar1_durations,in_spec,50,0.75,False,0.0,0.0,,c2_anderson_darling,permutation,,0.05,2000,2000,0,0,0.044,0.0045860658521220555,50.0555,1.0,0.019586528385776264,50.0555,-0.018468649450044197,
size,E_copula_ar1_durations,in_spec,50,0.75,False,0.0,0.0,,c5_rank_autocorr,permutation,studentized,0.05,2000,2000,0,0,0.0605,0.005331029450303197,50.0555,1.0,0.019586528385776264,50.0555,-0.018468649450044197,
size,E_copula_ar1_durations,in_spec,50,0.75,False,0.0,0.0,,c5_rank_autocorr,permutation,unstudentized,0.05,2000,2000,0,0,0.052,0.004964675215963275,50.0555,1.0,0.019586528385776264,50.0555,-0.018468649450044197,
size,E_copula_ar1_durations,in_spec,50,0.75,False,0.0,0.0,,c6_exchangeability,permutation,,0.05,2000,2000,0,0,0.0585,0.0052477495176503994,50.0555,1.0,0.019586528385776264,50.0555,-0.018468649450044197,
size,E_copula_ar1_durations,in_spec,50,0.75,False,0.0,0.0,,cvm_cramer_von_mises,asymptotic,,0.05,2000,2000,0,0,0.0485,0.004803527349771208,50.0555,1.0,0.019586528385776264,50.0555,-0.018468649450044197,
size,E_copula_ar1_durations,in_spec,50,0.75,False,0.0,0.0,,cvm_cramer_von_mises,permutation,,0.05,2000,2000,0,0,0.047,0.00473238840333293,50.0555,1.0,0.019586528385776264,50.0555,-0.018468649450044197,
size,A_iid_weibull,in_spec,50,1.5,False,0.0,,,c1_lewis_robinson,asymptotic,,0.05,2000,2000,0,0,0.0585,0.0052477495176503994,49.613,1.0,0.019757769742951417,49.613,-0.02400440227839249,
size,A_iid_weibull,in_spec,50,1.5,False,0.0,,,c1_lewis_robinson,permutation,,0.05,2000,2000,0,0,0.054,0.005053909377897471,49.613,1.0,0.019757769742951417,49.613,-0.02400440227839249,
size,A_iid_weibull,in_spec,50,1.5,False,0.0,,,c2_anderson_darling,asymptotic,,0.05,2000,2000,0,0,0.0565,0.005162739098579358,49.613,1.0,0.019757769742951417,49.613,-0.02400440227839249,
size,A_iid_weibull,in_spec,50,1.5,False,0.0,,,c2_anderson_darling,permutation,,0.05,2000,2000,0,0,0.05,0.004873397172404482,49.613,1.0,0.019757769742951417,49.613,-0.02400440227839249,
size,A_iid_weibull,in_spec,50,1.5,False,0.0,,,c5_rank_autocorr,permutation,studentized,0.05,2000,2000,0,0,0.0455,0.004659922209651144,49.613,1.0,0.019757769742951417,49.613,-0.02400440227839249,
size,A_iid_weibull,in_spec,50,1.5,False,0.0,,,c5_rank_autocorr,permutation,unstudentized,0.05,2000,2000,0,0,0.049,0.0048269555622566076,49.613,1.0,0.019757769742951417,49.613,-0.02400440227839249,
size,A_iid_weibull,in_spec,50,1.5,False,0.0,,,c6_exchangeability,permutation,,0.05,2000,2000,0,0,0.045,0.004635461142108733,49.613,1.0,0.019757769742951417,49.613,-0.02400440227839249,
size,A_iid_weibull,in_spec,50,1.5,False,0.0,,,cvm_cramer_von_mises,asymptotic,,0.05,2000,2000,0,0,0.059,0.0052687284993630104,49.613,1.0,0.019757769742951417,49.613,-0.02400440227839249,
size,A_iid_weibull,in_spec,50,1.5,False,0.0,,,cvm_cramer_von_mises,permutation,,0.05,2000,2000,0,0,0.0555,0.005119558086397693,49.613,1.0,0.019757769742951417,49.613,-0.02400440227839249,
size,A_iid_weibull,in_spec,50,1.5,False,0.03,,,c1_lewis_robinson,asymptotic,,0.05,2000,2000,0,0,0.058,0.0052266624149642565,49.484,2.0,0.03884702043353275,49.484,-0.018552890122676986,
size,A_iid_weibull,in_spec,50,1.5,False,0.03,,,c1_lewis_robinson,permutation,,0.05,2000,2000,0,0,0.046,0.00468422885862764,49.484,2.0,0.03884702043353275,49.484,-0.018552890122676986,
size,A_iid_weibull,in_spec,50,1.5,False,0.03,,,c2_anderson_darling,permutation,,0.05,2000,2000,0,0,0.039,0.004328914413568372,49.484,2.0,0.03884702043353275,49.484,-0.018552890122676986,
size,A_iid_weibull,in_spec,50,1.5,False,0.03,,,c5_rank_autocorr,permutation,studentized,0.05,2000,2000,0,0,0.053,0.005009540897128199,49.484,2.0,0.03884702043353275,49.484,-0.018552890122676986,
size,A_iid_weibull,in_spec,50,1.5,False,0.03,,,c5_rank_autocorr,permutation,unstudentized,0.05,2000,2000,0,0,0.056,0.005141206084179081,49.484,2.0,0.03884702043353275,49.484,-0.018552890122676986,
size,A_iid_weibull,in_spec,50,1.5,False,0.03,,,c6_exchangeability,permutation,,0.05,2000,2000,0,0,0.055,0.005097793640389928,49.484,2.0,0.03884702043353275,49.484,-0.018552890122676986,
size,A_iid_weibull,in_spec,50,1.5,False,0.03,,,cvm_cramer_von_mises,permutation,,0.05,2000,2000,0,0,0.0395,0.00435544199823623,49.484,2.0,0.03884702043353275,49.484,-0.018552890122676986,
size,A_iid_weibull,in_spec,50,1.5,False,0.25,,,c1_lewis_robinson,asymptotic,,0.05,2000,2000,0,0,0.4485,0.01112087563998447,47.053,9.937,0.17436392349535007,47.053,-0.03385376444792247,
size,A_iid_weibull,in_spec,50,1.5,False,0.25,,,c1_lewis_robinson,permutation,,0.05,2000,2000,0,0,0.046,0.00468422885862764,47.053,9.937,0.17436392349535007,47.053,-0.03385376444792247,
size,A_iid_weibull,in_spec,50,1.5,False,0.25,,,c2_anderson_darling,permutation,,0.05,2000,2000,0,0,0.052,0.004964675215963275,47.053,9.937,0.17436392349535007,47.053,-0.03385376444792247,
size,A_iid_weibull,in_spec,50,1.5,False,0.25,,,c5_rank_autocorr,permutation,studentized,0.05,2000,2000,0,0,0.043,0.004536022486716748,47.053,9.937,0.17436392349535007,47.053,-0.03385376444792247,
size,A_iid_weibull,in_spec,50,1.5,False,0.25,,,c5_rank_autocorr,permutation,unstudentized,0.05,2000,2000,0,0,0.047,0.00473238840333293,47.053,9.937,0.17436392349535007,47.053,-0.03385376444792247,
size,A_iid_weibull,in_spec,50,1.5,False,0.25,,,c6_exchangeability,permutation,,0.05,2000,2000,0,0,0.051,0.004919298730510275,47.053,9.937,0.17436392349535007,47.053,-0.03385376444792247,
size,A_iid_weibull,in_spec,50,1.5,False,0.25,,,cvm_cramer_von_mises,permutation,,0.05,2000,2000,0,0,0.0505,0.00489641450451246,47.053,9.937,0.17436392349535007,47.053,-0.03385376444792247,
size,A_iid_weibull,in_spec,50,1.5,True,0.0,,,c1_lewis_robinson,asymptotic,,0.05,2000,2000,0,0,0.057,0.00518415856238985,42.5895,1.0,0.022941304671996697,8.254,-0.02199160348581688,
size,A_iid_weibull,in_spec,50,1.5,True,0.0,,,c1_lewis_robinson,permutation,,0.05,2000,2000,0,0,0.052,0.004964675215963275,42.5895,1.0,0.022941304671996697,8.254,-0.02199160348581688,
size,A_iid_weibull,in_spec,50,1.5,True,0.0,,,c2_anderson_darling,asymptotic,,0.05,2000,2000,0,0,0.0615,0.005372045699731156,42.5895,1.0,0.022941304671996697,8.254,-0.02199160348581688,
size,A_iid_weibull,in_spec,50,1.5,True,0.0,,,c2_anderson_darling,permutation,,0.05,2000,2000,0,0,0.0505,0.00489641450451246,42.5895,1.0,0.022941304671996697,8.254,-0.02199160348581688,
size,A_iid_weibull,in_spec,50,1.5,True,0.0,,,c5_rank_autocorr,permutation,studentized,0.05,2000,2000,0,0,0.046,0.00468422885862764,42.5895,1.0,0.022941304671996697,8.254,-0.02199160348581688,
size,A_iid_weibull,in_spec,50,1.5,True,0.0,,,c5_rank_autocorr,permutation,unstudentized,0.05,2000,2000,0,0,0.047,0.00473238840333293,42.5895,1.0,0.022941304671996697,8.254,-0.02199160348581688,
size,A_iid_weibull,in_spec,50,1.5,True,0.0,,,c6_exchangeability,permutation,,0.05,2000,2000,0,0,0.047,0.00473238840333293,42.5895,1.0,0.022941304671996697,8.254,-0.02199160348581688,
size,A_iid_weibull,in_spec,50,1.5,True,0.0,,,cvm_cramer_von_mises,asymptotic,,0.05,2000,2000,0,0,0.055,0.005097793640389928,42.5895,1.0,0.022941304671996697,8.254,-0.02199160348581688,
size,A_iid_weibull,in_spec,50,1.5,True,0.0,,,cvm_cramer_von_mises,permutation,,0.05,2000,2000,0,0,0.05,0.004873397172404482,42.5895,1.0,0.022941304671996697,8.254,-0.02199160348581688,
size,A_iid_weibull,in_spec,50,1.5,True,0.03,,,c1_lewis_robinson,asymptotic,,0.05,2000,2000,0,0,0.0755,0.005907611615534657,42.431,2.0,0.04501361661902726,8.192,-0.02549259929041975,
size,A_iid_weibull,in_spec,50,1.5,True,0.03,,,c1_lewis_robinson,permutation,,0.05,2000,2000,0,0,0.0575,0.005205465877325487,42.431,2.0,0.04501361661902726,8.192,-0.02549259929041975,
size,A_iid_weibull,in_spec,50,1.5,True,0.03,,,c2_anderson_darling,permutation,,0.05,2000,2000,0,0,0.0495,0.004850244839180801,42.431,2.0,0.04501361661902726,8.192,-0.02549259929041975,
size,A_iid_weibull,in_spec,50,1.5,True,0.03,,,c5_rank_autocorr,permutation,studentized,0.05,2000,2000,0,0,0.043,0.004536022486716748,42.431,2.0,0.04501361661902726,8.192,-0.02549259929041975,
size,A_iid_weibull,in_spec,50,1.5,True,0.03,,,c5_rank_autocorr,permutation,unstudentized,0.05,2000,2000,0,0,0.0415,0.004459694496263169,42.431,2.0,0.04501361661902726,8.192,-0.02549259929041975,
size,A_iid_weibull,in_spec,50,1.5,True,0.03,,,c6_exchangeability,permutation,,0.05,2000,2000,0,0,0.0525,0.004987171041783107,42.431,2.0,0.04501361661902726,8.192,-0.02549259929041975,
size,A_iid_weibull,in_spec,50,1.5,True,0.03,,,cvm_cramer_von_mises,permutation,,0.05,2000,2000,0,0,0.0475,0.004756245893559331,42.431,2.0,0.04501361661902726,8.192,-0.02549259929041975,
size,A_iid_weibull,in_spec,50,1.5,True,0.25,,,c1_lewis_robinson,asymptotic,,0.05,2000,1749,251,0,0.5477415666094911,0.011901077465327179,41.141795311606636,9.914236706689536,0.19418345521126126,7.598056032018296,-0.045245148274127074,"ValueError: gamma_hat is zero: every gap is identical, so the statistic it scales is undefined. A fully quantised duration vector (every window one read long) r"
size,A_iid_weibull,in_spec,50,1.5,True,0.25,,,c1_lewis_robinson,permutation,,0.05,2000,1749,251,0,0.045740423098913664,0.004995609095074068,41.141795311606636,9.914236706689536,0.19418345521126126,7.598056032018296,-0.045245148274127074,"ValueError: gamma_hat is zero: every gap is identical, so the statistic it scales is undefined. A fully quantised duration vector (every window one read long) r"
size,A_iid_weibull,in_spec,50,1.5,True,0.25,,,c2_anderson_darling,permutation,,0.05,2000,1749,251,0,0.04631217838765009,0.005025228548753224,41.141795311606636,9.914236706689536,0.19418345521126126,7.598056032018296,-0.045245148274127074,"ValueError: gamma_hat is zero: every gap is identical, so the statistic it scales is undefined. A fully quantised duration vector (every window one read long) r"
size,A_iid_weibull,in_spec,50,1.5,True,0.25,,,c5_rank_autocorr,permutation,studentized,0.05,2000,1749,251,0,0.04288164665523156,0.004844217612172358,41.141795311606636,9.914236706689536,0.19418345521126126,7.598056032018296,-0.045245148274127074,"ValueError: gamma_hat is zero: every gap is identical, so the statistic it scales is undefined. A fully quantised duration vector (every window one read long) r"
size,A_iid_weibull,in_spec,50,1.5,True,0.25,,,c5_rank_autocorr,permutation,unstudentized,0.05,2000,1749,251,0,0.04745568896512293,0.005083839492462003,41.141795311606636,9.914236706689536,0.19418345521126126,7.598056032018296,-0.045245148274127074,"ValueError: gamma_hat is zero: every gap is identical, so the statistic it scales is undefined. A fully quantised duration vector (every window one read long) r"
size,A_iid_weibull,in_spec,50,1.5,True,0.25,,,c6_exchangeability,permutation,,0.05,2000,1749,251,0,0.04288164665523156,0.004844217612172358,41.141795311606636,9.914236706689536,0.19418345521126126,7.598056032018296,-0.045245148274127074,"ValueError: gamma_hat is zero: every gap is identical, so the statistic it scales is undefined. A fully quantised duration vector (every window one read long) r"
size,A_iid_weibull,in_spec,50,1.5,True,0.25,,,cvm_cramer_von_mises,permutation,,0.05,2000,1749,251,0,0.046883933676386505,0.005054637463291932,41.141795311606636,9.914236706689536,0.19418345521126126,7.598056032018296,-0.045245148274127074,"ValueError: gamma_hat is zero: every gap is identical, so the statistic it scales is undefined. A fully quantised duration vector (every window one read long) r"
size,D_trp_power_law,in_spec,50,1.5,False,0.0,,1.0,c1_lewis_robinson,asymptotic,,0.05,2000,2000,0,0,0.0545,0.005075911248239078,49.7355,1.0,0.019710064944663992,49.7355,-0.02167166775834493,
size,D_trp_power_law,in_spec,50,1.5,False,0.0,,1.0,c1_lewis_robinson,permutation,,0.05,2000,2000,0,0,0.0505,0.00489641450451246,49.7355,1.0,0.019710064944663992,49.7355,-0.02167166775834493,
size,D_trp_power_law,in_spec,50,1.5,False,0.0,,1.0,c2_anderson_darling,asymptotic,,0.05,2000,2000,0,0,0.0555,0.005119558086397693,49.7355,1.0,0.019710064944663992,49.7355,-0.02167166775834493,
size,D_trp_power_law,in_spec,50,1.5,False,0.0,,1.0,c2_anderson_darling,permutation,,0.05,2000,2000,0,0,0.052,0.004964675215963275,49.7355,1.0,0.019710064944663992,49.7355,-0.02167166775834493,
size,D_trp_power_law,in_spec,50,1.5,False,0.0,,1.0,c5_rank_autocorr,permutation,studentized,0.05,2000,2000,0,0,0.0515,0.004942051699446294,49.7355,1.0,0.019710064944663992,49.7355,-0.02167166775834493,
size,D_trp_power_law,in_spec,50,1.5,False,0.0,,1.0,c5_rank_autocorr,permutation,unstudentized,0.05,2000,2000,0,0,0.0485,0.004803527349771208,49.7355,1.0,0.019710064944663992,49.7355,-0.02167166775834493,
size,D_trp_power_law,in_spec,50,1.5,False,0.0,,1.0,c6_exchangeability,permutation,,0.05,2000,2000,0,0,0.0445,0.004610843198374892,49.7355,1.0,0.019710064944663992,49.7355,-0.02167166775834493,
size,D_trp_power_law,in_spec,50,1.5,False,0.0,,1.0,cvm_cramer_von_mises,asymptotic,,0.05,2000,2000,0,0,0.0495,0.004850244839180801,49.7355,1.0,0.019710064944663992,49.7355,-0.02167166775834493,
size,D_trp_power_law,in_spec,50,1.5,False,0.0,,1.0,cvm_cramer_von_mises,permutation,,0.05,2000,2000,0,0,0.048,0.0047799581588126895,49.7355,1.0,0.019710064944663992,49.7355,-0.02167166775834493,
size,D_trp_power_law,in_spec,50,1.5,False,0.03,,1.0,c1_lewis_robinson,asymptotic,,0.05,2000,2000,0,0,0.059,0.0052687284993630104,49.5625,2.0,0.03878787878787879,49.5625,-0.022318639096400174,
size,D_trp_power_law,in_spec,50,1.5,False,0.03,,1.0,c1_lewis_robinson,permutation,,0.05,2000,2000,0,0,0.0495,0.004850244839180801,49.5625,2.0,0.03878787878787879,49.5625,-0.022318639096400174,
size,D_trp_power_law,in_spec,50,1.5,False,0.03,,1.0,c2_anderson_darling,permutation,,0.05,2000,2000,0,0,0.0575,0.005205465877325487,49.5625,2.0,0.03878787878787879,49.5625,-0.022318639096400174,
size,D_trp_power_law,in_spec,50,1.5,False,0.03,,1.0,c5_rank_autocorr,permutation,studentized,0.05,2000,2000,0,0,0.054,0.005053909377897471,49.5625,2.0,0.03878787878787879,49.5625,-0.022318639096400174,
size,D_trp_power_law,in_spec,50,1.5,False,0.03,,1.0,c5_rank_autocorr,permutation,unstudentized,0.05,2000,2000,0,0,0.049,0.0048269555622566076,49.5625,2.0,0.03878787878787879,49.5625,-0.022318639096400174,
size,D_trp_power_law,in_spec,50,1.5,False,0.03,,1.0,c6_exchangeability,permutation,,0.05,2000,2000,0,0,0.0475,0.004756245893559331,49.5625,2.0,0.03878787878787879,49.5625,-0.022318639096400174,
size,D_trp_power_law,in_spec,50,1.5,False,0.03,,1.0,cvm_cramer_von_mises,permutation,,0.05,2000,2000,0,0,0.0535,0.005031786462082826,49.5625,2.0,0.03878787878787879,49.5625,-0.022318639096400174,
size,D_trp_power_law,in_spec,50,1.5,False,0.25,,1.0,c1_lewis_robinson,asymptotic,,0.05,2000,2000,0,0,0.4535,0.011131885509651992,47.1665,9.944,0.17411859465422297,47.1665,-0.03405123557424586,
size,D_trp_power_law,in_spec,50,1.5,False,0.25,,1.0,c1_lewis_robinson,permutation,,0.05,2000,2000,0,0,0.0645,0.005492711079239468,47.1665,9.944,0.17411859465422297,47.1665,-0.03405123557424586,
size,D_trp_power_law,in_spec,50,1.5,False,0.25,,1.0,c2_anderson_darling,permutation,,0.05,2000,2000,0,0,0.06,0.0053103672189407005,47.1665,9.944,0.17411859465422297,47.1665,-0.03405123557424586,
size,D_trp_power_law,in_spec,50,1.5,False,0.25,,1.0,c5_rank_autocorr,permutation,studentized,0.05,2000,2000,0,0,0.046,0.00468422885862764,47.1665,9.944,0.17411859465422297,47.1665,-0.03405123557424586,
size,D_trp_power_law,in_spec,50,1.5,False,0.25,,1.0,c5_rank_autocorr,permutation,unstudentized,0.05,2000,2000,0,0,0.0505,0.00489641450451246,47.1665,9.944,0.17411859465422297,47.1665,-0.03405123557424586,
size,D_trp_power_law,in_spec,50,1.5,False,0.25,,1.0,c6_exchangeability,permutation,,0.05,2000,2000,0,0,0.049,0.0048269555622566076,47.1665,9.944,0.17411859465422297,47.1665,-0.03405123557424586,
size,D_trp_power_law,in_spec,50,1.5,False,0.25,,1.0,cvm_cramer_von_mises,permutation,,0.05,2000,2000,0,0,0.063,0.005432816948876522,47.1665,9.944,0.17411859465422297,47.1665,-0.03405123557424586,
size,E_copula_ar1_durations,in_spec,50,1.5,False,0.0,0.0,,c1_lewis_robinson,asymptotic,,0.05,2000,2000,0,0,0.055,0.005097793640389928,49.7615,1.0,0.019699969465047328,49.7615,-0.016931418919994067,
size,E_copula_ar1_durations,in_spec,50,1.5,False,0.0,0.0,,c1_lewis_robinson,permutation,,0.05,2000,2000,0,0,0.054,0.005053909377897471,49.7615,1.0,0.019699969465047328,49.7615,-0.016931418919994067,
size,E_copula_ar1_durations,in_spec,50,1.5,False,0.0,0.0,,c2_anderson_darling,asymptotic,,0.05,2000,2000,0,0,0.059,0.0052687284993630104,49.7615,1.0,0.019699969465047328,49.7615,-0.016931418919994067,
size,E_copula_ar1_durations,in_spec,50,1.5,False,0.0,0.0,,c2_anderson_darling,permutation,,0.05,2000,2000,0,0,0.0525,0.004987171041783107,49.7615,1.0,0.019699969465047328,49.7615,-0.016931418919994067,
size,E_copula_ar1_durations,in_spec,50,1.5,False,0.0,0.0,,c5_rank_autocorr,permutation,studentized,0.05,2000,2000,0,0,0.0515,0.004942051699446294,49.7615,1.0,0.019699969465047328,49.7615,-0.016931418919994067,
size,E_copula_ar1_durations,in_spec,50,1.5,False,0.0,0.0,,c5_rank_autocorr,permutation,unstudentized,0.05,2000,2000,0,0,0.051,0.004919298730510275,49.7615,1.0,0.019699969465047328,49.7615,-0.016931418919994067,
size,E_copula_ar1_durations,in_spec,50,1.5,False,0.0,0.0,,c6_exchangeability,permutation,,0.05,2000,2000,0,0,0.0495,0.004850244839180801,49.7615,1.0,0.019699969465047328,49.7615,-0.016931418919994067,
size,E_copula_ar1_durations,in_spec,50,1.5,False,0.0,0.0,,cvm_cramer_von_mises,asymptotic,,0.05,2000,2000,0,0,0.0585,0.0052477495176503994,49.7615,1.0,0.019699969465047328,49.7615,-0.016931418919994067,
size,E_copula_ar1_durations,in_spec,50,1.5,False,0.0,0.0,,cvm_cramer_von_mises,permutation,,0.05,2000,2000,0,0,0.056,0.005141206084179081,49.7615,1.0,0.019699969465047328,49.7615,-0.016931418919994067,
size,B_iid_reads_carved,calendar,50,,False,0.0,,,c1_lewis_robinson,asymptotic,,0.05,2000,2000,0,0,0.0515,0.004942051699446294,51.4655,1.0,0.01906014428529224,7.9835,-0.017146030131306014,
size,B_iid_reads_carved,calendar,50,,False,0.0,,,c1_lewis_robinson,permutation,,0.05,2000,2000,0,0,0.046,0.00468422885862764,51.4655,1.0,0.01906014428529224,7.9835,-0.017146030131306014,
size,B_iid_reads_carved,calendar,50,,False,0.0,,,c2_anderson_darling,asymptotic,,0.05,2000,2000,0,0,0.058,0.0052266624149642565,51.4655,1.0,0.01906014428529224,7.9835,-0.017146030131306014,
size,B_iid_reads_carved,calendar,50,,False,0.0,,,c2_anderson_darling,permutation,,0.05,2000,2000,0,0,0.046,0.00468422885862764,51.4655,1.0,0.01906014428529224,7.9835,-0.017146030131306014,
size,B_iid_reads_carved,calendar,50,,False,0.0,,,c5_rank_autocorr,permutation,studentized,0.05,2000,2000,0,0,0.045,0.004635461142108733,51.4655,1.0,0.01906014428529224,7.9835,-0.017146030131306014,
size,B_iid_reads_carved,calendar,50,,False,0.0,,,c5_rank_autocorr,permutation,unstudentized,0.05,2000,2000,0,0,0.047,0.00473238840333293,51.4655,1.0,0.01906014428529224,7.9835,-0.017146030131306014,
size,B_iid_reads_carved,calendar,50,,False,0.0,,,c6_exchangeability,permutation,,0.05,2000,2000,0,0,0.0485,0.004803527349771208,51.4655,1.0,0.01906014428529224,7.9835,-0.017146030131306014,
size,B_iid_reads_carved,calendar,50,,False,0.0,,,cvm_cramer_von_mises,asymptotic,,0.05,2000,2000,0,0,0.0525,0.004987171041783107,51.4655,1.0,0.01906014428529224,7.9835,-0.017146030131306014,
size,B_iid_reads_carved,calendar,50,,False,0.0,,,cvm_cramer_von_mises,permutation,,0.05,2000,2000,0,0,0.0495,0.004850244839180801,51.4655,1.0,0.01906014428529224,7.9835,-0.017146030131306014,
size,B_iid_reads_carved,in_spec,50,,False,0.0,,,c5_rank_autocorr,permutation,studentized,0.05,2000,2000,0,0,0.047,0.00473238840333293,51.9195,1.0,0.018896626007426375,5.9965,-0.018851269645584024,
size,B_iid_reads_carved,in_spec,50,,False,0.0,,,c5_rank_autocorr,permutation,unstudentized,0.05,2000,2000,0,0,0.0435,0.004561126505590478,51.9195,1.0,0.018896626007426375,5.9965,-0.018851269645584024,
size,B_iid_reads_carved,in_spec,50,,False,0.0,,,c6_exchangeability,permutation,,0.05,2000,2000,0,0,0.041,0.004433903472111228,51.9195,1.0,0.018896626007426375,5.9965,-0.018851269645584024,
size,B_iid_reads_carved,in_spec,50,,False,0.0,,,cvm_cramer_von_mises,permutation,,0.05,2000,2000,0,0,0.0465,0.004708383480558906,51.9195,1.0,0.018896626007426375,5.9965,-0.018851269645584024,
size,C_ar1_reads_carved,calendar,50,,False,0.0,0.0,,c1_lewis_robinson,asymptotic,,0.05,2000,2000,0,0,0.06,0.0053103672189407005,51.3405,1.0,0.019105663874055465,8.0125,-0.020081903576742093,
size,C_ar1_reads_carved,calendar,50,,False,0.0,0.0,,c1_lewis_robinson,permutation,,0.05,2000,2000,0,0,0.0525,0.004987171041783107,51.3405,1.0,0.019105663874055465,8.0125,-0.020081903576742093,
size,C_ar1_reads_carved,calendar,50,,False,0.0,0.0,,c2_anderson_darling,asymptotic,,0.05,2000,2000,0,0,0.069,0.005667406814408156,51.3405,1.0,0.019105663874055465,8.0125,-0.020081903576742093,
size,C_ar1_reads_carved,calendar,50,,False,0.0,0.0,,c2_anderson_darling,permutation,,0.05,2000,2000,0,0,0.0585,0.0052477495176503994,51.3405,1.0,0.019105663874055465,8.0125,-0.020081903576742093,
size,C_ar1_reads_carved,calendar,50,,False,0.0,0.0,,c5_rank_autocorr,permutation,studentized,0.05,2000,2000,0,0,0.054,0.005053909377897471,51.3405,1.0,0.019105663874055465,8.0125,-0.020081903576742093,
size,C_ar1_reads_carved,calendar,50,,False,0.0,0.0,,c5_rank_autocorr,permutation,unstudentized,0.05,2000,2000,0,0,0.055,0.005097793640389928,51.3405,1.0,0.019105663874055465,8.0125,-0.020081903576742093,
size,C_ar1_reads_carved,calendar,50,,False,0.0,0.0,,c6_exchangeability,permutation,,0.05,2000,2000,0,0,0.0475,0.004756245893559331,51.3405,1.0,0.019105663874055465,8.0125,-0.020081903576742093,
size,C_ar1_reads_carved,calendar,50,,False,0.0,0.0,,cvm_cramer_von_mises,asymptotic,,0.05,2000,2000,0,0,0.06,0.0053103672189407005,51.3405,1.0,0.019105663874055465,8.0125,-0.020081903576742093,
size,C_ar1_reads_carved,calendar,50,,False,0.0,0.0,,cvm_cramer_von_mises,permutation,,0.05,2000,2000,0,0,0.0555,0.005119558086397693,51.3405,1.0,0.019105663874055465,8.0125,-0.020081903576742093,
size,C_ar1_reads_carved,in_spec,50,,False,0.0,0.0,,c5_rank_autocorr,permutation,studentized,0.05,2000,2000,0,0,0.044,0.0045860658521220555,52.0565,1.0,0.018847832028120966,6.031,-0.021039088161750322,
size,C_ar1_reads_carved,in_spec,50,,False,0.0,0.0,,c5_rank_autocorr,permutation,unstudentized,0.05,2000,2000,0,0,0.044,0.0045860658521220555,52.0565,1.0,0.018847832028120966,6.031,-0.021039088161750322,
size,C_ar1_reads_carved,in_spec,50,,False,0.0,0.0,,c6_exchangeability,permutation,,0.05,2000,2000,0,0,0.0455,0.004659922209651144,52.0565,1.0,0.018847832028120966,6.031,-0.021039088161750322,
size,C_ar1_reads_carved,in_spec,50,,False,0.0,0.0,,cvm_cramer_von_mises,permutation,,0.05,2000,2000,0,0,0.049,0.0048269555622566076,52.0565,1.0,0.018847832028120966,6.031,-0.021039088161750322,
size,A_iid_weibull,in_spec,75,0.75,False,0.0,,,c1_lewis_robinson,asymptotic,,0.05,2000,2000,0,0,0.0445,0.004610843198374892,74.981,1.0,0.01316118503310038,74.981,-0.012345399314886738,
size,A_iid_weibull,in_spec,75,0.75,False,0.0,,,c1_lewis_robinson,permutation,,0.05,2000,2000,0,0,0.0435,0.004561126505590478,74.981,1.0,0.01316118503310038,74.981,-0.012345399314886738,
size,A_iid_weibull,in_spec,75,0.75,False,0.0,,,c2_anderson_darling,asymptotic,,0.05,2000,2000,0,0,0.0465,0.004708383480558906,74.981,1.0,0.01316118503310038,74.981,-0.012345399314886738,
size,A_iid_weibull,in_spec,75,0.75,False,0.0,,,c2_anderson_darling,permutation,,0.05,2000,2000,0,0,0.047,0.00473238840333293,74.981,1.0,0.01316118503310038,74.981,-0.012345399314886738,
size,A_iid_weibull,in_spec,75,0.75,False,0.0,,,c5_rank_autocorr,permutation,studentized,0.05,2000,2000,0,0,0.049,0.0048269555622566076,74.981,1.0,0.01316118503310038,74.981,-0.012345399314886738,
size,A_iid_weibull,in_spec,75,0.75,False,0.0,,,c5_rank_autocorr,permutation,unstudentized,0.05,2000,2000,0,0,0.0515,0.004942051699446294,74.981,1.0,0.01316118503310038,74.981,-0.012345399314886738,
size,A_iid_weibull,in_spec,75,0.75,False,0.0,,,c6_exchangeability,permutation,,0.05,2000,2000,0,0,0.048,0.0047799581588126895,74.981,1.0,0.01316118503310038,74.981,-0.012345399314886738,
size,A_iid_weibull,in_spec,75,0.75,False,0.0,,,cvm_cramer_von_mises,asymptotic,,0.05,2000,2000,0,0,0.043,0.004536022486716748,74.981,1.0,0.01316118503310038,74.981,-0.012345399314886738,
size,A_iid_weibull,in_spec,75,0.75,False,0.0,,,cvm_cramer_von_mises,permutation,,0.05,2000,2000,0,0,0.0475,0.004756245893559331,74.981,1.0,0.01316118503310038,74.981,-0.012345399314886738,
size,A_iid_weibull,in_spec,75,0.75,False,0.03,,,c1_lewis_robinson,asymptotic,,0.05,2000,2000,0,0,0.06,0.0053103672189407005,76.058,2.0,0.025621973404391603,76.058,-0.012268090244099252,
size,A_iid_weibull,in_spec,75,0.75,False,0.03,,,c1_lewis_robinson,permutation,,0.05,2000,2000,0,0,0.0455,0.004659922209651144,76.058,2.0,0.025621973404391603,76.058,-0.012268090244099252,
size,A_iid_weibull,in_spec,75,0.75,False,0.03,,,c2_anderson_darling,permutation,,0.05,2000,2000,0,0,0.042,0.004485309353879618,76.058,2.0,0.025621973404391603,76.058,-0.012268090244099252,
size,A_iid_weibull,in_spec,75,0.75,False,0.03,,,c5_rank_autocorr,permutation,studentized,0.05,2000,2000,0,0,0.06,0.0053103672189407005,76.058,2.0,0.025621973404391603,76.058,-0.012268090244099252,
size,A_iid_weibull,in_spec,75,0.75,False,0.03,,,c5_rank_autocorr,permutation,unstudentized,0.05,2000,2000,0,0,0.0585,0.0052477495176503994,76.058,2.0,0.025621973404391603,76.058,-0.012268090244099252,
size,A_iid_weibull,in_spec,75,0.75,False,0.03,,,c6_exchangeability,permutation,,0.05,2000,2000,0,0,0.058,0.0052266624149642565,76.058,2.0,0.025621973404391603,76.058,-0.012268090244099252,
size,A_iid_weibull,in_spec,75,0.75,False,0.03,,,cvm_cramer_von_mises,permutation,,0.05,2000,2000,0,0,0.0425,0.0045107510461119445,76.058,2.0,0.025621973404391603,76.058,-0.012268090244099252,
size,A_iid_weibull,in_spec,75,0.75,False,0.25,,,c1_lewis_robinson,asymptotic,,0.05,2000,2000,0,0,0.396,0.010935812726999306,80.0625,13.854,0.14751401510916612,80.0625,-0.04183278771348799,
size,A_iid_weibull,in_spec,75,0.75,False,0.25,,,c1_lewis_robinson,permutation,,0.05,2000,2000,0,0,0.0525,0.004987171041783107,80.0625,13.854,0.14751401510916612,80.0625,-0.04183278771348799,
size,A_iid_weibull,in_spec,75,0.75,False,0.25,,,c2_anderson_darling,permutation,,0.05,2000,2000,0,0,0.052,0.004964675215963275,80.0625,13.854,0.14751401510916612,80.0625,-0.04183278771348799,
size,A_iid_weibull,in_spec,75,0.75,False,0.25,,,c5_rank_autocorr,permutation,studentized,0.05,2000,2000,0,0,0.05,0.004873397172404482,80.0625,13.854,0.14751401510916612,80.0625,-0.04183278771348799,
size,A_iid_weibull,in_spec,75,0.75,False,0.25,,,c5_rank_autocorr,permutation,unstudentized,0.05,2000,2000,0,0,0.042,0.004485309353879618,80.0625,13.854,0.14751401510916612,80.0625,-0.04183278771348799,
size,A_iid_weibull,in_spec,75,0.75,False,0.25,,,c6_exchangeability,permutation,,0.05,2000,2000,0,0,0.0455,0.004659922209651144,80.0625,13.854,0.14751401510916612,80.0625,-0.04183278771348799,
size,A_iid_weibull,in_spec,75,0.75,False,0.25,,,cvm_cramer_von_mises,permutation,,0.05,2000,2000,0,0,0.056,0.005141206084179081,80.0625,13.854,0.14751401510916612,80.0625,-0.04183278771348799,
size,A_iid_weibull,in_spec,75,0.75,True,0.0,,,c1_lewis_robinson,asymptotic,,0.05,2000,2000,0,0,0.0515,0.004942051699446294,63.2965,1.0,0.015552946116818176,11.863,-0.01792497128295116,
size,A_iid_weibull,in_spec,75,0.75,True,0.0,,,c1_lewis_robinson,permutation,,0.05,2000,2000,0,0,0.049,0.0048269555622566076,63.2965,1.0,0.015552946116818176,11.863,-0.01792497128295116,
size,A_iid_weibull,in_spec,75,0.75,True,0.0,,,c2_anderson_darling,asymptotic,,0.05,2000,2000,0,0,0.045,0.004635461142108733,63.2965,1.0,0.015552946116818176,11.863,-0.01792497128295116,
size,A_iid_weibull,in_spec,75,0.75,True,0.0,,,c2_anderson_darling,permutation,,0.05,2000,2000,0,0,0.0475,0.004756245893559331,63.2965,1.0,0.015552946116818176,11.863,-0.01792497128295116,
size,A_iid_weibull,in_spec,75,0.75,True,0.0,,,c5_rank_autocorr,permutation,studentized,0.05,2000,2000,0,0,0.043,0.004536022486716748,63.2965,1.0,0.015552946116818176,11.863,-0.01792497128295116,
size,A_iid_weibull,in_spec,75,0.75,True,0.0,,,c5_rank_autocorr,permutation,unstudentized,0.05,2000,2000,0,0,0.041,0.004433903472111228,63.2965,1.0,0.015552946116818176,11.863,-0.01792497128295116,
size,A_iid_weibull,in_spec,75,0.75,True,0.0,,,c6_exchangeability,permutation,,0.05,2000,2000,0,0,0.0425,0.0045107510461119445,63.2965,1.0,0.015552946116818176,11.863,-0.01792497128295116,
size,A_iid_weibull,in_spec,75,0.75,True,0.0,,,cvm_cramer_von_mises,asymptotic,,0.05,2000,2000,0,0,0.048,0.0047799581588126895,63.2965,1.0,0.015552946116818176,11.863,-0.01792497128295116,
size,A_iid_weibull,in_spec,75,0.75,True,0.0,,,cvm_cramer_von_mises,permutation,,0.05,2000,2000,0,0,0.05,0.004873397172404482,63.2965,1.0,0.015552946116818176,11.863,-0.01792497128295116,
size,A_iid_weibull,in_spec,75,0.75,True,0.03,,,c1_lewis_robinson,asymptotic,,0.05,2000,2000,0,0,0.0555,0.005119558086397693,64.4715,2.0,0.0300880828625802,11.671,-0.009648185251115169,
size,A_iid_weibull,in_spec,75,0.75,True,0.03,,,c1_lewis_robinson,permutation,,0.05,2000,2000,0,0,0.0415,0.004459694496263169,64.4715,2.0,0.0300880828625802,11.671,-0.009648185251115169,
size,A_iid_weibull,in_spec,75,0.75,True,0.03,,,c2_anderson_darling,permutation,,0.05,2000,2000,0,0,0.0495,0.004850244839180801,64.4715,2.0,0.0300880828625802,11.671,-0.009648185251115169,
size,A_iid_weibull,in_spec,75,0.75,True,0.03,,,c5_rank_autocorr,permutation,studentized,0.05,2000,2000,0,0,0.048,0.0047799581588126895,64.4715,2.0,0.0300880828625802,11.671,-0.009648185251115169,
size,A_iid_weibull,in_spec,75,0.75,True,0.03,,,c5_rank_autocorr,permutation,unstudentized,0.05,2000,2000,0,0,0.048,0.0047799581588126895,64.4715,2.0,0.0300880828625802,11.671,-0.009648185251115169,
size,A_iid_weibull,in_spec,75,0.75,True,0.03,,,c6_exchangeability,permutation,,0.05,2000,2000,0,0,0.048,0.0047799581588126895,64.4715,2.0,0.0300880828625802,11.671,-0.009648185251115169,
size,A_iid_weibull,in_spec,75,0.75,True,0.03,,,cvm_cramer_von_mises,permutation,,0.05,2000,2000,0,0,0.05,0.004873397172404482,64.4715,2.0,0.0300880828625802,11.671,-0.009648185251115169,
size,A_iid_weibull,in_spec,75,0.75,True,0.25,,,c1_lewis_robinson,asymptotic,,0.05,2000,1615,385,0,0.39195046439628484,0.012147832887950578,66.95851393188855,13.800619195046439,0.17088617300231548,9.014241486068112,-0.04966883907797925,"ValueError: gamma_hat is zero: every gap is identical, so the statistic it scales is undefined. A fully quantised duration vector (every window one read long) r"
size,A_iid_weibull,in_spec,75,0.75,True,0.25,,,c1_lewis_robinson,permutation,,0.05,2000,1615,385,0,0.04396284829721362,0.005101454674275787,66.95851393188855,13.800619195046439,0.17088617300231548,9.014241486068112,-0.04966883907797925,"ValueError: gamma_hat is zero: every gap is identical, so the statistic it scales is undefined. A fully quantised duration vector (every window one read long) r"
size,A_iid_weibull,in_spec,75,0.75,True,0.25,,,c2_anderson_darling,permutation,,0.05,2000,1615,385,0,0.04767801857585139,0.005302305423029789,66.95851393188855,13.800619195046439,0.17088617300231548,9.014241486068112,-0.04966883907797925,"ValueError: gamma_hat is zero: every gap is identical, so the statistic it scales is undefined. A fully quantised duration vector (every window one read long) r"
size,A_iid_weibull,in_spec,75,0.75,True,0.25,,,c5_rank_autocorr,permutation,studentized,0.05,2000,1615,385,0,0.04148606811145511,0.0049620837443693205,66.95851393188855,13.800619195046439,0.17088617300231548,9.014241486068112,-0.04966883907797925,"ValueError: gamma_hat is zero: every gap is identical, so the statistic it scales is undefined. A fully quantised duration vector (every window one read long) r"
size,A_iid_weibull,in_spec,75,0.75,True,0.25,,,c5_rank_autocorr,permutation,unstudentized,0.05,2000,1615,385,0,0.043343653250773995,0.005067041624024608,66.95851393188855,13.800619195046439,0.17088617300231548,9.014241486068112,-0.04966883907797925,"ValueError: gamma_hat is zero: every gap is identical, so the statistic it scales is undefined. A fully quantised duration vector (every window one read long) r"
size,A_iid_weibull,in_spec,75,0.75,True,0.25,,,c6_exchangeability,permutation,,0.05,2000,1615,385,0,0.04520123839009288,0.005169455806589477,66.95851393188855,13.800619195046439,0.17088617300231548,9.014241486068112,-0.04966883907797925,"ValueError: gamma_hat is zero: every gap is identical, so the statistic it scales is undefined. A fully quantised duration vector (every window one read long) r"
size,A_iid_weibull,in_spec,75,0.75,True,0.25,,,cvm_cramer_von_mises,permutation,,0.05,2000,1615,385,0,0.05386996904024768,0.0056177513584711085,66.95851393188855,13.800619195046439,0.17088617300231548,9.014241486068112,-0.04966883907797925,"ValueError: gamma_hat is zero: every gap is identical, so the statistic it scales is undefined. A fully quantised duration vector (every window one read long) r"
size,D_trp_power_law,in_spec,75,0.75,False,0.0,,1.0,c1_lewis_robinson,asymptotic,,0.05,2000,2000,0,0,0.0575,0.005205465877325487,75.6535,1.0,0.013045718721258651,75.6535,-0.015173949251909841,
size,D_trp_power_law,in_spec,75,0.75,False,0.0,,1.0,c1_lewis_robinson,permutation,,0.05,2000,2000,0,0,0.056,0.005141206084179081,75.6535,1.0,0.013045718721258651,75.6535,-0.015173949251909841,
size,D_trp_power_law,in_spec,75,0.75,False,0.0,,1.0,c2_anderson_darling,asymptotic,,0.05,2000,2000,0,0,0.054,0.005053909377897471,75.6535,1.0,0.013045718721258651,75.6535,-0.015173949251909841,
size,D_trp_power_law,in_spec,75,0.75,False,0.0,,1.0,c2_anderson_darling,permutation,,0.05,2000,2000,0,0,0.052,0.004964675215963275,75.6535,1.0,0.013045718721258651,75.6535,-0.015173949251909841,
size,D_trp_power_law,in_spec,75,0.75,False,0.0,,1.0,c5_rank_autocorr,permutation,studentized,0.05,2000,2000,0,0,0.0505,0.00489641450451246,75.6535,1.0,0.013045718721258651,75.6535,-0.015173949251909841,
size,D_trp_power_law,in_spec,75,0.75,False,0.0,,1.0,c5_rank_autocorr,permutation,unstudentized,0.05,2000,2000,0,0,0.0475,0.004756245893559331,75.6535,1.0,0.013045718721258651,75.6535,-0.015173949251909841,
size,D_trp_power_law,in_spec,75,0.75,False,0.0,,1.0,c6_exchangeability,permutation,,0.05,2000,2000,0,0,0.0435,0.004561126505590478,75.6535,1.0,0.013045718721258651,75.6535,-0.015173949251909841,
size,D_trp_power_law,in_spec,75,0.75,False,0.0,,1.0,cvm_cramer_von_mises,asymptotic,,0.05,2000,2000,0,0,0.0535,0.005031786462082826,75.6535,1.0,0.013045718721258651,75.6535,-0.015173949251909841,
size,D_trp_power_law,in_spec,75,0.75,False,0.0,,1.0,cvm_cramer_von_mises,permutation,,0.05,2000,2000,0,0,0.0555,0.005119558086397693,75.6535,1.0,0.013045718721258651,75.6535,-0.015173949251909841,
size,D_trp_power_law,in_spec,75,0.75,False,0.03,,1.0,c1_lewis_robinson,asymptotic,,0.05,2000,2000,0,0,0.0575,0.005205465877325487,76.291,2.0,0.02554572045318108,76.291,-0.014211416653002878,
size,D_trp_power_law,in_spec,75,0.75,False,0.03,,1.0,c1_lewis_robinson,permutation,,0.05,2000,2000,0,0,0.0495,0.004850244839180801,76.291,2.0,0.02554572045318108,76.291,-0.014211416653002878,
size,D_trp_power_law,in_spec,75,0.75,False,0.03,,1.0,c2_anderson_darling,permutation,,0.05,2000,2000,0,0,0.046,0.00468422885862764,76.291,2.0,0.02554572045318108,76.291,-0.014211416653002878,
size,D_trp_power_law,in_spec,75,0.75,False,0.03,,1.0,c5_rank_autocorr,permutation,studentized,0.05,2000,2000,0,0,0.0475,0.004756245893559331,76.291,2.0,0.02554572045318108,76.291,-0.014211416653002878,
size,D_trp_power_law,in_spec,75,0.75,False,0.03,,1.0,c5_rank_autocorr,permutation,unstudentized,0.05,2000,2000,0,0,0.0445,0.004610843198374892,76.291,2.0,0.02554572045318108,76.291,-0.014211416653002878,
size,D_trp_power_law,in_spec,75,0.75,False,0.03,,1.0,c6_exchangeability,permutation,,0.05,2000,2000,0,0,0.0465,0.004708383480558906,76.291,2.0,0.02554572045318108,76.291,-0.014211416653002878,
size,D_trp_power_law,in_spec,75,0.75,False,0.03,,1.0,cvm_cramer_von_mises,permutation,,0.05,2000,2000,0,0,0.048,0.0047799581588126895,76.291,2.0,0.02554572045318108,76.291,-0.014211416653002878,
size,D_trp_power_law,in_spec,75,0.75,False,0.25,,1.0,c1_lewis_robinson,asymptotic,,0.05,2000,2000,0,0,0.375,0.010825317547305483,79.88,13.8675,0.14792394463852368,79.88,-0.044711272863411894,
size,D_trp_power_law,in_spec,75,0.75,False,0.25,,1.0,c1_lewis_robinson,permutation,,0.05,2000,2000,0,0,0.0435,0.004561126505590478,79.88,13.8675,0.14792394463852368,79.88,-0.044711272863411894,
size,D_trp_power_law,in_spec,75,0.75,False,0.25,,1.0,c2_anderson_darling,permutation,,0.05,2000,2000,0,0,0.0475,0.004756245893559331,79.88,13.8675,0.14792394463852368,79.88,-0.044711272863411894,
size,D_trp_power_law,in_spec,75,0.75,False,0.25,,1.0,c5_rank_autocorr,permutation,studentized,0.05,2000,2000,0,0,0.0425,0.0045107510461119445,79.88,13.8675,0.14792394463852368,79.88,-0.044711272863411894,
size,D_trp_power_law,in_spec,75,0.75,False,0.25,,1.0,c5_rank_autocorr,permutation,unstudentized,0.05,2000,2000,0,0,0.0515,0.004942051699446294,79.88,13.8675,0.14792394463852368,79.88,-0.044711272863411894,
size,D_trp_power_law,in_spec,75,0.75,False,0.25,,1.0,c6_exchangeability,permutation,,0.05,2000,2000,0,0,0.0515,0.004942051699446294,79.88,13.8675,0.14792394463852368,79.88,-0.044711272863411894,
size,D_trp_power_law,in_spec,75,0.75,False,0.25,,1.0,cvm_cramer_von_mises,permutation,,0.05,2000,2000,0,0,0.046,0.00468422885862764,79.88,13.8675,0.14792394463852368,79.88,-0.044711272863411894,
size,E_copula_ar1_durations,in_spec,75,0.75,False,0.0,0.0,,c1_lewis_robinson,asymptotic,,0.05,2000,2000,0,0,0.045,0.004635461142108733,75.508,1.0,0.01307052857217546,75.508,-0.014419896142558966,
size,E_copula_ar1_durations,in_spec,75,0.75,False,0.0,0.0,,c1_lewis_robinson,permutation,,0.05,2000,2000,0,0,0.0445,0.004610843198374892,75.508,1.0,0.01307052857217546,75.508,-0.014419896142558966,
size,E_copula_ar1_durations,in_spec,75,0.75,False,0.0,0.0,,c2_anderson_darling,asymptotic,,0.05,2000,2000,0,0,0.041,0.004433903472111228,75.508,1.0,0.01307052857217546,75.508,-0.014419896142558966,
size,E_copula_ar1_durations,in_spec,75,0.75,False,0.0,0.0,,c2_anderson_darling,permutation,,0.05,2000,2000,0,0,0.0465,0.004708383480558906,75.508,1.0,0.01307052857217546,75.508,-0.014419896142558966,
size,E_copula_ar1_durations,in_spec,75,0.75,False,0.0,0.0,,c5_rank_autocorr,permutation,studentized,0.05,2000,2000,0,0,0.0445,0.004610843198374892,75.508,1.0,0.01307052857217546,75.508,-0.014419896142558966,
size,E_copula_ar1_durations,in_spec,75,0.75,False,0.0,0.0,,c5_rank_autocorr,permutation,unstudentized,0.05,2000,2000,0,0,0.051,0.004919298730510275,75.508,1.0,0.01307052857217546,75.508,-0.014419896142558966,
size,E_copula_ar1_durations,in_spec,75,0.75,False,0.0,0.0,,c6_exchangeability,permutation,,0.05,2000,2000,0,0,0.05,0.004873397172404482,75.508,1.0,0.01307052857217546,75.508,-0.014419896142558966,
size,E_copula_ar1_durations,in_spec,75,0.75,False,0.0,0.0,,cvm_cramer_von_mises,asymptotic,,0.05,2000,2000,0,0,0.0475,0.004756245893559331,75.508,1.0,0.01307052857217546,75.508,-0.014419896142558966,
size,E_copula_ar1_durations,in_spec,75,0.75,False,0.0,0.0,,cvm_cramer_von_mises,permutation,,0.05,2000,2000,0,0,0.0495,0.004850244839180801,75.508,1.0,0.01307052857217546,75.508,-0.014419896142558966,
size,A_iid_weibull,in_spec,75,1.5,False,0.0,,,c1_lewis_robinson,asymptotic,,0.05,2000,2000,0,0,0.041,0.004433903472111228,74.6065,1.0,0.013226376039097168,74.6065,-0.013882532094462757,
size,A_iid_weibull,in_spec,75,1.5,False,0.0,,,c1_lewis_robinson,permutation,,0.05,2000,2000,0,0,0.04,0.004381780460041329,74.6065,1.0,0.013226376039097168,74.6065,-0.013882532094462757,
size,A_iid_weibull,in_spec,75,1.5,False,0.0,,,c2_anderson_darling,asymptotic,,0.05,2000,2000,0,0,0.0475,0.004756245893559331,74.6065,1.0,0.013226376039097168,74.6065,-0.013882532094462757,
size,A_iid_weibull,in_spec,75,1.5,False,0.0,,,c2_anderson_darling,permutation,,0.05,2000,2000,0,0,0.0415,0.004459694496263169,74.6065,1.0,0.013226376039097168,74.6065,-0.013882532094462757,
size,A_iid_weibull,in_spec,75,1.5,False,0.0,,,c5_rank_autocorr,permutation,studentized,0.05,2000,2000,0,0,0.0435,0.004561126505590478,74.6065,1.0,0.013226376039097168,74.6065,-0.013882532094462757,
size,A_iid_weibull,in_spec,75,1.5,False,0.0,,,c5_rank_autocorr,permutation,unstudentized,0.05,2000,2000,0,0,0.046,0.00468422885862764,74.6065,1.0,0.013226376039097168,74.6065,-0.013882532094462757,
size,A_iid_weibull,in_spec,75,1.5,False,0.0,,,c6_exchangeability,permutation,,0.05,2000,2000,0,0,0.0525,0.004987171041783107,74.6065,1.0,0.013226376039097168,74.6065,-0.013882532094462757,
size,A_iid_weibull,in_spec,75,1.5,False,0.0,,,cvm_cramer_von_mises,asymptotic,,0.05,2000,2000,0,0,0.045,0.004635461142108733,74.6065,1.0,0.013226376039097168,74.6065,-0.013882532094462757,
size,A_iid_weibull,in_spec,75,1.5,False,0.0,,,cvm_cramer_von_mises,permutation,,0.05,2000,2000,0,0,0.0435,0.004561126505590478,74.6065,1.0,0.013226376039097168,74.6065,-0.013882532094462757,
size,A_iid_weibull,in_spec,75,1.5,False,0.03,,,c1_lewis_robinson,asymptotic,,0.05,2000,2000,0,0,0.0505,0.00489641450451246,74.1865,2.0,0.02625136999337153,74.1865,-0.010906553658684792,
size,A_iid_weibull,in_spec,75,1.5,False,0.03,,,c1_lewis_robinson,permutation,,0.05,2000,2000,0,0,0.0475,0.004756245893559331,74.1865,2.0,0.02625136999337153,74.1865,-0.010906553658684792,
size,A_iid_weibull,in_spec,75,1.5,False,0.03,,,c2_anderson_darling,permutation,,0.05,2000,2000,0,0,0.052,0.004964675215963275,74.1865,2.0,0.02625136999337153,74.1865,-0.010906553658684792,
size,A_iid_weibull,in_spec,75,1.5,False,0.03,,,c5_rank_autocorr,permutation,studentized,0.05,2000,2000,0,0,0.0555,0.005119558086397693,74.1865,2.0,0.02625136999337153,74.1865,-0.010906553658684792,
size,A_iid_weibull,in_spec,75,1.5,False,0.03,,,c5_rank_autocorr,permutation,unstudentized,0.05,2000,2000,0,0,0.05,0.004873397172404482,74.1865,2.0,0.02625136999337153,74.1865,-0.010906553658684792,
size,A_iid_weibull,in_spec,75,1.5,False,0.03,,,c6_exchangeability,permutation,,0.05,2000,2000,0,0,0.0485,0.004803527349771208,74.1865,2.0,0.02625136999337153,74.1865,-0.010906553658684792,
size,A_iid_weibull,in_spec,75,1.5,False,0.03,,,cvm_cramer_von_mises,permutation,,0.05,2000,2000,0,0,0.0535,0.005031786462082826,74.1865,2.0,0.02625136999337153,74.1865,-0.010906553658684792,
size,A_iid_weibull,in_spec,75,1.5,False,0.25,,,c1_lewis_robinson,asymptotic,,0.05,2000,2000,0,0,0.5305,0.011159519478902306,70.8795,14.9085,0.17378304657994126,70.8795,-0.030666076606092028,
size,A_iid_weibull,in_spec,75,1.5,False,0.25,,,c1_lewis_robinson,permutation,,0.05,2000,2000,0,0,0.0455,0.004659922209651144,70.8795,14.9085,0.17378304657994126,70.8795,-0.030666076606092028,
size,A_iid_weibull,in_spec,75,1.5,False,0.25,,,c2_anderson_darling,permutation,,0.05,2000,2000,0,0,0.049,0.0048269555622566076,70.8795,14.9085,0.17378304657994126,70.8795,-0.030666076606092028,
size,A_iid_weibull,in_spec,75,1.5,False,0.25,,,c5_rank_autocorr,permutation,studentized,0.05,2000,2000,0,0,0.0545,0.005075911248239078,70.8795,14.9085,0.17378304657994126,70.8795,-0.030666076606092028,
size,A_iid_weibull,in_spec,75,1.5,False,0.25,,,c5_rank_autocorr,permutation,unstudentized,0.05,2000,2000,0,0,0.041,0.004433903472111228,70.8795,14.9085,0.17378304657994126,70.8795,-0.030666076606092028,
size,A_iid_weibull,in_spec,75,1.5,False,0.25,,,c6_exchangeability,permutation,,0.05,2000,2000,0,0,0.0405,0.004407933189148856,70.8795,14.9085,0.17378304657994126,70.8795,-0.030666076606092028,
size,A_iid_weibull,in_spec,75,1.5,False,0.25,,,cvm_cramer_von_mises,permutation,,0.05,2000,2000,0,0,0.052,0.004964675215963275,70.8795,14.9085,0.17378304657994126,70.8795,-0.030666076606092028,
size,A_iid_weibull,in_spec,75,1.5,True,0.0,,,c1_lewis_robinson,asymptotic,,0.05,2000,2000,0,0,0.053,0.005009540897128199,64.1875,1.0,0.015340364333652923,8.848,-0.01677856010493168,
size,A_iid_weibull,in_spec,75,1.5,True,0.0,,,c1_lewis_robinson,permutation,,0.05,2000,2000,0,0,0.045,0.004635461142108733,64.1875,1.0,0.015340364333652923,8.848,-0.01677856010493168,
size,A_iid_weibull,in_spec,75,1.5,True,0.0,,,c2_anderson_darling,asymptotic,,0.05,2000,2000,0,0,0.0505,0.00489641450451246,64.1875,1.0,0.015340364333652923,8.848,-0.01677856010493168,
size,A_iid_weibull,in_spec,75,1.5,True,0.0,,,c2_anderson_darling,permutation,,0.05,2000,2000,0,0,0.0485,0.004803527349771208,64.1875,1.0,0.015340364333652923,8.848,-0.01677856010493168,
size,A_iid_weibull,in_spec,75,1.5,True,0.0,,,c5_rank_autocorr,permutation,studentized,0.05,2000,2000,0,0,0.0415,0.004459694496263169,64.1875,1.0,0.015340364333652923,8.848,-0.01677856010493168,
size,A_iid_weibull,in_spec,75,1.5,True,0.0,,,c5_rank_autocorr,permutation,unstudentized,0.05,2000,2000,0,0,0.0425,0.0045107510461119445,64.1875,1.0,0.015340364333652923,8.848,-0.01677856010493168,
size,A_iid_weibull,in_spec,75,1.5,True,0.0,,,c6_exchangeability,permutation,,0.05,2000,2000,0,0,0.0465,0.004708383480558906,64.1875,1.0,0.015340364333652923,8.848,-0.01677856010493168,
size,A_iid_weibull,in_spec,75,1.5,True,0.0,,,cvm_cramer_von_mises,asymptotic,,0.05,2000,2000,0,0,0.0505,0.00489641450451246,64.1875,1.0,0.015340364333652923,8.848,-0.01677856010493168,
size,A_iid_weibull,in_spec,75,1.5,True,0.0,,,cvm_cramer_von_mises,permutation,,0.05,2000,2000,0,0,0.046,0.00468422885862764,64.1875,1.0,0.015340364333652923,8.848,-0.01677856010493168,
size,A_iid_weibull,in_spec,75,1.5,True,0.03,,,c1_lewis_robinson,asymptotic,,0.05,2000,2000,0,0,0.0675,0.005609979946488223,63.9035,2.0,0.030347401883056284,8.845,-0.018070511646465334,
size,A_iid_weibull,in_spec,75,1.5,True,0.03,,,c1_lewis_robinson,permutation,,0.05,2000,2000,0,0,0.054,0.005053909377897471,63.9035,2.0,0.030347401883056284,8.845,-0.018070511646465334,
size,A_iid_weibull,in_spec,75,1.5,True,0.03,,,c2_anderson_darling,permutation,,0.05,2000,2000,0,0,0.054,0.005053909377897471,63.9035,2.0,0.030347401883056284,8.845,-0.018070511646465334,
size,A_iid_weibull,in_spec,75,1.5,True,0.03,,,c5_rank_autocorr,permutation,studentized,0.05,2000,2000,0,0,0.0525,0.004987171041783107,63.9035,2.0,0.030347401883056284,8.845,-0.018070511646465334,
size,A_iid_weibull,in_spec,75,1.5,True,0.03,,,c5_rank_autocorr,permutation,unstudentized,0.05,2000,2000,0,0,0.052,0.004964675215963275,63.9035,2.0,0.030347401883056284,8.845,-0.018070511646465334,
size,A_iid_weibull,in_spec,75,1.5,True,0.03,,,c6_exchangeability,permutation,,0.05,2000,2000,0,0,0.058,0.0052266624149642565,63.9035,2.0,0.030347401883056284,8.845,-0.018070511646465334,
size,A_iid_weibull,in_spec,75,1.5,True,0.03,,,cvm_cramer_von_mises,permutation,,0.05,2000,2000,0,0,0.054,0.005053909377897471,63.9035,2.0,0.030347401883056284,8.845,-0.018070511646465334,
size,A_iid_weibull,in_spec,75,1.5,True,0.25,,,c1_lewis_robinson,asymptotic,,0.05,2000,1630,370,0,0.654601226993865,0.011777551189950167,61.41288343558282,14.863803680981595,0.19486692779757261,8.14355828220859,-0.039378621346794505,"ValueError: gamma_hat is zero: every gap is identical, so the statistic it scales is undefined. A fully quantised duration vector (every window one read long) r"
size,A_iid_weibull,in_spec,75,1.5,True,0.25,,,c1_lewis_robinson,permutation,,0.05,2000,1630,370,0,0.046625766871165646,0.005222168692181049,61.41288343558282,14.863803680981595,0.19486692779757261,8.14355828220859,-0.039378621346794505,"ValueError: gamma_hat is zero: every gap is identical, so the statistic it scales is undefined. A fully quantised duration vector (every window one read long) r"
size,A_iid_weibull,in_spec,75,1.5,True,0.25,,,c2_anderson_darling,permutation,,0.05,2000,1630,370,0,0.04785276073619632,0.005287029738105109,61.41288343558282,14.863803680981595,0.19486692779757261,8.14355828220859,-0.039378621346794505,"ValueError: gamma_hat is zero: every gap is identical, so the statistic it scales is undefined. A fully quantised duration vector (every window one read long) r"
size,A_iid_weibull,in_spec,75,1.5,True,0.25,,,c5_rank_autocorr,permutation,studentized,0.05,2000,1630,370,0,0.03496932515337423,0.0045500941439523355,61.41288343558282,14.863803680981595,0.19486692779757261,8.14355828220859,-0.039378621346794505,"ValueError: gamma_hat is zero: every gap is identical, so the statistic it scales is undefined. A fully quantised duration vector (every window one read long) r"
size,A_iid_weibull,in_spec,75,1.5,True,0.25,,,c5_rank_autocorr,permutation,unstudentized,0.05,2000,1630,370,0,0.048466257668711654,0.005319098563805097,61.41288343558282,14.863803680981595,0.19486692779757261,8.14355828220859,-0.039378621346794505,"ValueError: gamma_hat is zero: every gap is identical, so the statistic it scales is undefined. A fully quantised duration vector (every window one read long) r"
size,A_iid_weibull,in_spec,75,1.5,True,0.25,,,c6_exchangeability,permutation,,0.05,2000,1630,370,0,0.05276073619631902,0.00553721602395238,61.41288343558282,14.863803680981595,0.19486692779757261,8.14355828220859,-0.039378621346794505,"ValueError: gamma_hat is zero: every gap is identical, so the statistic it scales is undefined. A fully quantised duration vector (every window one read long) r"
size,A_iid_weibull,in_spec,75,1.5,True,0.25,,,cvm_cramer_von_mises,permutation,,0.05,2000,1630,370,0,0.04969325153374233,0.005382534370435944,61.41288343558282,14.863803680981595,0.19486692779757261,8.14355828220859,-0.039378621346794505,"ValueError: gamma_hat is zero: every gap is identical, so the statistic it scales is undefined. A fully quantised duration vector (every window one read long) r"
size,D_trp_power_law,in_spec,75,1.5,False,0.0,,1.0,c1_lewis_robinson,asymptotic,,0.05,2000,2000,0,0,0.053,0.005009540897128199,74.8095,1.0,0.013190958916758453,74.8095,-0.012507251901257913,
size,D_trp_power_law,in_spec,75,1.5,False,0.0,,1.0,c1_lewis_robinson,permutation,,0.05,2000,2000,0,0,0.051,0.004919298730510275,74.8095,1.0,0.013190958916758453,74.8095,-0.012507251901257913,
size,D_trp_power_law,in_spec,75,1.5,False,0.0,,1.0,c2_anderson_darling,asymptotic,,0.05,2000,2000,0,0,0.055,0.005097793640389928,74.8095,1.0,0.013190958916758453,74.8095,-0.012507251901257913,
size,D_trp_power_law,in_spec,75,1.5,False,0.0,,1.0,c2_anderson_darling,permutation,,0.05,2000,2000,0,0,0.053,0.005009540897128199,74.8095,1.0,0.013190958916758453,74.8095,-0.012507251901257913,
size,D_trp_power_law,in_spec,75,1.5,False,0.0,,1.0,c5_rank_autocorr,permutation,studentized,0.05,2000,2000,0,0,0.047,0.00473238840333293,74.8095,1.0,0.013190958916758453,74.8095,-0.012507251901257913,
size,D_trp_power_law,in_spec,75,1.5,False,0.0,,1.0,c5_rank_autocorr,permutation,unstudentized,0.05,2000,2000,0,0,0.0465,0.004708383480558906,74.8095,1.0,0.013190958916758453,74.8095,-0.012507251901257913,
size,D_trp_power_law,in_spec,75,1.5,False,0.0,,1.0,c6_exchangeability,permutation,,0.05,2000,2000,0,0,0.0495,0.004850244839180801,74.8095,1.0,0.013190958916758453,74.8095,-0.012507251901257913,
size,D_trp_power_law,in_spec,75,1.5,False,0.0,,1.0,cvm_cramer_von_mises,asymptotic,,0.05,2000,2000,0,0,0.055,0.005097793640389928,74.8095,1.0,0.013190958916758453,74.8095,-0.012507251901257913,
size,D_trp_power_law,in_spec,75,1.5,False,0.0,,1.0,cvm_cramer_von_mises,permutation,,0.05,2000,2000,0,0,0.051,0.004919298730510275,74.8095,1.0,0.013190958916758453,74.8095,-0.012507251901257913,
size,D_trp_power_law,in_spec,75,1.5,False,0.03,,1.0,c1_lewis_robinson,asymptotic,,0.05,2000,2000,0,0,0.052,0.004964675215963275,74.761,2.0,0.026054897669389405,74.761,-0.013494744231982327,
size,D_trp_power_law,in_spec,75,1.5,False,0.03,,1.0,c1_lewis_robinson,permutation,,0.05,2000,2000,0,0,0.044,0.0045860658521220555,74.761,2.0,0.026054897669389405,74.761,-0.013494744231982327,
size,D_trp_power_law,in_spec,75,1.5,False,0.03,,1.0,c2_anderson_darling,permutation,,0.05,2000,2000,0,0,0.0415,0.004459694496263169,74.761,2.0,0.026054897669389405,74.761,-0.013494744231982327,
size,D_trp_power_law,in_spec,75,1.5,False,0.03,,1.0,c5_rank_autocorr,permutation,studentized,0.05,2000,2000,0,0,0.053,0.005009540897128199,74.761,2.0,0.026054897669389405,74.761,-0.013494744231982327,
size,D_trp_power_law,in_spec,75,1.5,False,0.03,,1.0,c5_rank_autocorr,permutation,unstudentized,0.05,2000,2000,0,0,0.0505,0.00489641450451246,74.761,2.0,0.026054897669389405,74.761,-0.013494744231982327,
size,D_trp_power_law,in_spec,75,1.5,False,0.03,,1.0,c6_exchangeability,permutation,,0.05,2000,2000,0,0,0.0535,0.005031786462082826,74.761,2.0,0.026054897669389405,74.761,-0.013494744231982327,
size,D_trp_power_law,in_spec,75,1.5,False,0.03,,1.0,cvm_cramer_von_mises,permutation,,0.05,2000,2000,0,0,0.0405,0.004407933189148856,74.761,2.0,0.026054897669389405,74.761,-0.013494744231982327,
size,D_trp_power_law,in_spec,75,1.5,False,0.25,,1.0,c1_lewis_robinson,asymptotic,,0.05,2000,2000,0,0,0.531,0.011158830583891844,70.675,14.904,0.17415487444349667,70.675,-0.03643309680942802,
size,D_trp_power_law,in_spec,75,1.5,False,0.25,,1.0,c1_lewis_robinson,permutation,,0.05,2000,2000,0,0,0.0525,0.004987171041783107,70.675,14.904,0.17415487444349667,70.675,-0.03643309680942802,
size,D_trp_power_law,in_spec,75,1.5,False,0.25,,1.0,c2_anderson_darling,permutation,,0.05,2000,2000,0,0,0.0505,0.00489641450451246,70.675,14.904,0.17415487444349667,70.675,-0.03643309680942802,
size,D_trp_power_law,in_spec,75,1.5,False,0.25,,1.0,c5_rank_autocorr,permutation,studentized,0.05,2000,2000,0,0,0.0535,0.005031786462082826,70.675,14.904,0.17415487444349667,70.675,-0.03643309680942802,
size,D_trp_power_law,in_spec,75,1.5,False,0.25,,1.0,c5_rank_autocorr,permutation,unstudentized,0.05,2000,2000,0,0,0.0535,0.005031786462082826,70.675,14.904,0.17415487444349667,70.675,-0.03643309680942802,
size,D_trp_power_law,in_spec,75,1.5,False,0.25,,1.0,c6_exchangeability,permutation,,0.05,2000,2000,0,0,0.051,0.004919298730510275,70.675,14.904,0.17415487444349667,70.675,-0.03643309680942802,
size,D_trp_power_law,in_spec,75,1.5,False,0.25,,1.0,cvm_cramer_von_mises,permutation,,0.05,2000,2000,0,0,0.0505,0.00489641450451246,70.675,14.904,0.17415487444349667,70.675,-0.03643309680942802,
size,E_copula_ar1_durations,in_spec,75,1.5,False,0.0,0.0,,c1_lewis_robinson,asymptotic,,0.05,2000,2000,0,0,0.051,0.004919298730510275,74.827,1.0,0.013187914595065083,74.827,-0.013423125450876315,
size,E_copula_ar1_durations,in_spec,75,1.5,False,0.0,0.0,,c1_lewis_robinson,permutation,,0.05,2000,2000,0,0,0.052,0.004964675215963275,74.827,1.0,0.013187914595065083,74.827,-0.013423125450876315,
size,E_copula_ar1_durations,in_spec,75,1.5,False,0.0,0.0,,c2_anderson_darling,asymptotic,,0.05,2000,2000,0,0,0.0535,0.005031786462082826,74.827,1.0,0.013187914595065083,74.827,-0.013423125450876315,
size,E_copula_ar1_durations,in_spec,75,1.5,False,0.0,0.0,,c2_anderson_darling,permutation,,0.05,2000,2000,0,0,0.0525,0.004987171041783107,74.827,1.0,0.013187914595065083,74.827,-0.013423125450876315,
size,E_copula_ar1_durations,in_spec,75,1.5,False,0.0,0.0,,c5_rank_autocorr,permutation,studentized,0.05,2000,2000,0,0,0.0495,0.004850244839180801,74.827,1.0,0.013187914595065083,74.827,-0.013423125450876315,
size,E_copula_ar1_durations,in_spec,75,1.5,False,0.0,0.0,,c5_rank_autocorr,permutation,unstudentized,0.05,2000,2000,0,0,0.049,0.0048269555622566076,74.827,1.0,0.013187914595065083,74.827,-0.013423125450876315,
size,E_copula_ar1_durations,in_spec,75,1.5,False,0.0,0.0,,c6_exchangeability,permutation,,0.05,2000,2000,0,0,0.056,0.005141206084179081,74.827,1.0,0.013187914595065083,74.827,-0.013423125450876315,
size,E_copula_ar1_durations,in_spec,75,1.5,False,0.0,0.0,,cvm_cramer_von_mises,asymptotic,,0.05,2000,2000,0,0,0.0525,0.004987171041783107,74.827,1.0,0.013187914595065083,74.827,-0.013423125450876315,
size,E_copula_ar1_durations,in_spec,75,1.5,False,0.0,0.0,,cvm_cramer_von_mises,permutation,,0.05,2000,2000,0,0,0.0535,0.005031786462082826,74.827,1.0,0.013187914595065083,74.827,-0.013423125450876315,
size,B_iid_reads_carved,calendar,75,,False,0.0,,,c1_lewis_robinson,asymptotic,,0.05,2000,2000,0,0,0.048,0.0047799581588126895,76.4055,1.0,0.012918978625549863,8.7435,-0.009820488524219434,
size,B_iid_reads_carved,calendar,75,,False,0.0,,,c1_lewis_robinson,permutation,,0.05,2000,2000,0,0,0.045,0.004635461142108733,76.4055,1.0,0.012918978625549863,8.7435,-0.009820488524219434,
size,B_iid_reads_carved,calendar,75,,False,0.0,,,c2_anderson_darling,asymptotic,,0.05,2000,2000,0,0,0.0505,0.00489641450451246,76.4055,1.0,0.012918978625549863,8.7435,-0.009820488524219434,
size,B_iid_reads_carved,calendar,75,,False,0.0,,,c2_anderson_darling,permutation,,0.05,2000,2000,0,0,0.0445,0.004610843198374892,76.4055,1.0,0.012918978625549863,8.7435,-0.009820488524219434,
size,B_iid_reads_carved,calendar,75,,False,0.0,,,c5_rank_autocorr,permutation,studentized,0.05,2000,2000,0,0,0.0515,0.004942051699446294,76.4055,1.0,0.012918978625549863,8.7435,-0.009820488524219434,
size,B_iid_reads_carved,calendar,75,,False,0.0,,,c5_rank_autocorr,permutation,unstudentized,0.05,2000,2000,0,0,0.051,0.004919298730510275,76.4055,1.0,0.012918978625549863,8.7435,-0.009820488524219434,
size,B_iid_reads_carved,calendar,75,,False,0.0,,,c6_exchangeability,permutation,,0.05,2000,2000,0,0,0.0505,0.00489641450451246,76.4055,1.0,0.012918978625549863,8.7435,-0.009820488524219434,
size,B_iid_reads_carved,calendar,75,,False,0.0,,,cvm_cramer_von_mises,asymptotic,,0.05,2000,2000,0,0,0.0515,0.004942051699446294,76.4055,1.0,0.012918978625549863,8.7435,-0.009820488524219434,
size,B_iid_reads_carved,calendar,75,,False,0.0,,,cvm_cramer_von_mises,permutation,,0.05,2000,2000,0,0,0.0475,0.004756245893559331,76.4055,1.0,0.012918978625549863,8.7435,-0.009820488524219434,
size,B_iid_reads_carved,in_spec,75,,False,0.0,,,c5_rank_autocorr,permutation,studentized,0.05,2000,2000,0,0,0.0495,0.004850244839180801,77.0595,1.0,0.01281074052485604,6.5895,-0.017601617436571317,
size,B_iid_reads_carved,in_spec,75,,False,0.0,,,c5_rank_autocorr,permutation,unstudentized,0.05,2000,2000,0,0,0.0515,0.004942051699446294,77.0595,1.0,0.01281074052485604,6.5895,-0.017601617436571317,
size,B_iid_reads_carved,in_spec,75,,False,0.0,,,c6_exchangeability,permutation,,0.05,2000,2000,0,0,0.043,0.004536022486716748,77.0595,1.0,0.01281074052485604,6.5895,-0.017601617436571317,
size,B_iid_reads_carved,in_spec,75,,False,0.0,,,cvm_cramer_von_mises,permutation,,0.05,2000,2000,0,0,0.045,0.004635461142108733,77.0595,1.0,0.01281074052485604,6.5895,-0.017601617436571317,
size,C_ar1_reads_carved,calendar,75,,False,0.0,0.0,,c1_lewis_robinson,asymptotic,,0.05,2000,2000,0,0,0.047,0.00473238840333293,76.5915,1.0,0.01288800964023121,8.7165,-0.014216122023645405,
size,C_ar1_reads_carved,calendar,75,,False,0.0,0.0,,c1_lewis_robinson,permutation,,0.05,2000,2000,0,0,0.044,0.0045860658521220555,76.5915,1.0,0.01288800964023121,8.7165,-0.014216122023645405,
size,C_ar1_reads_carved,calendar,75,,False,0.0,0.0,,c2_anderson_darling,asymptotic,,0.05,2000,2000,0,0,0.053,0.005009540897128199,76.5915,1.0,0.01288800964023121,8.7165,-0.014216122023645405,
size,C_ar1_reads_carved,calendar,75,,False,0.0,0.0,,c2_anderson_darling,permutation,,0.05,2000,2000,0,0,0.0485,0.004803527349771208,76.5915,1.0,0.01288800964023121,8.7165,-0.014216122023645405,
size,C_ar1_reads_carved,calendar,75,,False,0.0,0.0,,c5_rank_autocorr,permutation,studentized,0.05,2000,2000,0,0,0.045,0.004635461142108733,76.5915,1.0,0.01288800964023121,8.7165,-0.014216122023645405,
size,C_ar1_reads_carved,calendar,75,,False,0.0,0.0,,c5_rank_autocorr,permutation,unstudentized,0.05,2000,2000,0,0,0.0445,0.004610843198374892,76.5915,1.0,0.01288800964023121,8.7165,-0.014216122023645405,
size,C_ar1_reads_carved,calendar,75,,False,0.0,0.0,,c6_exchangeability,permutation,,0.05,2000,2000,0,0,0.0445,0.004610843198374892,76.5915,1.0,0.01288800964023121,8.7165,-0.014216122023645405,
size,C_ar1_reads_carved,calendar,75,,False,0.0,0.0,,cvm_cramer_von_mises,asymptotic,,0.05,2000,2000,0,0,0.05,0.004873397172404482,76.5915,1.0,0.01288800964023121,8.7165,-0.014216122023645405,
size,C_ar1_reads_carved,calendar,75,,False,0.0,0.0,,cvm_cramer_von_mises,permutation,,0.05,2000,2000,0,0,0.0455,0.004659922209651144,76.5915,1.0,0.01288800964023121,8.7165,-0.014216122023645405,
size,C_ar1_reads_carved,in_spec,75,,False,0.0,0.0,,c5_rank_autocorr,permutation,studentized,0.05,2000,2000,0,0,0.0495,0.004850244839180801,77.0085,1.0,0.012819115865578752,6.573,-0.009490842941205673,
size,C_ar1_reads_carved,in_spec,75,,False,0.0,0.0,,c5_rank_autocorr,permutation,unstudentized,0.05,2000,2000,0,0,0.046,0.00468422885862764,77.0085,1.0,0.012819115865578752,6.573,-0.009490842941205673,
size,C_ar1_reads_carved,in_spec,75,,False,0.0,0.0,,c6_exchangeability,permutation,,0.05,2000,2000,0,0,0.0475,0.004756245893559331,77.0085,1.0,0.012819115865578752,6.573,-0.009490842941205673,
size,C_ar1_reads_carved,in_spec,75,,False,0.0,0.0,,cvm_cramer_von_mises,permutation,,0.05,2000,2000,0,0,0.0475,0.004756245893559331,77.0085,1.0,0.012819115865578752,6.573,-0.009490842941205673,
size,A_iid_weibull,in_spec,100,0.75,False,0.0,,,c1_lewis_robinson,asymptotic,,0.05,2000,2000,0,0,0.0505,0.00489641450451246,99.753,1.0,0.00992526277133187,99.753,-0.0078084163492147364,
size,A_iid_weibull,in_spec,100,0.75,False,0.0,,,c1_lewis_robinson,permutation,,0.05,2000,2000,0,0,0.046,0.00468422885862764,99.753,1.0,0.00992526277133187,99.753,-0.0078084163492147364,
size,A_iid_weibull,in_spec,100,0.75,False,0.0,,,c2_anderson_darling,asymptotic,,0.05,2000,2000,0,0,0.0495,0.004850244839180801,99.753,1.0,0.00992526277133187,99.753,-0.0078084163492147364,
size,A_iid_weibull,in_spec,100,0.75,False,0.0,,,c2_anderson_darling,permutation,,0.05,2000,2000,0,0,0.049,0.0048269555622566076,99.753,1.0,0.00992526277133187,99.753,-0.0078084163492147364,
size,A_iid_weibull,in_spec,100,0.75,False,0.0,,,c5_rank_autocorr,permutation,studentized,0.05,2000,2000,0,0,0.05,0.004873397172404482,99.753,1.0,0.00992526277133187,99.753,-0.0078084163492147364,
size,A_iid_weibull,in_spec,100,0.75,False,0.0,,,c5_rank_autocorr,permutation,unstudentized,0.05,2000,2000,0,0,0.046,0.00468422885862764,99.753,1.0,0.00992526277133187,99.753,-0.0078084163492147364,
size,A_iid_weibull,in_spec,100,0.75,False,0.0,,,c6_exchangeability,permutation,,0.05,2000,2000,0,0,0.053,0.005009540897128199,99.753,1.0,0.00992526277133187,99.753,-0.0078084163492147364,
size,A_iid_weibull,in_spec,100,0.75,False,0.0,,,cvm_cramer_von_mises,asymptotic,,0.05,2000,2000,0,0,0.051,0.004919298730510275,99.753,1.0,0.00992526277133187,99.753,-0.0078084163492147364,
size,A_iid_weibull,in_spec,100,0.75,False,0.0,,,cvm_cramer_von_mises,permutation,,0.05,2000,2000,0,0,0.0525,0.004987171041783107,99.753,1.0,0.00992526277133187,99.753,-0.0078084163492147364,
size,A_iid_weibull,in_spec,100,0.75,False,0.03,,,c1_lewis_robinson,asymptotic,,0.05,2000,2000,0,0,0.0675,0.005609979946488223,100.9455,3.0,0.028861278266014402,100.9455,-0.01446969116463599,
size,A_iid_weibull,in_spec,100,0.75,False,0.03,,,c1_lewis_robinson,permutation,,0.05,2000,2000,0,0,0.0515,0.004942051699446294,100.9455,3.0,0.028861278266014402,100.9455,-0.01446969116463599,
size,A_iid_weibull,in_spec,100,0.75,False,0.03,,,c2_anderson_darling,permutation,,0.05,2000,2000,0,0,0.042,0.004485309353879618,100.9455,3.0,0.028861278266014402,100.9455,-0.01446969116463599,
size,A_iid_weibull,in_spec,100,0.75,False,0.03,,,c5_rank_autocorr,permutation,studentized,0.05,2000,2000,0,0,0.0585,0.0052477495176503994,100.9455,3.0,0.028861278266014402,100.9455,-0.01446969116463599,
size,A_iid_weibull,in_spec,100,0.75,False,0.03,,,c5_rank_autocorr,permutation,unstudentized,0.05,2000,2000,0,0,0.0595,0.005289600646551685,100.9455,3.0,0.028861278266014402,100.9455,-0.01446969116463599,
size,A_iid_weibull,in_spec,100,0.75,False,0.03,,,c6_exchangeability,permutation,,0.05,2000,2000,0,0,0.06,0.0053103672189407005,100.9455,3.0,0.028861278266014402,100.9455,-0.01446969116463599,
size,A_iid_weibull,in_spec,100,0.75,False,0.03,,,cvm_cramer_von_mises,permutation,,0.05,2000,2000,0,0,0.0465,0.004708383480558906,100.9455,3.0,0.028861278266014402,100.9455,-0.01446969116463599,
size,A_iid_weibull,in_spec,100,0.75,False,0.25,,,c1_lewis_robinson,asymptotic,,0.05,2000,2000,0,0,0.4165,0.01102333320733797,106.678,18.501,0.14779635561875396,106.678,-0.04169332282356945,
size,A_iid_weibull,in_spec,100,0.75,False,0.25,,,c1_lewis_robinson,permutation,,0.05,2000,2000,0,0,0.0465,0.004708383480558906,106.678,18.501,0.14779635561875396,106.678,-0.04169332282356945,
size,A_iid_weibull,in_spec,100,0.75,False,0.25,,,c2_anderson_darling,permutation,,0.05,2000,2000,0,0,0.0405,0.004407933189148856,106.678,18.501,0.14779635561875396,106.678,-0.04169332282356945,
size,A_iid_weibull,in_spec,100,0.75,False,0.25,,,c5_rank_autocorr,permutation,studentized,0.05,2000,2000,0,0,0.05,0.004873397172404482,106.678,18.501,0.14779635561875396,106.678,-0.04169332282356945,
size,A_iid_weibull,in_spec,100,0.75,False,0.25,,,c5_rank_autocorr,permutation,unstudentized,0.05,2000,2000,0,0,0.049,0.0048269555622566076,106.678,18.501,0.14779635561875396,106.678,-0.04169332282356945,
size,A_iid_weibull,in_spec,100,0.75,False,0.25,,,c6_exchangeability,permutation,,0.05,2000,2000,0,0,0.0495,0.004850244839180801,106.678,18.501,0.14779635561875396,106.678,-0.04169332282356945,
size,A_iid_weibull,in_spec,100,0.75,False,0.25,,,cvm_cramer_von_mises,permutation,,0.05,2000,2000,0,0,0.043,0.004536022486716748,106.678,18.501,0.14779635561875396,106.678,-0.04169332282356945,
size,A_iid_weibull,in_spec,100,0.75,True,0.0,,,c1_lewis_robinson,asymptotic,,0.05,2000,2000,0,0,0.0495,0.004850244839180801,84.2695,1.0,0.011727522736734707,13.188,-0.013578966579599581,
size,A_iid_weibull,in_spec,100,0.75,True,0.0,,,c1_lewis_robinson,permutation,,0.05,2000,2000,0,0,0.0485,0.004803527349771208,84.2695,1.0,0.011727522736734707,13.188,-0.013578966579599581,
size,A_iid_weibull,in_spec,100,0.75,True,0.0,,,c2_anderson_darling,asymptotic,,0.05,2000,2000,0,0,0.05,0.004873397172404482,84.2695,1.0,0.011727522736734707,13.188,-0.013578966579599581,
size,A_iid_weibull,in_spec,100,0.75,True,0.0,,,c2_anderson_darling,permutation,,0.05,2000,2000,0,0,0.0505,0.00489641450451246,84.2695,1.0,0.011727522736734707,13.188,-0.013578966579599581,
size,A_iid_weibull,in_spec,100,0.75,True,0.0,,,c5_rank_autocorr,permutation,studentized,0.05,2000,2000,0,0,0.0495,0.004850244839180801,84.2695,1.0,0.011727522736734707,13.188,-0.013578966579599581,
size,A_iid_weibull,in_spec,100,0.75,True,0.0,,,c5_rank_autocorr,permutation,unstudentized,0.05,2000,2000,0,0,0.053,0.005009540897128199,84.2695,1.0,0.011727522736734707,13.188,-0.013578966579599581,
size,A_iid_weibull,in_spec,100,0.75,True,0.0,,,c6_exchangeability,permutation,,0.05,2000,2000,0,0,0.046,0.00468422885862764,84.2695,1.0,0.011727522736734707,13.188,-0.013578966579599581,
size,A_iid_weibull,in_spec,100,0.75,True,0.0,,,cvm_cramer_von_mises,asymptotic,,0.05,2000,2000,0,0,0.0455,0.004659922209651144,84.2695,1.0,0.011727522736734707,13.188,-0.013578966579599581,
size,A_iid_weibull,in_spec,100,0.75,True,0.0,,,cvm_cramer_von_mises,permutation,,0.05,2000,2000,0,0,0.0475,0.004756245893559331,84.2695,1.0,0.011727522736734707,13.188,-0.013578966579599581,
size,A_iid_weibull,in_spec,100,0.75,True,0.03,,,c1_lewis_robinson,asymptotic,,0.05,2000,2000,0,0,0.068,0.005629209535982827,85.15,3.0,0.03403289846851957,12.8915,-0.013607663778416455,
size,A_iid_weibull,in_spec,100,0.75,True,0.03,,,c1_lewis_robinson,permutation,,0.05,2000,2000,0,0,0.054,0.005053909377897471,85.15,3.0,0.03403289846851957,12.8915,-0.013607663778416455,
size,A_iid_weibull,in_spec,100,0.75,True,0.03,,,c2_anderson_darling,permutation,,0.05,2000,2000,0,0,0.0495,0.004850244839180801,85.15,3.0,0.03403289846851957,12.8915,-0.013607663778416455,
size,A_iid_weibull,in_spec,100,0.75,True,0.03,,,c5_rank_autocorr,permutation,studentized,0.05,2000,2000,0,0,0.057,0.00518415856238985,85.15,3.0,0.03403289846851957,12.8915,-0.013607663778416455,
size,A_iid_weibull,in_spec,100,0.75,True,0.03,,,c5_rank_autocorr,permutation,unstudentized,0.05,2000,2000,0,0,0.0485,0.004803527349771208,85.15,3.0,0.03403289846851957,12.8915,-0.013607663778416455,
size,A_iid_weibull,in_spec,100,0.75,True,0.03,,,c6_exchangeability,permutation,,0.05,2000,2000,0,0,0.051,0.004919298730510275,85.15,3.0,0.03403289846851957,12.8915,-0.013607663778416455,
size,A_iid_weibull,in_spec,100,0.75,True,0.03,,,cvm_cramer_von_mises,permutation,,0.05,2000,2000,0,0,0.048,0.0047799581588126895,85.15,3.0,0.03403289846851957,12.8915,-0.013607663778416455,
size,A_iid_weibull,in_spec,100,0.75,True,0.25,,,c1_lewis_robinson,asymptotic,,0.05,2000,1491,509,0,0.41582830315224684,0.012764048833432391,88.73507712944333,18.34875922199866,0.17134947576755896,9.740442655935613,-0.047318144995114005,"ValueError: gamma_hat is zero: every gap is identical, so the statistic it scales is undefined. A fully quantised duration vector (every window one read long) r"
size,A_iid_weibull,in_spec,100,0.75,True,0.25,,,c1_lewis_robinson,permutation,,0.05,2000,1491,509,0,0.04493628437290409,0.005365076647264904,88.73507712944333,18.34875922199866,0.17134947576755896,9.740442655935613,-0.047318144995114005,"ValueError: gamma_hat is zero: every gap is identical, so the statistic it scales is undefined. A fully quantised duration vector (every window one read long) r"
size,A_iid_weibull,in_spec,100,0.75,True,0.25,,,c2_anderson_darling,permutation,,0.05,2000,1491,509,0,0.04963112005365526,0.0056245051634717285,88.73507712944333,18.34875922199866,0.17134947576755896,9.740442655935613,-0.047318144995114005,"ValueError: gamma_hat is zero: every gap is identical, so the statistic it scales is undefined. A fully quantised duration vector (every window one read long) r"
size,A_iid_weibull,in_spec,100,0.75,True,0.25,,,c5_rank_autocorr,permutation,studentized,0.05,2000,1491,509,0,0.05030181086519115,0.005660382677130449,88.73507712944333,18.34875922199866,0.17134947576755896,9.740442655935613,-0.047318144995114005,"ValueError: gamma_hat is zero: every gap is identical, so the statistic it scales is undefined. A fully quantised duration vector (every window one read long) r"
size,A_iid_weibull,in_spec,100,0.75,True,0.25,,,c5_rank_autocorr,permutation,unstudentized,0.05,2000,1491,509,0,0.056338028169014086,0.005971318365781049,88.73507712944333,18.34875922199866,0.17134947576755896,9.740442655935613,-0.047318144995114005,"ValueError: gamma_hat is zero: every gap is identical, so the statistic it scales is undefined. A fully quantised duration vector (every window one read long) r"
size,A_iid_weibull,in_spec,100,0.75,True,0.25,,,c6_exchangeability,permutation,,0.05,2000,1491,509,0,0.05097250167672703,0.005695981248270217,88.73507712944333,18.34875922199866,0.17134947576755896,9.740442655935613,-0.047318144995114005,"ValueError: gamma_hat is zero: every gap is identical, so the statistic it scales is undefined. A fully quantised duration vector (every window one read long) r"
size,A_iid_weibull,in_spec,100,0.75,True,0.25,,,cvm_cramer_von_mises,permutation,,0.05,2000,1491,509,0,0.04896042924211938,0.005588343334811393,88.73507712944333,18.34875922199866,0.17134947576755896,9.740442655935613,-0.047318144995114005,"ValueError: gamma_hat is zero: every gap is identical, so the statistic it scales is undefined. A fully quantised duration vector (every window one read long) r"
size,D_trp_power_law,in_spec,100,0.75,False,0.0,,1.0,c1_lewis_robinson,asymptotic,,0.05,2000,2000,0,0,0.039,0.004328914413568372,100.617,1.0,0.009840873082259857,100.617,-0.013632790832363689,
size,D_trp_power_law,in_spec,100,0.75,False,0.0,,1.0,c1_lewis_robinson,permutation,,0.05,2000,2000,0,0,0.042,0.004485309353879618,100.617,1.0,0.009840873082259857,100.617,-0.013632790832363689,
size,D_trp_power_law,in_spec,100,0.75,False,0.0,,1.0,c2_anderson_darling,asymptotic,,0.05,2000,2000,0,0,0.0385,0.004302194207610809,100.617,1.0,0.009840873082259857,100.617,-0.013632790832363689,
size,D_trp_power_law,in_spec,100,0.75,False,0.0,,1.0,c2_anderson_darling,permutation,,0.05,2000,2000,0,0,0.0415,0.004459694496263169,100.617,1.0,0.009840873082259857,100.617,-0.013632790832363689,
size,D_trp_power_law,in_spec,100,0.75,False,0.0,,1.0,c5_rank_autocorr,permutation,studentized,0.05,2000,2000,0,0,0.056,0.005141206084179081,100.617,1.0,0.009840873082259857,100.617,-0.013632790832363689,
size,D_trp_power_law,in_spec,100,0.75,False,0.0,,1.0,c5_rank_autocorr,permutation,unstudentized,0.05,2000,2000,0,0,0.059,0.0052687284993630104,100.617,1.0,0.009840873082259857,100.617,-0.013632790832363689,
size,D_trp_power_law,in_spec,100,0.75,False,0.0,,1.0,c6_exchangeability,permutation,,0.05,2000,2000,0,0,0.0505,0.00489641450451246,100.617,1.0,0.009840873082259857,100.617,-0.013632790832363689,
size,D_trp_power_law,in_spec,100,0.75,False,0.0,,1.0,cvm_cramer_von_mises,asymptotic,,0.05,2000,2000,0,0,0.0375,0.004248161366991607,100.617,1.0,0.009840873082259857,100.617,-0.013632790832363689,
size,D_trp_power_law,in_spec,100,0.75,False,0.0,,1.0,cvm_cramer_von_mises,permutation,,0.05,2000,2000,0,0,0.042,0.004485309353879618,100.617,1.0,0.009840873082259857,100.617,-0.013632790832363689,
size,D_trp_power_law,in_spec,100,0.75,False,0.03,,1.0,c1_lewis_robinson,asymptotic,,0.05,2000,2000,0,0,0.0575,0.005205465877325487,101.3145,3.0,0.028759184964698103,101.3145,-0.008656665894997926,
size,D_trp_power_law,in_spec,100,0.75,False,0.03,,1.0,c1_lewis_robinson,permutation,,0.05,2000,2000,0,0,0.0455,0.004659922209651144,101.3145,3.0,0.028759184964698103,101.3145,-0.008656665894997926,
size,D_trp_power_law,in_spec,100,0.75,False,0.03,,1.0,c2_anderson_darling,permutation,,0.05,2000,2000,0,0,0.0525,0.004987171041783107,101.3145,3.0,0.028759184964698103,101.3145,-0.008656665894997926,
size,D_trp_power_law,in_spec,100,0.75,False,0.03,,1.0,c5_rank_autocorr,permutation,studentized,0.05,2000,2000,0,0,0.0605,0.005331029450303197,101.3145,3.0,0.028759184964698103,101.3145,-0.008656665894997926,
size,D_trp_power_law,in_spec,100,0.75,False,0.03,,1.0,c5_rank_autocorr,permutation,unstudentized,0.05,2000,2000,0,0,0.0605,0.005331029450303197,101.3145,3.0,0.028759184964698103,101.3145,-0.008656665894997926,
size,D_trp_power_law,in_spec,100,0.75,False,0.03,,1.0,c6_exchangeability,permutation,,0.05,2000,2000,0,0,0.06,0.0053103672189407005,101.3145,3.0,0.028759184964698103,101.3145,-0.008656665894997926,
size,D_trp_power_law,in_spec,100,0.75,False,0.03,,1.0,cvm_cramer_von_mises,permutation,,0.05,2000,2000,0,0,0.051,0.004919298730510275,101.3145,3.0,0.028759184964698103,101.3145,-0.008656665894997926,
size,D_trp_power_law,in_spec,100,0.75,False,0.25,,1.0,c1_lewis_robinson,asymptotic,,0.05,2000,2000,0,0,0.431,0.011073368954387819,107.3775,18.5415,0.14724942224763538,107.3775,-0.03757036597440732,
size,D_trp_power_law,in_spec,100,0.75,False,0.25,,1.0,c1_lewis_robinson,permutation,,0.05,2000,2000,0,0,0.0485,0.004803527349771208,107.3775,18.5415,0.14724942224763538,107.3775,-0.03757036597440732,
size,D_trp_power_law,in_spec,100,0.75,False,0.25,,1.0,c2_anderson_darling,permutation,,0.05,2000,2000,0,0,0.052,0.004964675215963275,107.3775,18.5415,0.14724942224763538,107.3775,-0.03757036597440732,
size,D_trp_power_law,in_spec,100,0.75,False,0.25,,1.0,c5_rank_autocorr,permutation,studentized,0.05,2000,2000,0,0,0.0445,0.004610843198374892,107.3775,18.5415,0.14724942224763538,107.3775,-0.03757036597440732,
size,D_trp_power_law,in_spec,100,0.75,False,0.25,,1.0,c5_rank_autocorr,permutation,unstudentized,0.05,2000,2000,0,0,0.0485,0.004803527349771208,107.3775,18.5415,0.14724942224763538,107.3775,-0.03757036597440732,
size,D_trp_power_law,in_spec,100,0.75,False,0.25,,1.0,c6_exchangeability,permutation,,0.05,2000,2000,0,0,0.0465,0.004708383480558906,107.3775,18.5415,0.14724942224763538,107.3775,-0.03757036597440732,
size,D_trp_power_law,in_spec,100,0.75,False,0.25,,1.0,cvm_cramer_von_mises,permutation,,0.05,2000,2000,0,0,0.0535,0.005031786462082826,107.3775,18.5415,0.14724942224763538,107.3775,-0.03757036597440732,
size,E_copula_ar1_durations,in_spec,100,0.75,False,0.0,0.0,,c1_lewis_robinson,asymptotic,,0.05,2000,2000,0,0,0.057,0.00518415856238985,100.4065,1.0,0.009861300804189082,100.4065,-0.01231911263089983,
size,E_copula_ar1_durations,in_spec,100,0.75,False,0.0,0.0,,c1_lewis_robinson,permutation,,0.05,2000,2000,0,0,0.0575,0.005205465877325487,100.4065,1.0,0.009861300804189082,100.4065,-0.01231911263089983,
size,E_copula_ar1_durations,in_spec,100,0.75,False,0.0,0.0,,c2_anderson_darling,asymptotic,,0.05,2000,2000,0,0,0.0505,0.00489641450451246,100.4065,1.0,0.009861300804189082,100.4065,-0.01231911263089983,
size,E_copula_ar1_durations,in_spec,100,0.75,False,0.0,0.0,,c2_anderson_darling,permutation,,0.05,2000,2000,0,0,0.0555,0.005119558086397693,100.4065,1.0,0.009861300804189082,100.4065,-0.01231911263089983,
size,E_copula_ar1_durations,in_spec,100,0.75,False,0.0,0.0,,c5_rank_autocorr,permutation,studentized,0.05,2000,2000,0,0,0.045,0.004635461142108733,100.4065,1.0,0.009861300804189082,100.4065,-0.01231911263089983,
size,E_copula_ar1_durations,in_spec,100,0.75,False,0.0,0.0,,c5_rank_autocorr,permutation,unstudentized,0.05,2000,2000,0,0,0.0525,0.004987171041783107,100.4065,1.0,0.009861300804189082,100.4065,-0.01231911263089983,
size,E_copula_ar1_durations,in_spec,100,0.75,False,0.0,0.0,,c6_exchangeability,permutation,,0.05,2000,2000,0,0,0.049,0.0048269555622566076,100.4065,1.0,0.009861300804189082,100.4065,-0.01231911263089983,
size,E_copula_ar1_durations,in_spec,100,0.75,False,0.0,0.0,,cvm_cramer_von_mises,asymptotic,,0.05,2000,2000,0,0,0.056,0.005141206084179081,100.4065,1.0,0.009861300804189082,100.4065,-0.01231911263089983,
size,E_copula_ar1_durations,in_spec,100,0.75,False,0.0,0.0,,cvm_cramer_von_mises,permutation,,0.05,2000,2000,0,0,0.061,0.005351588549206675,100.4065,1.0,0.009861300804189082,100.4065,-0.01231911263089983,
size,A_iid_weibull,in_spec,100,1.5,False,0.0,,,c1_lewis_robinson,asymptotic,,0.05,2000,2000,0,0,0.0485,0.004803527349771208,99.804,1.0,0.00992024126026745,99.804,-0.01194384852564853,
size,A_iid_weibull,in_spec,100,1.5,False,0.0,,,c1_lewis_robinson,permutation,,0.05,2000,2000,0,0,0.0455,0.004659922209651144,99.804,1.0,0.00992024126026745,99.804,-0.01194384852564853,
size,A_iid_weibull,in_spec,100,1.5,False,0.0,,,c2_anderson_darling,asymptotic,,0.05,2000,2000,0,0,0.051,0.004919298730510275,99.804,1.0,0.00992024126026745,99.804,-0.01194384852564853,
size,A_iid_weibull,in_spec,100,1.5,False,0.0,,,c2_anderson_darling,permutation,,0.05,2000,2000,0,0,0.049,0.0048269555622566076,99.804,1.0,0.00992024126026745,99.804,-0.01194384852564853,
size,A_iid_weibull,in_spec,100,1.5,False,0.0,,,c5_rank_autocorr,permutation,studentized,0.05,2000,2000,0,0,0.0525,0.004987171041783107,99.804,1.0,0.00992024126026745,99.804,-0.01194384852564853,
size,A_iid_weibull,in_spec,100,1.5,False,0.0,,,c5_rank_autocorr,permutation,unstudentized,0.05,2000,2000,0,0,0.048,0.0047799581588126895,99.804,1.0,0.00992024126026745,99.804,-0.01194384852564853,
size,A_iid_weibull,in_spec,100,1.5,False,0.0,,,c6_exchangeability,permutation,,0.05,2000,2000,0,0,0.044,0.0045860658521220555,99.804,1.0,0.00992024126026745,99.804,-0.01194384852564853,
size,A_iid_weibull,in_spec,100,1.5,False,0.0,,,cvm_cramer_von_mises,asymptotic,,0.05,2000,2000,0,0,0.0485,0.004803527349771208,99.804,1.0,0.00992024126026745,99.804,-0.01194384852564853,
size,A_iid_weibull,in_spec,100,1.5,False,0.0,,,cvm_cramer_von_mises,permutation,,0.05,2000,2000,0,0,0.049,0.0048269555622566076,99.804,1.0,0.00992024126026745,99.804,-0.01194384852564853,
size,A_iid_weibull,in_spec,100,1.5,False,0.03,,,c1_lewis_robinson,asymptotic,,0.05,2000,2000,0,0,0.0605,0.005331029450303197,99.164,3.0,0.029364551113895306,99.164,-0.01049969939206212,
size,A_iid_weibull,in_spec,100,1.5,False,0.03,,,c1_lewis_robinson,permutation,,0.05,2000,2000,0,0,0.0525,0.004987171041783107,99.164,3.0,0.029364551113895306,99.164,-0.01049969939206212,
size,A_iid_weibull,in_spec,100,1.5,False,0.03,,,c2_anderson_darling,permutation,,0.05,2000,2000,0,0,0.0495,0.004850244839180801,99.164,3.0,0.029364551113895306,99.164,-0.01049969939206212,
size,A_iid_weibull,in_spec,100,1.5,False,0.03,,,c5_rank_autocorr,permutation,studentized,0.05,2000,2000,0,0,0.045,0.004635461142108733,99.164,3.0,0.029364551113895306,99.164,-0.01049969939206212,
size,A_iid_weibull,in_spec,100,1.5,False,0.03,,,c5_rank_autocorr,permutation,unstudentized,0.05,2000,2000,0,0,0.047,0.00473238840333293,99.164,3.0,0.029364551113895306,99.164,-0.01049969939206212,
size,A_iid_weibull,in_spec,100,1.5,False,0.03,,,c6_exchangeability,permutation,,0.05,2000,2000,0,0,0.0425,0.0045107510461119445,99.164,3.0,0.029364551113895306,99.164,-0.01049969939206212,
size,A_iid_weibull,in_spec,100,1.5,False,0.03,,,cvm_cramer_von_mises,permutation,,0.05,2000,2000,0,0,0.054,0.005053909377897471,99.164,3.0,0.029364551113895306,99.164,-0.01049969939206212,
size,A_iid_weibull,in_spec,100,1.5,False,0.25,,,c1_lewis_robinson,asymptotic,,0.05,2000,2000,0,0,0.598,0.010963484847437881,94.408,19.875,0.17391038037153383,94.408,-0.0309401740384859,
size,A_iid_weibull,in_spec,100,1.5,False,0.25,,,c1_lewis_robinson,permutation,,0.05,2000,2000,0,0,0.0495,0.004850244839180801,94.408,19.875,0.17391038037153383,94.408,-0.0309401740384859,
size,A_iid_weibull,in_spec,100,1.5,False,0.25,,,c2_anderson_darling,permutation,,0.05,2000,2000,0,0,0.049,0.0048269555622566076,94.408,19.875,0.17391038037153383,94.408,-0.0309401740384859,
size,A_iid_weibull,in_spec,100,1.5,False,0.25,,,c5_rank_autocorr,permutation,studentized,0.05,2000,2000,0,0,0.034,0.0040524066923249445,94.408,19.875,0.17391038037153383,94.408,-0.0309401740384859,
size,A_iid_weibull,in_spec,100,1.5,False,0.25,,,c5_rank_autocorr,permutation,unstudentized,0.05,2000,2000,0,0,0.045,0.004635461142108733,94.408,19.875,0.17391038037153383,94.408,-0.0309401740384859,
size,A_iid_weibull,in_spec,100,1.5,False,0.25,,,c6_exchangeability,permutation,,0.05,2000,2000,0,0,0.047,0.00473238840333293,94.408,19.875,0.17391038037153383,94.408,-0.0309401740384859,
size,A_iid_weibull,in_spec,100,1.5,False,0.25,,,cvm_cramer_von_mises,permutation,,0.05,2000,2000,0,0,0.0485,0.004803527349771208,94.408,19.875,0.17391038037153383,94.408,-0.0309401740384859,
size,A_iid_weibull,in_spec,100,1.5,True,0.0,,,c1_lewis_robinson,asymptotic,,0.05,2000,2000,0,0,0.0555,0.005119558086397693,85.552,1.0,0.011553748035862833,9.325,-0.014482896485354493,
size,A_iid_weibull,in_spec,100,1.5,True,0.0,,,c1_lewis_robinson,permutation,,0.05,2000,2000,0,0,0.051,0.004919298730510275,85.552,1.0,0.011553748035862833,9.325,-0.014482896485354493,
size,A_iid_weibull,in_spec,100,1.5,True,0.0,,,c2_anderson_darling,asymptotic,,0.05,2000,2000,0,0,0.056,0.005141206084179081,85.552,1.0,0.011553748035862833,9.325,-0.014482896485354493,
size,A_iid_weibull,in_spec,100,1.5,True,0.0,,,c2_anderson_darling,permutation,,0.05,2000,2000,0,0,0.0525,0.004987171041783107,85.552,1.0,0.011553748035862833,9.325,-0.014482896485354493,
size,A_iid_weibull,in_spec,100,1.5,True,0.0,,,c5_rank_autocorr,permutation,studentized,0.05,2000,2000,0,0,0.053,0.005009540897128199,85.552,1.0,0.011553748035862833,9.325,-0.014482896485354493,
size,A_iid_weibull,in_spec,100,1.5,True,0.0,,,c5_rank_autocorr,permutation,unstudentized,0.05,2000,2000,0,0,0.0505,0.00489641450451246,85.552,1.0,0.011553748035862833,9.325,-0.014482896485354493,
size,A_iid_weibull,in_spec,100,1.5,True,0.0,,,c6_exchangeability,permutation,,0.05,2000,2000,0,0,0.0485,0.004803527349771208,85.552,1.0,0.011553748035862833,9.325,-0.014482896485354493,
size,A_iid_weibull,in_spec,100,1.5,True,0.0,,,cvm_cramer_von_mises,asymptotic,,0.05,2000,2000,0,0,0.0515,0.004942051699446294,85.552,1.0,0.011553748035862833,9.325,-0.014482896485354493,
size,A_iid_weibull,in_spec,100,1.5,True,0.0,,,cvm_cramer_von_mises,permutation,,0.05,2000,2000,0,0,0.0485,0.004803527349771208,85.552,1.0,0.011553748035862833,9.325,-0.014482896485354493,
size,A_iid_weibull,in_spec,100,1.5,True,0.03,,,c1_lewis_robinson,asymptotic,,0.05,2000,2000,0,0,0.0655,0.005532167296819575,85.1435,3.0,0.03403540816963247,9.2265,-0.019113193125376633,
size,A_iid_weibull,in_spec,100,1.5,True,0.03,,,c1_lewis_robinson,permutation,,0.05,2000,2000,0,0,0.049,0.0048269555622566076,85.1435,3.0,0.03403540816963247,9.2265,-0.019113193125376633,
size,A_iid_weibull,in_spec,100,1.5,True,0.03,,,c2_anderson_darling,permutation,,0.05,2000,2000,0,0,0.0445,0.004610843198374892,85.1435,3.0,0.03403540816963247,9.2265,-0.019113193125376633,
size,A_iid_weibull,in_spec,100,1.5,True,0.03,,,c5_rank_autocorr,permutation,studentized,0.05,2000,2000,0,0,0.0615,0.005372045699731156,85.1435,3.0,0.03403540816963247,9.2265,-0.019113193125376633,
size,A_iid_weibull,in_spec,100,1.5,True,0.03,,,c5_rank_autocorr,permutation,unstudentized,0.05,2000,2000,0,0,0.0605,0.005331029450303197,85.1435,3.0,0.03403540816963247,9.2265,-0.019113193125376633,
size,A_iid_weibull,in_spec,100,1.5,True,0.03,,,c6_exchangeability,permutation,,0.05,2000,2000,0,0,0.056,0.005141206084179081,85.1435,3.0,0.03403540816963247,9.2265,-0.019113193125376633,
size,A_iid_weibull,in_spec,100,1.5,True,0.03,,,cvm_cramer_von_mises,permutation,,0.05,2000,2000,0,0,0.0415,0.004459694496263169,85.1435,3.0,0.03403540816963247,9.2265,-0.019113193125376633,
size,A_iid_weibull,in_spec,100,1.5,True,0.25,,,c1_lewis_robinson,asymptotic,,0.05,2000,1572,428,0,0.7290076335877863,0.011210327383709653,82.25699745547074,19.838422391857506,0.19431255997108926,8.501908396946565,-0.03649497881987385,"ValueError: gamma_hat is zero: every gap is identical, so the statistic it scales is undefined. A fully quantised duration vector (every window one read long) r"
size,A_iid_weibull,in_spec,100,1.5,True,0.25,,,c1_lewis_robinson,permutation,,0.05,2000,1572,428,0,0.04961832061068702,0.005477013198972492,82.25699745547074,19.838422391857506,0.19431255997108926,8.501908396946565,-0.03649497881987385,"ValueError: gamma_hat is zero: every gap is identical, so the statistic it scales is undefined. A fully quantised duration vector (every window one read long) r"
size,A_iid_weibull,in_spec,100,1.5,True,0.25,,,c2_anderson_darling,permutation,,0.05,2000,1572,428,0,0.04770992366412214,0.005376042821384272,82.25699745547074,19.838422391857506,0.19431255997108926,8.501908396946565,-0.03649497881987385,"ValueError: gamma_hat is zero: every gap is identical, so the statistic it scales is undefined. A fully quantised duration vector (every window one read long) r"
size,A_iid_weibull,in_spec,100,1.5,True,0.25,,,c5_rank_autocorr,permutation,studentized,0.05,2000,1572,428,0,0.04961832061068702,0.005477013198972492,82.25699745547074,19.838422391857506,0.19431255997108926,8.501908396946565,-0.03649497881987385,"ValueError: gamma_hat is zero: every gap is identical, so the statistic it scales is undefined. A fully quantised duration vector (every window one read long) r"
size,A_iid_weibull,in_spec,100,1.5,True,0.25,,,c5_rank_autocorr,permutation,unstudentized,0.05,2000,1572,428,0,0.052798982188295165,0.005640369850776331,82.25699745547074,19.838422391857506,0.19431255997108926,8.501908396946565,-0.03649497881987385,"ValueError: gamma_hat is zero: every gap is identical, so the statistic it scales is undefined. A fully quantised duration vector (every window one read long) r"
size,A_iid_weibull,in_spec,100,1.5,True,0.25,,,c6_exchangeability,permutation,,0.05,2000,1572,428,0,0.05025445292620865,0.005510165420048226,82.25699745547074,19.838422391857506,0.19431255997108926,8.501908396946565,-0.03649497881987385,"ValueError: gamma_hat is zero: every gap is identical, so the statistic it scales is undefined. A fully quantised duration vector (every window one read long) r"
size,A_iid_weibull,in_spec,100,1.5,True,0.25,,,cvm_cramer_von_mises,permutation,,0.05,2000,1572,428,0,0.04834605597964377,0.005409956590606799,82.25699745547074,19.838422391857506,0.19431255997108926,8.501908396946565,-0.03649497881987385,"ValueError: gamma_hat is zero: every gap is identical, so the statistic it scales is undefined. A fully quantised duration vector (every window one read long) r"
size,D_trp_power_law,in_spec,100,1.5,False,0.0,,1.0,c1_lewis_robinson,asymptotic,,0.05,2000,2000,0,0,0.0525,0.004987171041783107,99.8115,1.0,0.009919503231278179,99.8115,-0.008968050894928168,
size,D_trp_power_law,in_spec,100,1.5,False,0.0,,1.0,c1_lewis_robinson,permutation,,0.05,2000,2000,0,0,0.0525,0.004987171041783107,99.8115,1.0,0.009919503231278179,99.8115,-0.008968050894928168,
size,D_trp_power_law,in_spec,100,1.5,False,0.0,,1.0,c2_anderson_darling,asymptotic,,0.05,2000,2000,0,0,0.0505,0.00489641450451246,99.8115,1.0,0.009919503231278179,99.8115,-0.008968050894928168,
size,D_trp_power_law,in_spec,100,1.5,False,0.0,,1.0,c2_anderson_darling,permutation,,0.05,2000,2000,0,0,0.0505,0.00489641450451246,99.8115,1.0,0.009919503231278179,99.8115,-0.008968050894928168,
size,D_trp_power_law,in_spec,100,1.5,False,0.0,,1.0,c5_rank_autocorr,permutation,studentized,0.05,2000,2000,0,0,0.043,0.004536022486716748,99.8115,1.0,0.009919503231278179,99.8115,-0.008968050894928168,
size,D_trp_power_law,in_spec,100,1.5,False,0.0,,1.0,c5_rank_autocorr,permutation,unstudentized,0.05,2000,2000,0,0,0.042,0.004485309353879618,99.8115,1.0,0.009919503231278179,99.8115,-0.008968050894928168,
size,D_trp_power_law,in_spec,100,1.5,False,0.0,,1.0,c6_exchangeability,permutation,,0.05,2000,2000,0,0,0.038,0.004275277768753745,99.8115,1.0,0.009919503231278179,99.8115,-0.008968050894928168,
size,D_trp_power_law,in_spec,100,1.5,False,0.0,,1.0,cvm_cramer_von_mises,asymptotic,,0.05,2000,2000,0,0,0.0545,0.005075911248239078,99.8115,1.0,0.009919503231278179,99.8115,-0.008968050894928168,
size,D_trp_power_law,in_spec,100,1.5,False,0.0,,1.0,cvm_cramer_von_mises,permutation,,0.05,2000,2000,0,0,0.052,0.004964675215963275,99.8115,1.0,0.009919503231278179,99.8115,-0.008968050894928168,
size,D_trp_power_law,in_spec,100,1.5,False,0.03,,1.0,c1_lewis_robinson,asymptotic,,0.05,2000,2000,0,0,0.0625,0.005412658773652742,99.0275,3.0,0.029403837200754696,99.0275,-0.009736320550594858,
size,D_trp_power_law,in_spec,100,1.5,False,0.03,,1.0,c1_lewis_robinson,permutation,,0.05,2000,2000,0,0,0.056,0.005141206084179081,99.0275,3.0,0.029403837200754696,99.0275,-0.009736320550594858,
size,D_trp_power_law,in_spec,100,1.5,False,0.03,,1.0,c2_anderson_darling,permutation,,0.05,2000,2000,0,0,0.053,0.005009540897128199,99.0275,3.0,0.029403837200754696,99.0275,-0.009736320550594858,
size,D_trp_power_law,in_spec,100,1.5,False,0.03,,1.0,c5_rank_autocorr,permutation,studentized,0.05,2000,2000,0,0,0.046,0.00468422885862764,99.0275,3.0,0.029403837200754696,99.0275,-0.009736320550594858,
size,D_trp_power_law,in_spec,100,1.5,False,0.03,,1.0,c5_rank_autocorr,permutation,unstudentized,0.05,2000,2000,0,0,0.0445,0.004610843198374892,99.0275,3.0,0.029403837200754696,99.0275,-0.009736320550594858,
size,D_trp_power_law,in_spec,100,1.5,False,0.03,,1.0,c6_exchangeability,permutation,,0.05,2000,2000,0,0,0.0425,0.0045107510461119445,99.0275,3.0,0.029403837200754696,99.0275,-0.009736320550594858,
size,D_trp_power_law,in_spec,100,1.5,False,0.03,,1.0,cvm_cramer_von_mises,permutation,,0.05,2000,2000,0,0,0.0535,0.005031786462082826,99.0275,3.0,0.029403837200754696,99.0275,-0.009736320550594858,
size,D_trp_power_law,in_spec,100,1.5,False,0.25,,1.0,c1_lewis_robinson,asymptotic,,0.05,2000,2000,0,0,0.592,0.010989449485756782,94.6995,19.88,0.17350398631517855,94.6995,-0.03031121886123775,
size,D_trp_power_law,in_spec,100,1.5,False,0.25,,1.0,c1_lewis_robinson,permutation,,0.05,2000,2000,0,0,0.0495,0.004850244839180801,94.6995,19.88,0.17350398631517855,94.6995,-0.03031121886123775,
size,D_trp_power_law,in_spec,100,1.5,False,0.25,,1.0,c2_anderson_darling,permutation,,0.05,2000,2000,0,0,0.044,0.0045860658521220555,94.6995,19.88,0.17350398631517855,94.6995,-0.03031121886123775,
size,D_trp_power_law,in_spec,100,1.5,False,0.25,,1.0,c5_rank_autocorr,permutation,studentized,0.05,2000,2000,0,0,0.048,0.0047799581588126895,94.6995,19.88,0.17350398631517855,94.6995,-0.03031121886123775,
size,D_trp_power_law,in_spec,100,1.5,False,0.25,,1.0,c5_rank_autocorr,permutation,unstudentized,0.05,2000,2000,0,0,0.043,0.004536022486716748,94.6995,19.88,0.17350398631517855,94.6995,-0.03031121886123775,
size,D_trp_power_law,in_spec,100,1.5,False,0.25,,1.0,c6_exchangeability,permutation,,0.05,2000,2000,0,0,0.046,0.00468422885862764,94.6995,19.88,0.17350398631517855,94.6995,-0.03031121886123775,
size,D_trp_power_law,in_spec,100,1.5,False,0.25,,1.0,cvm_cramer_von_mises,permutation,,0.05,2000,2000,0,0,0.045,0.004635461142108733,94.6995,19.88,0.17350398631517855,94.6995,-0.03031121886123775,
size,E_copula_ar1_durations,in_spec,100,1.5,False,0.0,0.0,,c1_lewis_robinson,asymptotic,,0.05,2000,2000,0,0,0.0565,0.005162739098579358,99.545,1.0,0.009945795414988313,99.545,-0.00728928807315322,
size,E_copula_ar1_durations,in_spec,100,1.5,False,0.0,0.0,,c1_lewis_robinson,permutation,,0.05,2000,2000,0,0,0.053,0.005009540897128199,99.545,1.0,0.009945795414988313,99.545,-0.00728928807315322,
size,E_copula_ar1_durations,in_spec,100,1.5,False,0.0,0.0,,c2_anderson_darling,asymptotic,,0.05,2000,2000,0,0,0.055,0.005097793640389928,99.545,1.0,0.009945795414988313,99.545,-0.00728928807315322,
size,E_copula_ar1_durations,in_spec,100,1.5,False,0.0,0.0,,c2_anderson_darling,permutation,,0.05,2000,2000,0,0,0.0545,0.005075911248239078,99.545,1.0,0.009945795414988313,99.545,-0.00728928807315322,
size,E_copula_ar1_durations,in_spec,100,1.5,False,0.0,0.0,,c5_rank_autocorr,permutation,studentized,0.05,2000,2000,0,0,0.0535,0.005031786462082826,99.545,1.0,0.009945795414988313,99.545,-0.00728928807315322,
size,E_copula_ar1_durations,in_spec,100,1.5,False,0.0,0.0,,c5_rank_autocorr,permutation,unstudentized,0.05,2000,2000,0,0,0.054,0.005053909377897471,99.545,1.0,0.009945795414988313,99.545,-0.00728928807315322,
size,E_copula_ar1_durations,in_spec,100,1.5,False,0.0,0.0,,c6_exchangeability,permutation,,0.05,2000,2000,0,0,0.046,0.00468422885862764,99.545,1.0,0.009945795414988313,99.545,-0.00728928807315322,
size,E_copula_ar1_durations,in_spec,100,1.5,False,0.0,0.0,,cvm_cramer_von_mises,asymptotic,,0.05,2000,2000,0,0,0.0535,0.005031786462082826,99.545,1.0,0.009945795414988313,99.545,-0.00728928807315322,
size,E_copula_ar1_durations,in_spec,100,1.5,False,0.0,0.0,,cvm_cramer_von_mises,permutation,,0.05,2000,2000,0,0,0.053,0.005009540897128199,99.545,1.0,0.009945795414988313,99.545,-0.00728928807315322,
size,B_iid_reads_carved,calendar,100,,False,0.0,,,c1_lewis_robinson,asymptotic,,0.05,2000,2000,0,0,0.061,0.005351588549206675,101.236,1.0,0.009781290347822684,9.2755,-0.00960072579147376,
size,B_iid_reads_carved,calendar,100,,False,0.0,,,c1_lewis_robinson,permutation,,0.05,2000,2000,0,0,0.056,0.005141206084179081,101.236,1.0,0.009781290347822684,9.2755,-0.00960072579147376,
size,B_iid_reads_carved,calendar,100,,False,0.0,,,c2_anderson_darling,asymptotic,,0.05,2000,2000,0,0,0.068,0.005629209535982827,101.236,1.0,0.009781290347822684,9.2755,-0.00960072579147376,
size,B_iid_reads_carved,calendar,100,,False,0.0,,,c2_anderson_darling,permutation,,0.05,2000,2000,0,0,0.0605,0.005331029450303197,101.236,1.0,0.009781290347822684,9.2755,-0.00960072579147376,
size,B_iid_reads_carved,calendar,100,,False,0.0,,,c5_rank_autocorr,permutation,studentized,0.05,2000,2000,0,0,0.0515,0.004942051699446294,101.236,1.0,0.009781290347822684,9.2755,-0.00960072579147376,
size,B_iid_reads_carved,calendar,100,,False,0.0,,,c5_rank_autocorr,permutation,unstudentized,0.05,2000,2000,0,0,0.054,0.005053909377897471,101.236,1.0,0.009781290347822684,9.2755,-0.00960072579147376,
size,B_iid_reads_carved,calendar,100,,False,0.0,,,c6_exchangeability,permutation,,0.05,2000,2000,0,0,0.044,0.0045860658521220555,101.236,1.0,0.009781290347822684,9.2755,-0.00960072579147376,
size,B_iid_reads_carved,calendar,100,,False,0.0,,,cvm_cramer_von_mises,asymptotic,,0.05,2000,2000,0,0,0.065,0.005512485827646181,101.236,1.0,0.009781290347822684,9.2755,-0.00960072579147376,
size,B_iid_reads_carved,calendar,100,,False,0.0,,,cvm_cramer_von_mises,permutation,,0.05,2000,2000,0,0,0.0625,0.005412658773652742,101.236,1.0,0.009781290347822684,9.2755,-0.00960072579147376,
size,B_iid_reads_carved,in_spec,100,,False,0.0,,,c5_rank_autocorr,permutation,studentized,0.05,2000,2000,0,0,0.048,0.0047799581588126895,102.042,1.0,0.009704780574911202,7.0165,-0.011306194615841845,
size,B_iid_reads_carved,in_spec,100,,False,0.0,,,c5_rank_autocorr,permutation,unstudentized,0.05,2000,2000,0,0,0.046,0.00468422885862764,102.042,1.0,0.009704780574911202,7.0165,-0.011306194615841845,
size,B_iid_reads_carved,in_spec,100,,False,0.0,,,c6_exchangeability,permutation,,0.05,2000,2000,0,0,0.0505,0.00489641450451246,102.042,1.0,0.009704780574911202,7.0165,-0.011306194615841845,
size,B_iid_reads_carved,in_spec,100,,False,0.0,,,cvm_cramer_von_mises,permutation,,0.05,2000,2000,0,0,0.0465,0.004708383480558906,102.042,1.0,0.009704780574911202,7.0165,-0.011306194615841845,
size,C_ar1_reads_carved,calendar,100,,False,0.0,0.0,,c1_lewis_robinson,asymptotic,,0.05,2000,2000,0,0,0.049,0.0048269555622566076,101.5755,1.0,0.009748916651637086,9.227,-0.010894872449842191,
size,C_ar1_reads_carved,calendar,100,,False,0.0,0.0,,c1_lewis_robinson,permutation,,0.05,2000,2000,0,0,0.045,0.004635461142108733,101.5755,1.0,0.009748916651637086,9.227,-0.010894872449842191,
size,C_ar1_reads_carved,calendar,100,,False,0.0,0.0,,c2_anderson_darling,asymptotic,,0.05,2000,2000,0,0,0.0545,0.005075911248239078,101.5755,1.0,0.009748916651637086,9.227,-0.010894872449842191,
size,C_ar1_reads_carved,calendar,100,,False,0.0,0.0,,c2_anderson_darling,permutation,,0.05,2000,2000,0,0,0.043,0.004536022486716748,101.5755,1.0,0.009748916651637086,9.227,-0.010894872449842191,
size,C_ar1_reads_carved,calendar,100,,False,0.0,0.0,,c5_rank_autocorr,permutation,studentized,0.05,2000,2000,0,0,0.0585,0.0052477495176503994,101.5755,1.0,0.009748916651637086,9.227,-0.010894872449842191,
size,C_ar1_reads_carved,calendar,100,,False,0.0,0.0,,c5_rank_autocorr,permutation,unstudentized,0.05,2000,2000,0,0,0.0575,0.005205465877325487,101.5755,1.0,0.009748916651637086,9.227,-0.010894872449842191,
size,C_ar1_reads_carved,calendar,100,,False,0.0,0.0,,c6_exchangeability,permutation,,0.05,2000,2000,0,0,0.0545,0.005075911248239078,101.5755,1.0,0.009748916651637086,9.227,-0.010894872449842191,
size,C_ar1_reads_carved,calendar,100,,False,0.0,0.0,,cvm_cramer_von_mises,asymptotic,,0.05,2000,2000,0,0,0.0445,0.004610843198374892,101.5755,1.0,0.009748916651637086,9.227,-0.010894872449842191,
size,C_ar1_reads_carved,calendar,100,,False,0.0,0.0,,cvm_cramer_von_mises,permutation,,0.05,2000,2000,0,0,0.041,0.004433903472111228,101.5755,1.0,0.009748916651637086,9.227,-0.010894872449842191,
size,C_ar1_reads_carved,in_spec,100,,False,0.0,0.0,,c5_rank_autocorr,permutation,studentized,0.05,2000,2000,0,0,0.054,0.005053909377897471,102.0675,1.0,0.009702379508574478,7.0,-0.012461054665425944,
size,C_ar1_reads_carved,in_spec,100,,False,0.0,0.0,,c5_rank_autocorr,permutation,unstudentized,0.05,2000,2000,0,0,0.0525,0.004987171041783107,102.0675,1.0,0.009702379508574478,7.0,-0.012461054665425944,
size,C_ar1_reads_carved,in_spec,100,,False,0.0,0.0,,c6_exchangeability,permutation,,0.05,2000,2000,0,0,0.058,0.0052266624149642565,102.0675,1.0,0.009702379508574478,7.0,-0.012461054665425944,
size,C_ar1_reads_carved,in_spec,100,,False,0.0,0.0,,cvm_cramer_von_mises,permutation,,0.05,2000,2000,0,0,0.048,0.0047799581588126895,102.0675,1.0,0.009702379508574478,7.0,-0.012461054665425944,
size,A_iid_weibull,in_spec,355,0.75,False,0.0,,,c1_lewis_robinson,asymptotic,,0.05,2000,2000,0,0,0.05,0.004873397172404482,356.158,1.0,0.0027998812850335143,356.158,-0.003590833210091514,
size,A_iid_weibull,in_spec,355,0.75,False,0.0,,,c1_lewis_robinson,permutation,,0.05,2000,2000,0,0,0.0495,0.004850244839180801,356.158,1.0,0.0027998812850335143,356.158,-0.003590833210091514,
size,A_iid_weibull,in_spec,355,0.75,False,0.0,,,c2_anderson_darling,asymptotic,,0.05,2000,2000,0,0,0.049,0.0048269555622566076,356.158,1.0,0.0027998812850335143,356.158,-0.003590833210091514,
size,A_iid_weibull,in_spec,355,0.75,False,0.0,,,c2_anderson_darling,permutation,,0.05,2000,2000,0,0,0.048,0.0047799581588126895,356.158,1.0,0.0027998812850335143,356.158,-0.003590833210091514,
size,A_iid_weibull,in_spec,355,0.75,False,0.0,,,c5_rank_autocorr,permutation,studentized,0.05,2000,2000,0,0,0.0465,0.004708383480558906,356.158,1.0,0.0027998812850335143,356.158,-0.003590833210091514,
size,A_iid_weibull,in_spec,355,0.75,False,0.0,,,c5_rank_autocorr,permutation,unstudentized,0.05,2000,2000,0,0,0.045,0.004635461142108733,356.158,1.0,0.0027998812850335143,356.158,-0.003590833210091514,
size,A_iid_weibull,in_spec,355,0.75,False,0.0,,,c6_exchangeability,permutation,,0.05,2000,2000,0,0,0.043,0.004536022486716748,356.158,1.0,0.0027998812850335143,356.158,-0.003590833210091514,
size,A_iid_weibull,in_spec,355,0.75,False,0.0,,,cvm_cramer_von_mises,asymptotic,,0.05,2000,2000,0,0,0.051,0.004919298730510275,356.158,1.0,0.0027998812850335143,356.158,-0.003590833210091514,
size,A_iid_weibull,in_spec,355,0.75,False,0.0,,,cvm_cramer_von_mises,permutation,,0.05,2000,2000,0,0,0.0465,0.004708383480558906,356.158,1.0,0.0027998812850335143,356.158,-0.003590833210091514,
size,A_iid_weibull,in_spec,355,0.75,False,0.03,,,c1_lewis_robinson,asymptotic,,0.05,2000,2000,0,0,0.0725,0.005798437289477226,360.007,11.0,0.02964903627155283,360.007,-0.0024952496002366917,
size,A_iid_weibull,in_spec,355,0.75,False,0.03,,,c1_lewis_robinson,permutation,,0.05,2000,2000,0,0,0.056,0.005141206084179081,360.007,11.0,0.02964903627155283,360.007,-0.0024952496002366917,
size,A_iid_weibull,in_spec,355,0.75,False,0.03,,,c2_anderson_darling,permutation,,0.05,2000,2000,0,0,0.063,0.005432816948876522,360.007,11.0,0.02964903627155283,360.007,-0.0024952496002366917,
size,A_iid_weibull,in_spec,355,0.75,False,0.03,,,c5_rank_autocorr,permutation,studentized,0.05,2000,2000,0,0,0.0495,0.004850244839180801,360.007,11.0,0.02964903627155283,360.007,-0.0024952496002366917,
size,A_iid_weibull,in_spec,355,0.75,False,0.03,,,c5_rank_autocorr,permutation,unstudentized,0.05,2000,2000,0,0,0.053,0.005009540897128199,360.007,11.0,0.02964903627155283,360.007,-0.0024952496002366917,
size,A_iid_weibull,in_spec,355,0.75,False,0.03,,,c6_exchangeability,permutation,,0.05,2000,2000,0,0,0.051,0.004919298730510275,360.007,11.0,0.02964903627155283,360.007,-0.0024952496002366917,
size,A_iid_weibull,in_spec,355,0.75,False,0.03,,,cvm_cramer_von_mises,permutation,,0.05,2000,2000,0,0,0.056,0.005141206084179081,360.007,11.0,0.02964903627155283,360.007,-0.0024952496002366917,
size,A_iid_weibull,in_spec,355,0.75,False,0.25,,,c1_lewis_robinson,asymptotic,,0.05,2000,2000,0,0,0.718,0.010061709596286309,380.216,65.7535,0.1474394549403042,380.216,-0.035526207433207474,
size,A_iid_weibull,in_spec,355,0.75,False,0.25,,,c1_lewis_robinson,permutation,,0.05,2000,2000,0,0,0.0495,0.004850244839180801,380.216,65.7535,0.1474394549403042,380.216,-0.035526207433207474,
size,A_iid_weibull,in_spec,355,0.75,False,0.25,,,c2_anderson_darling,permutation,,0.05,2000,2000,0,0,0.0515,0.004942051699446294,380.216,65.7535,0.1474394549403042,380.216,-0.035526207433207474,
size,A_iid_weibull,in_spec,355,0.75,False,0.25,,,c5_rank_autocorr,permutation,studentized,0.05,2000,2000,0,0,0.0465,0.004708383480558906,380.216,65.7535,0.1474394549403042,380.216,-0.035526207433207474,
size,A_iid_weibull,in_spec,355,0.75,False,0.25,,,c5_rank_autocorr,permutation,unstudentized,0.05,2000,2000,0,0,0.047,0.00473238840333293,380.216,65.7535,0.1474394549403042,380.216,-0.035526207433207474,
size,A_iid_weibull,in_spec,355,0.75,False,0.25,,,c6_exchangeability,permutation,,0.05,2000,2000,0,0,0.0455,0.004659922209651144,380.216,65.7535,0.1474394549403042,380.216,-0.035526207433207474,
size,A_iid_weibull,in_spec,355,0.75,False,0.25,,,cvm_cramer_von_mises,permutation,,0.05,2000,2000,0,0,0.0495,0.004850244839180801,380.216,65.7535,0.1474394549403042,380.216,-0.035526207433207474,
size,A_iid_weibull,in_spec,355,0.75,True,0.0,,,c1_lewis_robinson,asymptotic,,0.05,2000,2000,0,0,0.0515,0.004942051699446294,298.9415,1.0,0.003333983460108054,19.3865,-0.0023153323165930433,
size,A_iid_weibull,in_spec,355,0.75,True,0.0,,,c1_lewis_robinson,permutation,,0.05,2000,2000,0,0,0.052,0.004964675215963275,298.9415,1.0,0.003333983460108054,19.3865,-0.0023153323165930433,
size,A_iid_weibull,in_spec,355,0.75,True,0.0,,,c2_anderson_darling,asymptotic,,0.05,2000,2000,0,0,0.0475,0.004756245893559331,298.9415,1.0,0.003333983460108054,19.3865,-0.0023153323165930433,
size,A_iid_weibull,in_spec,355,0.75,True,0.0,,,c2_anderson_darling,permutation,,0.05,2000,2000,0,0,0.048,0.0047799581588126895,298.9415,1.0,0.003333983460108054,19.3865,-0.0023153323165930433,
size,A_iid_weibull,in_spec,355,0.75,True,0.0,,,c5_rank_autocorr,permutation,studentized,0.05,2000,2000,0,0,0.046,0.00468422885862764,298.9415,1.0,0.003333983460108054,19.3865,-0.0023153323165930433,
size,A_iid_weibull,in_spec,355,0.75,True,0.0,,,c5_rank_autocorr,permutation,unstudentized,0.05,2000,2000,0,0,0.044,0.0045860658521220555,298.9415,1.0,0.003333983460108054,19.3865,-0.0023153323165930433,
size,A_iid_weibull,in_spec,355,0.75,True,0.0,,,c6_exchangeability,permutation,,0.05,2000,2000,0,0,0.047,0.00473238840333293,298.9415,1.0,0.003333983460108054,19.3865,-0.0023153323165930433,
size,A_iid_weibull,in_spec,355,0.75,True,0.0,,,cvm_cramer_von_mises,asymptotic,,0.05,2000,2000,0,0,0.0525,0.004987171041783107,298.9415,1.0,0.003333983460108054,19.3865,-0.0023153323165930433,
size,A_iid_weibull,in_spec,355,0.75,True,0.0,,,cvm_cramer_von_mises,permutation,,0.05,2000,2000,0,0,0.0495,0.004850244839180801,298.9415,1.0,0.003333983460108054,19.3865,-0.0023153323165930433,
size,A_iid_weibull,in_spec,355,0.75,True,0.03,,,c1_lewis_robinson,asymptotic,,0.05,2000,2000,0,0,0.0745,0.005871530890662162,301.7845,11.0,0.0351679830682147,18.5405,-0.0061613551745054295,
size,A_iid_weibull,in_spec,355,0.75,True,0.03,,,c1_lewis_robinson,permutation,,0.05,2000,2000,0,0,0.05,0.004873397172404482,301.7845,11.0,0.0351679830682147,18.5405,-0.0061613551745054295,
size,A_iid_weibull,in_spec,355,0.75,True,0.03,,,c2_anderson_darling,permutation,,0.05,2000,2000,0,0,0.0415,0.004459694496263169,301.7845,11.0,0.0351679830682147,18.5405,-0.0061613551745054295,
size,A_iid_weibull,in_spec,355,0.75,True,0.03,,,c5_rank_autocorr,permutation,studentized,0.05,2000,2000,0,0,0.051,0.004919298730510275,301.7845,11.0,0.0351679830682147,18.5405,-0.0061613551745054295,
size,A_iid_weibull,in_spec,355,0.75,True,0.03,,,c5_rank_autocorr,permutation,unstudentized,0.05,2000,2000,0,0,0.0515,0.004942051699446294,301.7845,11.0,0.0351679830682147,18.5405,-0.0061613551745054295,
size,A_iid_weibull,in_spec,355,0.75,True,0.03,,,c6_exchangeability,permutation,,0.05,2000,2000,0,0,0.051,0.004919298730510275,301.7845,11.0,0.0351679830682147,18.5405,-0.0061613551745054295,
size,A_iid_weibull,in_spec,355,0.75,True,0.03,,,cvm_cramer_von_mises,permutation,,0.05,2000,2000,0,0,0.046,0.00468422885862764,301.7845,11.0,0.0351679830682147,18.5405,-0.0061613551745054295,
size,A_iid_weibull,in_spec,355,0.75,True,0.25,,,c1_lewis_robinson,asymptotic,,0.05,2000,706,1294,0,0.5623229461756374,0.018670994091591796,316.26487252124645,65.1756373937677,0.17086710954819398,12.18271954674221,-0.040544845908533085,"ValueError: gamma_hat is zero: every gap is identical, so the statistic it scales is undefined. A fully quantised duration vector (every window one read long) r"
size,A_iid_weibull,in_spec,355,0.75,True,0.25,,,c1_lewis_robinson,permutation,,0.05,2000,706,1294,0,0.0339943342776204,0.006820100220517748,316.26487252124645,65.1756373937677,0.17086710954819398,12.18271954674221,-0.040544845908533085,"ValueError: gamma_hat is zero: every gap is identical, so the statistic it scales is undefined. A fully quantised duration vector (every window one read long) r"
size,A_iid_weibull,in_spec,355,0.75,True,0.25,,,c2_anderson_darling,permutation,,0.05,2000,706,1294,0,0.032577903682719546,0.006681396085130775,316.26487252124645,65.1756373937677,0.17086710954819398,12.18271954674221,-0.040544845908533085,"ValueError: gamma_hat is zero: every gap is identical, so the statistic it scales is undefined. A fully quantised duration vector (every window one read long) r"
size,A_iid_weibull,in_spec,355,0.75,True,0.25,,,c5_rank_autocorr,permutation,studentized,0.05,2000,706,1294,0,0.046742209631728045,0.007944333190700191,316.26487252124645,65.1756373937677,0.17086710954819398,12.18271954674221,-0.040544845908533085,"ValueError: gamma_hat is zero: every gap is identical, so the statistic it scales is undefined. A fully quantised duration vector (every window one read long) r"
size,A_iid_weibull,in_spec,355,0.75,True,0.25,,,c5_rank_autocorr,permutation,unstudentized,0.05,2000,706,1294,0,0.05099150141643059,0.008279070868594366,316.26487252124645,65.1756373937677,0.17086710954819398,12.18271954674221,-0.040544845908533085,"ValueError: gamma_hat is zero: every gap is identical, so the statistic it scales is undefined. A fully quantised duration vector (every window one read long) r"
size,A_iid_weibull,in_spec,355,0.75,True,0.25,,,c6_exchangeability,permutation,,0.05,2000,706,1294,0,0.046742209631728045,0.007944333190700191,316.26487252124645,65.1756373937677,0.17086710954819398,12.18271954674221,-0.040544845908533085,"ValueError: gamma_hat is zero: every gap is identical, so the statistic it scales is undefined. A fully quantised duration vector (every window one read long) r"
size,A_iid_weibull,in_spec,355,0.75,True,0.25,,,cvm_cramer_von_mises,permutation,,0.05,2000,706,1294,0,0.03824362606232295,0.007217881000003385,316.26487252124645,65.1756373937677,0.17086710954819398,12.18271954674221,-0.040544845908533085,"ValueError: gamma_hat is zero: every gap is identical, so the statistic it scales is undefined. A fully quantised duration vector (every window one read long) r"
size,D_trp_power_law,in_spec,355,0.75,False,0.0,,1.0,c1_lewis_robinson,asymptotic,,0.05,2000,2000,0,0,0.0445,0.004610843198374892,354.6025,1.0,0.002812128711131108,354.6025,-0.004134390385333363,
size,D_trp_power_law,in_spec,355,0.75,False,0.0,,1.0,c1_lewis_robinson,permutation,,0.05,2000,2000,0,0,0.0435,0.004561126505590478,354.6025,1.0,0.002812128711131108,354.6025,-0.004134390385333363,
size,D_trp_power_law,in_spec,355,0.75,False,0.0,,1.0,c2_anderson_darling,asymptotic,,0.05,2000,2000,0,0,0.045,0.004635461142108733,354.6025,1.0,0.002812128711131108,354.6025,-0.004134390385333363,
size,D_trp_power_law,in_spec,355,0.75,False,0.0,,1.0,c2_anderson_darling,permutation,,0.05,2000,2000,0,0,0.045,0.004635461142108733,354.6025,1.0,0.002812128711131108,354.6025,-0.004134390385333363,
size,D_trp_power_law,in_spec,355,0.75,False,0.0,,1.0,c5_rank_autocorr,permutation,studentized,0.05,2000,2000,0,0,0.0505,0.00489641450451246,354.6025,1.0,0.002812128711131108,354.6025,-0.004134390385333363,
size,D_trp_power_law,in_spec,355,0.75,False,0.0,,1.0,c5_rank_autocorr,permutation,unstudentized,0.05,2000,2000,0,0,0.0495,0.004850244839180801,354.6025,1.0,0.002812128711131108,354.6025,-0.004134390385333363,
size,D_trp_power_law,in_spec,355,0.75,False,0.0,,1.0,c6_exchangeability,permutation,,0.05,2000,2000,0,0,0.0535,0.005031786462082826,354.6025,1.0,0.002812128711131108,354.6025,-0.004134390385333363,
size,D_trp_power_law,in_spec,355,0.75,False,0.0,,1.0,cvm_cramer_von_mises,asymptotic,,0.05,2000,2000,0,0,0.043,0.004536022486716748,354.6025,1.0,0.002812128711131108,354.6025,-0.004134390385333363,
size,D_trp_power_law,in_spec,355,0.75,False,0.0,,1.0,cvm_cramer_von_mises,permutation,,0.05,2000,2000,0,0,0.044,0.0045860658521220555,354.6025,1.0,0.002812128711131108,354.6025,-0.004134390385333363,
size,D_trp_power_law,in_spec,355,0.75,False,0.03,,1.0,c1_lewis_robinson,asymptotic,,0.05,2000,2000,0,0,0.065,0.005512485827646181,360.9705,11.0,0.029572237583356743,360.9705,-0.0034744976529760595,
size,D_trp_power_law,in_spec,355,0.75,False,0.03,,1.0,c1_lewis_robinson,permutation,,0.05,2000,2000,0,0,0.0465,0.004708383480558906,360.9705,11.0,0.029572237583356743,360.9705,-0.0034744976529760595,
size,D_trp_power_law,in_spec,355,0.75,False,0.03,,1.0,c2_anderson_darling,permutation,,0.05,2000,2000,0,0,0.048,0.0047799581588126895,360.9705,11.0,0.029572237583356743,360.9705,-0.0034744976529760595,
size,D_trp_power_law,in_spec,355,0.75,False,0.03,,1.0,c5_rank_autocorr,permutation,studentized,0.05,2000,2000,0,0,0.049,0.0048269555622566076,360.9705,11.0,0.029572237583356743,360.9705,-0.0034744976529760595,
size,D_trp_power_law,in_spec,355,0.75,False,0.03,,1.0,c5_rank_autocorr,permutation,unstudentized,0.05,2000,2000,0,0,0.0465,0.004708383480558906,360.9705,11.0,0.029572237583356743,360.9705,-0.0034744976529760595,
size,D_trp_power_law,in_spec,355,0.75,False,0.03,,1.0,c6_exchangeability,permutation,,0.05,2000,2000,0,0,0.0465,0.004708383480558906,360.9705,11.0,0.029572237583356743,360.9705,-0.0034744976529760595,
size,D_trp_power_law,in_spec,355,0.75,False,0.03,,1.0,cvm_cramer_von_mises,permutation,,0.05,2000,2000,0,0,0.048,0.0047799581588126895,360.9705,11.0,0.029572237583356743,360.9705,-0.0034744976529760595,
size,D_trp_power_law,in_spec,355,0.75,False,0.25,,1.0,c1_lewis_robinson,asymptotic,,0.05,2000,2000,0,0,0.7,0.010246950765959599,380.4715,65.7715,0.14738942683694758,380.4715,-0.03425608069757293,
size,D_trp_power_law,in_spec,355,0.75,False,0.25,,1.0,c1_lewis_robinson,permutation,,0.05,2000,2000,0,0,0.0465,0.004708383480558906,380.4715,65.7715,0.14738942683694758,380.4715,-0.03425608069757293,
size,D_trp_power_law,in_spec,355,0.75,False,0.25,,1.0,c2_anderson_darling,permutation,,0.05,2000,2000,0,0,0.056,0.005141206084179081,380.4715,65.7715,0.14738942683694758,380.4715,-0.03425608069757293,
size,D_trp_power_law,in_spec,355,0.75,False,0.25,,1.0,c5_rank_autocorr,permutation,studentized,0.05,2000,2000,0,0,0.0525,0.004987171041783107,380.4715,65.7715,0.14738942683694758,380.4715,-0.03425608069757293,
size,D_trp_power_law,in_spec,355,0.75,False,0.25,,1.0,c5_rank_autocorr,permutation,unstudentized,0.05,2000,2000,0,0,0.051,0.004919298730510275,380.4715,65.7715,0.14738942683694758,380.4715,-0.03425608069757293,
size,D_trp_power_law,in_spec,355,0.75,False,0.25,,1.0,c6_exchangeability,permutation,,0.05,2000,2000,0,0,0.055,0.005097793640389928,380.4715,65.7715,0.14738942683694758,380.4715,-0.03425608069757293,
size,D_trp_power_law,in_spec,355,0.75,False,0.25,,1.0,cvm_cramer_von_mises,permutation,,0.05,2000,2000,0,0,0.0595,0.005289600646551685,380.4715,65.7715,0.14738942683694758,380.4715,-0.03425608069757293,
size,E_copula_ar1_durations,in_spec,355,0.75,False,0.0,0.0,,c1_lewis_robinson,asymptotic,,0.05,2000,2000,0,0,0.054,0.005053909377897471,355.2845,1.0,0.002806745732693957,355.2845,-0.004921309611429699,
size,E_copula_ar1_durations,in_spec,355,0.75,False,0.0,0.0,,c1_lewis_robinson,permutation,,0.05,2000,2000,0,0,0.055,0.005097793640389928,355.2845,1.0,0.002806745732693957,355.2845,-0.004921309611429699,
size,E_copula_ar1_durations,in_spec,355,0.75,False,0.0,0.0,,c2_anderson_darling,asymptotic,,0.05,2000,2000,0,0,0.053,0.005009540897128199,355.2845,1.0,0.002806745732693957,355.2845,-0.004921309611429699,
size,E_copula_ar1_durations,in_spec,355,0.75,False,0.0,0.0,,c2_anderson_darling,permutation,,0.05,2000,2000,0,0,0.0545,0.005075911248239078,355.2845,1.0,0.002806745732693957,355.2845,-0.004921309611429699,
size,E_copula_ar1_durations,in_spec,355,0.75,False,0.0,0.0,,c5_rank_autocorr,permutation,studentized,0.05,2000,2000,0,0,0.0475,0.004756245893559331,355.2845,1.0,0.002806745732693957,355.2845,-0.004921309611429699,
size,E_copula_ar1_durations,in_spec,355,0.75,False,0.0,0.0,,c5_rank_autocorr,permutation,unstudentized,0.05,2000,2000,0,0,0.046,0.00468422885862764,355.2845,1.0,0.002806745732693957,355.2845,-0.004921309611429699,
size,E_copula_ar1_durations,in_spec,355,0.75,False,0.0,0.0,,c6_exchangeability,permutation,,0.05,2000,2000,0,0,0.059,0.0052687284993630104,355.2845,1.0,0.002806745732693957,355.2845,-0.004921309611429699,
size,E_copula_ar1_durations,in_spec,355,0.75,False,0.0,0.0,,cvm_cramer_von_mises,asymptotic,,0.05,2000,2000,0,0,0.0515,0.004942051699446294,355.2845,1.0,0.002806745732693957,355.2845,-0.004921309611429699,
size,E_copula_ar1_durations,in_spec,355,0.75,False,0.0,0.0,,cvm_cramer_von_mises,permutation,,0.05,2000,2000,0,0,0.053,0.005009540897128199,355.2845,1.0,0.002806745732693957,355.2845,-0.004921309611429699,
size,A_iid_weibull,in_spec,355,1.5,False,0.0,,,c1_lewis_robinson,asymptotic,,0.05,2000,2000,0,0,0.052,0.004964675215963275,354.693,1.0,0.002811413213079819,354.693,-0.002671996164667943,
size,A_iid_weibull,in_spec,355,1.5,False,0.0,,,c1_lewis_robinson,permutation,,0.05,2000,2000,0,0,0.049,0.0048269555622566076,354.693,1.0,0.002811413213079819,354.693,-0.002671996164667943,
size,A_iid_weibull,in_spec,355,1.5,False,0.0,,,c2_anderson_darling,asymptotic,,0.05,2000,2000,0,0,0.053,0.005009540897128199,354.693,1.0,0.002811413213079819,354.693,-0.002671996164667943,
size,A_iid_weibull,in_spec,355,1.5,False,0.0,,,c2_anderson_darling,permutation,,0.05,2000,2000,0,0,0.051,0.004919298730510275,354.693,1.0,0.002811413213079819,354.693,-0.002671996164667943,
size,A_iid_weibull,in_spec,355,1.5,False,0.0,,,c5_rank_autocorr,permutation,studentized,0.05,2000,2000,0,0,0.041,0.004433903472111228,354.693,1.0,0.002811413213079819,354.693,-0.002671996164667943,
size,A_iid_weibull,in_spec,355,1.5,False,0.0,,,c5_rank_autocorr,permutation,unstudentized,0.05,2000,2000,0,0,0.0395,0.00435544199823623,354.693,1.0,0.002811413213079819,354.693,-0.002671996164667943,
size,A_iid_weibull,in_spec,355,1.5,False,0.0,,,c6_exchangeability,permutation,,0.05,2000,2000,0,0,0.0485,0.004803527349771208,354.693,1.0,0.002811413213079819,354.693,-0.002671996164667943,
size,A_iid_weibull,in_spec,355,1.5,False,0.0,,,cvm_cramer_von_mises,asymptotic,,0.05,2000,2000,0,0,0.0545,0.005075911248239078,354.693,1.0,0.002811413213079819,354.693,-0.002671996164667943,
size,A_iid_weibull,in_spec,355,1.5,False,0.0,,,cvm_cramer_von_mises,permutation,,0.05,2000,2000,0,0,0.054,0.005053909377897471,354.693,1.0,0.002811413213079819,354.693,-0.002671996164667943,
size,A_iid_weibull,in_spec,355,1.5,False,0.03,,,c1_lewis_robinson,asymptotic,,0.05,2000,2000,0,0,0.065,0.005512485827646181,351.9505,11.0,0.030307163097998215,351.9505,-0.004306351945916186,
size,A_iid_weibull,in_spec,355,1.5,False,0.03,,,c1_lewis_robinson,permutation,,0.05,2000,2000,0,0,0.0395,0.00435544199823623,351.9505,11.0,0.030307163097998215,351.9505,-0.004306351945916186,
size,A_iid_weibull,in_spec,355,1.5,False,0.03,,,c2_anderson_darling,permutation,,0.05,2000,2000,0,0,0.048,0.0047799581588126895,351.9505,11.0,0.030307163097998215,351.9505,-0.004306351945916186,
size,A_iid_weibull,in_spec,355,1.5,False,0.03,,,c5_rank_autocorr,permutation,studentized,0.05,2000,2000,0,0,0.0535,0.005031786462082826,351.9505,11.0,0.030307163097998215,351.9505,-0.004306351945916186,
size,A_iid_weibull,in_spec,355,1.5,False,0.03,,,c5_rank_autocorr,permutation,unstudentized,0.05,2000,2000,0,0,0.0555,0.005119558086397693,351.9505,11.0,0.030307163097998215,351.9505,-0.004306351945916186,
size,A_iid_weibull,in_spec,355,1.5,False,0.03,,,c6_exchangeability,permutation,,0.05,2000,2000,0,0,0.059,0.0052687284993630104,351.9505,11.0,0.030307163097998215,351.9505,-0.004306351945916186,
size,A_iid_weibull,in_spec,355,1.5,False,0.03,,,cvm_cramer_von_mises,permutation,,0.05,2000,2000,0,0,0.052,0.004964675215963275,351.9505,11.0,0.030307163097998215,351.9505,-0.004306351945916186,
size,A_iid_weibull,in_spec,355,1.5,False,0.25,,,c1_lewis_robinson,asymptotic,,0.05,2000,2000,0,0,0.8625,0.007700446415630719,335.588,70.5715,0.1737531683981293,335.588,-0.024902174995178772,
size,A_iid_weibull,in_spec,355,1.5,False,0.25,,,c1_lewis_robinson,permutation,,0.05,2000,2000,0,0,0.0435,0.004561126505590478,335.588,70.5715,0.1737531683981293,335.588,-0.024902174995178772,
size,A_iid_weibull,in_spec,355,1.5,False,0.25,,,c2_anderson_darling,permutation,,0.05,2000,2000,0,0,0.0515,0.004942051699446294,335.588,70.5715,0.1737531683981293,335.588,-0.024902174995178772,
size,A_iid_weibull,in_spec,355,1.5,False,0.25,,,c5_rank_autocorr,permutation,studentized,0.05,2000,2000,0,0,0.0515,0.004942051699446294,335.588,70.5715,0.1737531683981293,335.588,-0.024902174995178772,
size,A_iid_weibull,in_spec,355,1.5,False,0.25,,,c5_rank_autocorr,permutation,unstudentized,0.05,2000,2000,0,0,0.0435,0.004561126505590478,335.588,70.5715,0.1737531683981293,335.588,-0.024902174995178772,
size,A_iid_weibull,in_spec,355,1.5,False,0.25,,,c6_exchangeability,permutation,,0.05,2000,2000,0,0,0.0485,0.004803527349771208,335.588,70.5715,0.1737531683981293,335.588,-0.024902174995178772,
size,A_iid_weibull,in_spec,355,1.5,False,0.25,,,cvm_cramer_von_mises,permutation,,0.05,2000,2000,0,0,0.0485,0.004803527349771208,335.588,70.5715,0.1737531683981293,335.588,-0.024902174995178772,
size,A_iid_weibull,in_spec,355,1.5,True,0.0,,,c1_lewis_robinson,asymptotic,,0.05,2000,2000,0,0,0.051,0.004919298730510275,303.772,1.0,0.0032811413121940337,11.0525,-0.0038795920704021232,
size,A_iid_weibull,in_spec,355,1.5,True,0.0,,,c1_lewis_robinson,permutation,,0.05,2000,2000,0,0,0.0515,0.004942051699446294,303.772,1.0,0.0032811413121940337,11.0525,-0.0038795920704021232,
size,A_iid_weibull,in_spec,355,1.5,True,0.0,,,c2_anderson_darling,asymptotic,,0.05,2000,2000,0,0,0.0525,0.004987171041783107,303.772,1.0,0.0032811413121940337,11.0525,-0.0038795920704021232,
size,A_iid_weibull,in_spec,355,1.5,True,0.0,,,c2_anderson_darling,permutation,,0.05,2000,2000,0,0,0.051,0.004919298730510275,303.772,1.0,0.0032811413121940337,11.0525,-0.0038795920704021232,
size,A_iid_weibull,in_spec,355,1.5,True,0.0,,,c5_rank_autocorr,permutation,studentized,0.05,2000,2000,0,0,0.042,0.004485309353879618,303.772,1.0,0.0032811413121940337,11.0525,-0.0038795920704021232,
size,A_iid_weibull,in_spec,355,1.5,True,0.0,,,c5_rank_autocorr,permutation,unstudentized,0.05,2000,2000,0,0,0.04,0.004381780460041329,303.772,1.0,0.0032811413121940337,11.0525,-0.0038795920704021232,
size,A_iid_weibull,in_spec,355,1.5,True,0.0,,,c6_exchangeability,permutation,,0.05,2000,2000,0,0,0.0475,0.004756245893559331,303.772,1.0,0.0032811413121940337,11.0525,-0.0038795920704021232,
size,A_iid_weibull,in_spec,355,1.5,True,0.0,,,cvm_cramer_von_mises,asymptotic,,0.05,2000,2000,0,0,0.0515,0.004942051699446294,303.772,1.0,0.0032811413121940337,11.0525,-0.0038795920704021232,
size,A_iid_weibull,in_spec,355,1.5,True,0.0,,,cvm_cramer_von_mises,permutation,,0.05,2000,2000,0,0,0.048,0.0047799581588126895,303.772,1.0,0.0032811413121940337,11.0525,-0.0038795920704021232,
size,A_iid_weibull,in_spec,355,1.5,True,0.03,,,c1_lewis_robinson,asymptotic,,0.05,2000,2000,0,0,0.103,0.0067967271535644275,301.7435,11.0,0.03517259351513301,10.963,-0.0034022156553509767,
size,A_iid_weibull,in_spec,355,1.5,True,0.03,,,c1_lewis_robinson,permutation,,0.05,2000,2000,0,0,0.045,0.004635461142108733,301.7435,11.0,0.03517259351513301,10.963,-0.0034022156553509767,
size,A_iid_weibull,in_spec,355,1.5,True,0.03,,,c2_anderson_darling,permutation,,0.05,2000,2000,0,0,0.0485,0.004803527349771208,301.7435,11.0,0.03517259351513301,10.963,-0.0034022156553509767,
size,A_iid_weibull,in_spec,355,1.5,True,0.03,,,c5_rank_autocorr,permutation,studentized,0.05,2000,2000,0,0,0.0455,0.004659922209651144,301.7435,11.0,0.03517259351513301,10.963,-0.0034022156553509767,
size,A_iid_weibull,in_spec,355,1.5,True,0.03,,,c5_rank_autocorr,permutation,unstudentized,0.05,2000,2000,0,0,0.0465,0.004708383480558906,301.7435,11.0,0.03517259351513301,10.963,-0.0034022156553509767,
size,A_iid_weibull,in_spec,355,1.5,True,0.03,,,c6_exchangeability,permutation,,0.05,2000,2000,0,0,0.0415,0.004459694496263169,301.7435,11.0,0.03517259351513301,10.963,-0.0034022156553509767,
size,A_iid_weibull,in_spec,355,1.5,True,0.03,,,cvm_cramer_von_mises,permutation,,0.05,2000,2000,0,0,0.048,0.0047799581588126895,301.7435,11.0,0.03517259351513301,10.963,-0.0034022156553509767,
size,A_iid_weibull,in_spec,355,1.5,True,0.25,,,c1_lewis_robinson,asymptotic,,0.05,2000,819,1181,0,0.9731379731379731,0.005649560300879445,291.85958485958486,70.36996336996337,0.19426897588533906,9.921855921855922,-0.02817955737408433,"ValueError: gamma_hat is zero: every gap is identical, so the statistic it scales is undefined. A fully quantised duration vector (every window one read long) r"
size,A_iid_weibull,in_spec,355,1.5,True,0.25,,,c1_lewis_robinson,permutation,,0.05,2000,819,1181,0,0.042735042735042736,0.007067506244399342,291.85958485958486,70.36996336996337,0.19426897588533906,9.921855921855922,-0.02817955737408433,"ValueError: gamma_hat is zero: every gap is identical, so the statistic it scales is undefined. A fully quantised duration vector (every window one read long) r"
size,A_iid_weibull,in_spec,355,1.5,True,0.25,,,c2_anderson_darling,permutation,,0.05,2000,819,1181,0,0.040293040293040296,0.006871355061924651,291.85958485958486,70.36996336996337,0.19426897588533906,9.921855921855922,-0.02817955737408433,"ValueError: gamma_hat is zero: every gap is identical, so the statistic it scales is undefined. A fully quantised duration vector (every window one read long) r"
size,A_iid_weibull,in_spec,355,1.5,True,0.25,,,c5_rank_autocorr,permutation,studentized,0.05,2000,819,1181,0,0.042735042735042736,0.007067506244399342,291.85958485958486,70.36996336996337,0.19426897588533906,9.921855921855922,-0.02817955737408433,"ValueError: gamma_hat is zero: every gap is identical, so the statistic it scales is undefined. A fully quantised duration vector (every window one read long) r"
size,A_iid_weibull,in_spec,355,1.5,True,0.25,,,c5_rank_autocorr,permutation,unstudentized,0.05,2000,819,1181,0,0.0463980463980464,0.007350069786823356,291.85958485958486,70.36996336996337,0.19426897588533906,9.921855921855922,-0.02817955737408433,"ValueError: gamma_hat is zero: every gap is identical, so the statistic it scales is undefined. A fully quantised duration vector (every window one read long) r"
size,A_iid_weibull,in_spec,355,1.5,True,0.25,,,c6_exchangeability,permutation,,0.05,2000,819,1181,0,0.0463980463980464,0.007350069786823356,291.85958485958486,70.36996336996337,0.19426897588533906,9.921855921855922,-0.02817955737408433,"ValueError: gamma_hat is zero: every gap is identical, so the statistic it scales is undefined. A fully quantised duration vector (every window one read long) r"
size,A_iid_weibull,in_spec,355,1.5,True,0.25,,,cvm_cramer_von_mises,permutation,,0.05,2000,819,1181,0,0.04884004884004884,0.007531350712343736,291.85958485958486,70.36996336996337,0.19426897588533906,9.921855921855922,-0.02817955737408433,"ValueError: gamma_hat is zero: every gap is identical, so the statistic it scales is undefined. A fully quantised duration vector (every window one read long) r"
size,D_trp_power_law,in_spec,355,1.5,False,0.0,,1.0,c1_lewis_robinson,asymptotic,,0.05,2000,2000,0,0,0.0535,0.005031786462082826,355.0195,1.0,0.002808834909323787,355.0195,-0.00297502060712137,
size,D_trp_power_law,in_spec,355,1.5,False,0.0,,1.0,c1_lewis_robinson,permutation,,0.05,2000,2000,0,0,0.0495,0.004850244839180801,355.0195,1.0,0.002808834909323787,355.0195,-0.00297502060712137,
size,D_trp_power_law,in_spec,355,1.5,False,0.0,,1.0,c2_anderson_darling,asymptotic,,0.05,2000,2000,0,0,0.0535,0.005031786462082826,355.0195,1.0,0.002808834909323787,355.0195,-0.00297502060712137,
size,D_trp_power_law,in_spec,355,1.5,False,0.0,,1.0,c2_anderson_darling,permutation,,0.05,2000,2000,0,0,0.0505,0.00489641450451246,355.0195,1.0,0.002808834909323787,355.0195,-0.00297502060712137,
size,D_trp_power_law,in_spec,355,1.5,False,0.0,,1.0,c5_rank_autocorr,permutation,studentized,0.05,2000,2000,0,0,0.044,0.0045860658521220555,355.0195,1.0,0.002808834909323787,355.0195,-0.00297502060712137,
size,D_trp_power_law,in_spec,355,1.5,False,0.0,,1.0,c5_rank_autocorr,permutation,unstudentized,0.05,2000,2000,0,0,0.0465,0.004708383480558906,355.0195,1.0,0.002808834909323787,355.0195,-0.00297502060712137,
size,D_trp_power_law,in_spec,355,1.5,False,0.0,,1.0,c6_exchangeability,permutation,,0.05,2000,2000,0,0,0.051,0.004919298730510275,355.0195,1.0,0.002808834909323787,355.0195,-0.00297502060712137,
size,D_trp_power_law,in_spec,355,1.5,False,0.0,,1.0,cvm_cramer_von_mises,asymptotic,,0.05,2000,2000,0,0,0.054,0.005053909377897471,355.0195,1.0,0.002808834909323787,355.0195,-0.00297502060712137,
size,D_trp_power_law,in_spec,355,1.5,False,0.0,,1.0,cvm_cramer_von_mises,permutation,,0.05,2000,2000,0,0,0.0515,0.004942051699446294,355.0195,1.0,0.002808834909323787,355.0195,-0.00297502060712137,
size,D_trp_power_law,in_spec,355,1.5,False,0.03,,1.0,c1_lewis_robinson,asymptotic,,0.05,2000,2000,0,0,0.072,0.005779965397820302,352.3325,11.0,0.030275298796556875,352.3325,-0.0038805710804181172,
size,D_trp_power_law,in_spec,355,1.5,False,0.03,,1.0,c1_lewis_robinson,permutation,,0.05,2000,2000,0,0,0.048,0.0047799581588126895,352.3325,11.0,0.030275298796556875,352.3325,-0.0038805710804181172,
size,D_trp_power_law,in_spec,355,1.5,False,0.03,,1.0,c2_anderson_darling,permutation,,0.05,2000,2000,0,0,0.046,0.00468422885862764,352.3325,11.0,0.030275298796556875,352.3325,-0.0038805710804181172,
size,D_trp_power_law,in_spec,355,1.5,False,0.03,,1.0,c5_rank_autocorr,permutation,studentized,0.05,2000,2000,0,0,0.0515,0.004942051699446294,352.3325,11.0,0.030275298796556875,352.3325,-0.0038805710804181172,
size,D_trp_power_law,in_spec,355,1.5,False,0.03,,1.0,c5_rank_autocorr,permutation,unstudentized,0.05,2000,2000,0,0,0.0525,0.004987171041783107,352.3325,11.0,0.030275298796556875,352.3325,-0.0038805710804181172,
size,D_trp_power_law,in_spec,355,1.5,False,0.03,,1.0,c6_exchangeability,permutation,,0.05,2000,2000,0,0,0.0555,0.005119558086397693,352.3325,11.0,0.030275298796556875,352.3325,-0.0038805710804181172,
size,D_trp_power_law,in_spec,355,1.5,False,0.03,,1.0,cvm_cramer_von_mises,permutation,,0.05,2000,2000,0,0,0.047,0.00473238840333293,352.3325,11.0,0.030275298796556875,352.3325,-0.0038805710804181172,
size,D_trp_power_law,in_spec,355,1.5,False,0.25,,1.0,c1_lewis_robinson,asymptotic,,0.05,2000,2000,0,0,0.8695,0.00753225563825339,335.043,70.5535,0.1739499724479871,335.043,-0.02426211065229876,
size,D_trp_power_law,in_spec,355,1.5,False,0.25,,1.0,c1_lewis_robinson,permutation,,0.05,2000,2000,0,0,0.044,0.0045860658521220555,335.043,70.5535,0.1739499724479871,335.043,-0.02426211065229876,
size,D_trp_power_law,in_spec,355,1.5,False,0.25,,1.0,c2_anderson_darling,permutation,,0.05,2000,2000,0,0,0.044,0.0045860658521220555,335.043,70.5535,0.1739499724479871,335.043,-0.02426211065229876,
size,D_trp_power_law,in_spec,355,1.5,False,0.25,,1.0,c5_rank_autocorr,permutation,studentized,0.05,2000,2000,0,0,0.0515,0.004942051699446294,335.043,70.5535,0.1739499724479871,335.043,-0.02426211065229876,
size,D_trp_power_law,in_spec,355,1.5,False,0.25,,1.0,c5_rank_autocorr,permutation,unstudentized,0.05,2000,2000,0,0,0.046,0.00468422885862764,335.043,70.5535,0.1739499724479871,335.043,-0.02426211065229876,
size,D_trp_power_law,in_spec,355,1.5,False,0.25,,1.0,c6_exchangeability,permutation,,0.05,2000,2000,0,0,0.0455,0.004659922209651144,335.043,70.5535,0.1739499724479871,335.043,-0.02426211065229876,
size,D_trp_power_law,in_spec,355,1.5,False,0.25,,1.0,cvm_cramer_von_mises,permutation,,0.05,2000,2000,0,0,0.043,0.004536022486716748,335.043,70.5535,0.1739499724479871,335.043,-0.02426211065229876,
size,E_copula_ar1_durations,in_spec,355,1.5,False,0.0,0.0,,c1_lewis_robinson,asymptotic,,0.05,2000,2000,0,0,0.058,0.0052266624149642565,354.5345,1.0,0.002812666562598004,354.5345,-0.0018462963824058918,
size,E_copula_ar1_durations,in_spec,355,1.5,False,0.0,0.0,,c1_lewis_robinson,permutation,,0.05,2000,2000,0,0,0.0555,0.005119558086397693,354.5345,1.0,0.002812666562598004,354.5345,-0.0018462963824058918,
size,E_copula_ar1_durations,in_spec,355,1.5,False,0.0,0.0,,c2_anderson_darling,asymptotic,,0.05,2000,2000,0,0,0.059,0.0052687284993630104,354.5345,1.0,0.002812666562598004,354.5345,-0.0018462963824058918,
size,E_copula_ar1_durations,in_spec,355,1.5,False,0.0,0.0,,c2_anderson_darling,permutation,,0.05,2000,2000,0,0,0.0555,0.005119558086397693,354.5345,1.0,0.002812666562598004,354.5345,-0.0018462963824058918,
size,E_copula_ar1_durations,in_spec,355,1.5,False,0.0,0.0,,c5_rank_autocorr,permutation,studentized,0.05,2000,2000,0,0,0.0595,0.005289600646551685,354.5345,1.0,0.002812666562598004,354.5345,-0.0018462963824058918,
size,E_copula_ar1_durations,in_spec,355,1.5,False,0.0,0.0,,c5_rank_autocorr,permutation,unstudentized,0.05,2000,2000,0,0,0.0565,0.005162739098579358,354.5345,1.0,0.002812666562598004,354.5345,-0.0018462963824058918,
size,E_copula_ar1_durations,in_spec,355,1.5,False,0.0,0.0,,c6_exchangeability,permutation,,0.05,2000,2000,0,0,0.056,0.005141206084179081,354.5345,1.0,0.002812666562598004,354.5345,-0.0018462963824058918,
size,E_copula_ar1_durations,in_spec,355,1.5,False,0.0,0.0,,cvm_cramer_von_mises,asymptotic,,0.05,2000,2000,0,0,0.053,0.005009540897128199,354.5345,1.0,0.002812666562598004,354.5345,-0.0018462963824058918,
size,E_copula_ar1_durations,in_spec,355,1.5,False,0.0,0.0,,cvm_cramer_von_mises,permutation,,0.05,2000,2000,0,0,0.0525,0.004987171041783107,354.5345,1.0,0.002812666562598004,354.5345,-0.0018462963824058918,
size,B_iid_reads_carved,calendar,355,,False,0.0,,,c1_lewis_robinson,asymptotic,,0.05,2000,2000,0,0,0.047,0.00473238840333293,356.5425,1.0,0.0027968703021319145,11.323,-0.0023857768128320196,
size,B_iid_reads_carved,calendar,355,,False,0.0,,,c1_lewis_robinson,permutation,,0.05,2000,2000,0,0,0.045,0.004635461142108733,356.5425,1.0,0.0027968703021319145,11.323,-0.0023857768128320196,
size,B_iid_reads_carved,calendar,355,,False,0.0,,,c2_anderson_darling,asymptotic,,0.05,2000,2000,0,0,0.0475,0.004756245893559331,356.5425,1.0,0.0027968703021319145,11.323,-0.0023857768128320196,
size,B_iid_reads_carved,calendar,355,,False,0.0,,,c2_anderson_darling,permutation,,0.05,2000,2000,0,0,0.0475,0.004756245893559331,356.5425,1.0,0.0027968703021319145,11.323,-0.0023857768128320196,
size,B_iid_reads_carved,calendar,355,,False,0.0,,,c5_rank_autocorr,permutation,studentized,0.05,2000,2000,0,0,0.0585,0.0052477495176503994,356.5425,1.0,0.0027968703021319145,11.323,-0.0023857768128320196,
size,B_iid_reads_carved,calendar,355,,False,0.0,,,c5_rank_autocorr,permutation,unstudentized,0.05,2000,2000,0,0,0.0585,0.0052477495176503994,356.5425,1.0,0.0027968703021319145,11.323,-0.0023857768128320196,
size,B_iid_reads_carved,calendar,355,,False,0.0,,,c6_exchangeability,permutation,,0.05,2000,2000,0,0,0.06,0.0053103672189407005,356.5425,1.0,0.0027968703021319145,11.323,-0.0023857768128320196,
size,B_iid_reads_carved,calendar,355,,False,0.0,,,cvm_cramer_von_mises,asymptotic,,0.05,2000,2000,0,0,0.0465,0.004708383480558906,356.5425,1.0,0.0027968703021319145,11.323,-0.0023857768128320196,
size,B_iid_reads_carved,calendar,355,,False,0.0,,,cvm_cramer_von_mises,permutation,,0.05,2000,2000,0,0,0.043,0.004536022486716748,356.5425,1.0,0.0027968703021319145,11.323,-0.0023857768128320196,
size,B_iid_reads_carved,in_spec,355,,False,0.0,,,c5_rank_autocorr,permutation,studentized,0.05,2000,2000,0,0,0.0585,0.0052477495176503994,356.712,1.0,0.0027955450194569933,8.8045,-0.00016338733970406016,
size,B_iid_reads_carved,in_spec,355,,False,0.0,,,c5_rank_autocorr,permutation,unstudentized,0.05,2000,2000,0,0,0.0605,0.005331029450303197,356.712,1.0,0.0027955450194569933,8.8045,-0.00016338733970406016,
size,B_iid_reads_carved,in_spec,355,,False,0.0,,,c6_exchangeability,permutation,,0.05,2000,2000,0,0,0.051,0.004919298730510275,356.712,1.0,0.0027955450194569933,8.8045,-0.00016338733970406016,
size,B_iid_reads_carved,in_spec,355,,False,0.0,,,cvm_cramer_von_mises,permutation,,0.05,2000,2000,0,0,0.05,0.004873397172404482,356.712,1.0,0.0027955450194569933,8.8045,-0.00016338733970406016,
size,C_ar1_reads_carved,calendar,355,,False,0.0,0.0,,c1_lewis_robinson,asymptotic,,0.05,2000,2000,0,0,0.052,0.004964675215963275,356.6425,1.0,0.002796088272506763,11.3325,-0.002120695130217316,
size,C_ar1_reads_carved,calendar,355,,False,0.0,0.0,,c1_lewis_robinson,permutation,,0.05,2000,2000,0,0,0.0505,0.00489641450451246,356.6425,1.0,0.002796088272506763,11.3325,-0.002120695130217316,
size,C_ar1_reads_carved,calendar,355,,False,0.0,0.0,,c2_anderson_darling,asymptotic,,0.05,2000,2000,0,0,0.049,0.0048269555622566076,356.6425,1.0,0.002796088272506763,11.3325,-0.002120695130217316,
size,C_ar1_reads_carved,calendar,355,,False,0.0,0.0,,c2_anderson_darling,permutation,,0.05,2000,2000,0,0,0.048,0.0047799581588126895,356.6425,1.0,0.002796088272506763,11.3325,-0.002120695130217316,
size,C_ar1_reads_carved,calendar,355,,False,0.0,0.0,,c5_rank_autocorr,permutation,studentized,0.05,2000,2000,0,0,0.045,0.004635461142108733,356.6425,1.0,0.002796088272506763,11.3325,-0.002120695130217316,
size,C_ar1_reads_carved,calendar,355,,False,0.0,0.0,,c5_rank_autocorr,permutation,unstudentized,0.05,2000,2000,0,0,0.046,0.00468422885862764,356.6425,1.0,0.002796088272506763,11.3325,-0.002120695130217316,
size,C_ar1_reads_carved,calendar,355,,False,0.0,0.0,,c6_exchangeability,permutation,,0.05,2000,2000,0,0,0.048,0.0047799581588126895,356.6425,1.0,0.002796088272506763,11.3325,-0.002120695130217316,
size,C_ar1_reads_carved,calendar,355,,False,0.0,0.0,,cvm_cramer_von_mises,asymptotic,,0.05,2000,2000,0,0,0.0505,0.00489641450451246,356.6425,1.0,0.002796088272506763,11.3325,-0.002120695130217316,
size,C_ar1_reads_carved,calendar,355,,False,0.0,0.0,,cvm_cramer_von_mises,permutation,,0.05,2000,2000,0,0,0.048,0.0047799581588126895,356.6425,1.0,0.002796088272506763,11.3325,-0.002120695130217316,
size,C_ar1_reads_carved,in_spec,355,,False,0.0,0.0,,c5_rank_autocorr,permutation,studentized,0.05,2000,2000,0,0,0.0545,0.005075911248239078,357.3345,1.0,0.0027906885884557584,8.773,-0.00528029528725208,
size,C_ar1_reads_carved,in_spec,355,,False,0.0,0.0,,c5_rank_autocorr,permutation,unstudentized,0.05,2000,2000,0,0,0.0515,0.004942051699446294,357.3345,1.0,0.0027906885884557584,8.773,-0.00528029528725208,
size,C_ar1_reads_carved,in_spec,355,,False,0.0,0.0,,c6_exchangeability,permutation,,0.05,2000,2000,0,0,0.0455,0.004659922209651144,357.3345,1.0,0.0027906885884557584,8.773,-0.00528029528725208,
size,C_ar1_reads_carved,in_spec,355,,False,0.0,0.0,,cvm_cramer_von_mises,permutation,,0.05,2000,2000,0,0,0.052,0.004964675215963275,357.3345,1.0,0.0027906885884557584,8.773,-0.00528029528725208,
